Marque,Modele,Annee_modele,Km,Date_premiere_mise_en_circulation,Carburant,Boite_vitesse,Puissance,Critere_air,Couleur,Type_vehicule,Pays,Prix_neuf,Prix_occassion
Audi,Q5,2024,53285,2026-09-18,Essence,Automatique,110,Euro 6,Bleu,Monospace,Espagne,65000,63745.0
Tesla,Model X,2014,136632,2017-02-01,Diesel,Automatique,110,Euro 4,Bleu,Break,USA,120000,70167.0
Tesla,Model X,2016,90147,2019-04-02,Hybride,Manuelle,110,Euro 1,Gris,Crossover,Japon,120000,83147.0
Citroen,C5 Aircross,2013,101009,2014-03-18,Gaz,Manuelle,200,Euro 4,Gris,Crossover,Espagne,35000,21945.0
Toyota,Yaris,2018,173267,2021-04-17,Diesel,Automatique,110,Euro 5,Blanc,Berline,Italie,19000,14365.0
Volkswagen,Tiguan,2012,243649,2014-09-05,Gaz,Manuelle,110,Euro 4,Noir,SUV,Espagne,40000,17040.0
Mercedes,Classe C,2015,179915,2018-10-14,Diesel,Manuelle,110,Euro 5,Noir,SUV,France,55000,31416.0
Dacia,Duster,2006,17648,2009-08-28,Gaz,Manuelle,150,Euro 3,Noir,Monospace,France,19900,10305.0
Dacia,Duster,2008,110882,2010-01-22,Gaz,Manuelle,130,Euro 3,Rouge,SUV,France,19900,9307.0
Dacia,Spring,2010,231826,2012-11-19,Essence,Automatique,150,Euro 4,Bleu,Berline,Allemagne,22000,8575.0
Dacia,Spring,2007,118566,2010-09-27,Diesel,Manuelle,110,Euro 3,Blanc,Monospace,Japon,22000,8778.0
Tesla,Model S,2016,238186,2019-10-17,Essence,Manuelle,200,Euro 5,Blanc,Monospace,Espagne,95000,50880.0
Volkswagen,Golf,2017,198580,2018-05-18,Essence,Manuelle,90,Euro 5,Rouge,SUV,Italie,25000,14940.0
Hyundai,Tucson,2019,88307,2021-07-19,Electrique,Manuelle,110,Euro 1,Rouge,Monospace,USA,35000,31647.0
Ford,Fiesta,2014,30940,2016-06-02,Hybride,Automatique,90,Euro 1,Bleu,Monospace,USA,18000,16013.0
Tesla,Model X,2012,68801,2015-04-10,Gaz,Automatique,150,Euro 4,Bleu,Berline,USA,120000,72500.0
BMW,Serie 3,2009,99838,2011-10-28,Gaz,Automatique,110,Euro 3,Rouge,Break,USA,45000,22816.0
Citroen,C4,2007,56201,2007-11-26,Essence,Manuelle,90,Euro 3,Blanc,Monospace,France,24000,10516.0
Tesla,Model S,2009,104852,2011-12-21,Gaz,Automatique,110,Euro 3,Gris,Break,France,95000,44820.0
Hyundai,Tucson,2007,89632,2009-04-07,Diesel,Automatique,90,Euro 3,Rouge,Break,Allemagne,35000,15539.0
Mercedes,Classe A,2023,95438,2025-12-10,Essence,Automatique,110,Euro 6,Blanc,SUV,Japon,38000,35288.0
Kia,Ceed,2021,182927,2024-07-29,Electrique,Automatique,90,Euro 1,Bleu,Break,Allemagne,23000,22557.0
Tesla,Model 3,2019,184288,2020-11-08,Hybride,Manuelle,110,Euro 1,Blanc,SUV,Espagne,45000,32897.0
BMW,Serie 5,2007,74465,2010-03-26,Essence,Automatique,150,Euro 3,Rouge,SUV,USA,65000,28350.0
Toyota,Corolla,2020,76424,2022-03-31,Gaz,Automatique,90,Euro 6,Blanc,Break,USA,28000,26244.0
Renault,Clio,2014,116211,2016-02-20,Hybride,Manuelle,200,Euro 1,Rouge,Monospace,Allemagne,17000,12980.0
Audi,Q5,2016,247037,2016-11-24,Essence,Manuelle,90,Euro 5,Rouge,Break,France,65000,33748.0
Ford,Focus,2008,59163,2010-06-19,Essence,Automatique,130,Euro 3,Blanc,SUV,Italie,26000,13301.0
Toyota,RAV4,2009,19278,2012-07-07,Diesel,Automatique,90,Euro 3,Blanc,Crossover,Espagne,37000,21546.0
Kia,Sportage,2022,88592,2025-08-30,Electrique,Automatique,130,Euro 1,Bleu,Berline,Japon,34000,36378.0
Citroen,C4,2013,224526,2013-02-26,Diesel,Manuelle,90,Euro 4,Bleu,Monospace,Espagne,24000,11205.0
Kia,Ceed,2007,181981,2007-04-25,Essence,Manuelle,130,Euro 3,Gris,Monospace,Japon,23000,7223.0
Renault,Clio,2013,159953,2016-08-16,Diesel,Manuelle,110,Euro 4,Blanc,SUV,Espagne,17000,9412.0
Peugeot,5008,2005,31067,2005-06-27,Gaz,Automatique,110,Euro 3,Rouge,Berline,France,42000,18640.0
BMW,Serie 5,2007,20235,2009-11-09,Essence,Manuelle,130,Euro 3,Rouge,Crossover,France,65000,30691.0
Tesla,Model 3,2023,168378,2026-06-18,Gaz,Automatique,110,Euro 6,Bleu,Break,Japon,45000,40176.0
Hyundai,Tucson,2022,39091,2023-02-25,Gaz,Manuelle,150,Euro 6,Noir,Crossover,Italie,35000,34580.0
Hyundai,Tucson,2014,161074,2016-03-17,Gaz,Automatique,90,Euro 4,Noir,Monospace,Allemagne,35000,21276.0
Audi,A6,2007,236910,2009-02-03,Diesel,Manuelle,90,Euro 3,Gris,SUV,Japon,72000,18954.0
Renault,Megane,2018,24514,2019-05-30,Diesel,Manuelle,150,Euro 5,Noir,Crossover,Italie,25000,21200.0
Dacia,Duster,2012,176140,2015-01-05,Diesel,Automatique,90,Euro 4,Rouge,Crossover,France,19900,10716.0
Peugeot,308,2018,78478,2018-04-02,Hybride,Automatique,150,Euro 1,Noir,SUV,Allemagne,30000,27375.0
BMW,Serie 1,2013,236011,2016-07-02,Essence,Manuelle,200,Euro 4,Noir,Berline,Japon,35000,15840.0
Toyota,Hilux,2018,176946,2020-09-24,Gaz,Manuelle,150,Euro 5,Blanc,Monospace,USA,45000,31200.0
Toyota,RAV4,2013,37652,2013-06-04,Essence,Manuelle,90,Euro 4,Gris,Break,France,37000,23616.0
Ford,Fiesta,2019,53464,2021-09-29,Gaz,Manuelle,130,Euro 5,Gris,Crossover,USA,18000,16640.0
Mercedes,GLC,2021,244030,2024-01-08,Diesel,Automatique,90,Euro 6,Bleu,Crossover,Japon,85000,58893.0
Renault,Captur,2016,142887,2017-01-15,Hybride,Automatique,110,Euro 1,Gris,SUV,France,28000,21142.0
Volkswagen,Passat,2016,70144,2017-01-14,Gaz,Automatique,130,Euro 5,Gris,Crossover,Japon,36000,28152.0
Tesla,Model S,2015,205962,2017-07-19,Diesel,Manuelle,110,Euro 5,Blanc,Crossover,France,95000,50933.0
Tesla,Model 3,2023,103157,2023-04-06,Essence,Manuelle,200,Euro 6,Rouge,Monospace,Italie,45000,40020.0
Ford,Fiesta,2018,105028,2020-10-28,Essence,Manuelle,110,Euro 5,Blanc,SUV,France,18000,13032.0
Toyota,Hilux,2022,26810,2025-12-13,Electrique,Manuelle,90,Euro 1,Rouge,Berline,Japon,45000,46828.0
BMW,Serie 3,2022,127524,2022-03-18,Hybride,Manuelle,110,Euro 1,Noir,Monospace,Espagne,45000,40262.0
Toyota,RAV4,2022,28427,2022-08-07,Diesel,Automatique,110,Euro 6,Noir,Monospace,Japon,37000,36892.0
Tesla,Model S,2023,248226,2025-09-17,Hybride,Manuelle,150,Euro 1,Bleu,SUV,Italie,95000,72635.0
Citroen,C3,2013,93548,2014-08-15,Diesel,Automatique,90,Euro 4,Gris,Berline,USA,16000,10962.0
Renault,Captur,2010,111739,2011-12-16,Gaz,Automatique,150,Euro 4,Gris,Break,France,28000,15510.0
Dacia,Spring,2016,180729,2018-02-04,Diesel,Automatique,110,Euro 5,Blanc,SUV,Japon,22000,14558.0
BMW,Serie 3,2007,28106,2007-06-20,Gaz,Manuelle,110,Euro 3,Noir,Crossover,Italie,45000,22372.0
Audi,Q5,2006,183749,2008-04-14,Essence,Manuelle,150,Euro 3,Gris,Monospace,USA,65000,18340.0
Hyundai,i20,2016,164273,2017-06-09,Essence,Manuelle,90,Euro 5,Bleu,Crossover,Japon,19500,11640.0
Peugeot,5008,2022,88814,2025-06-14,Essence,Manuelle,130,Euro 6,Blanc,Break,Allemagne,42000,36378.0
Ford,Focus,2012,74872,2013-06-17,Hybride,Automatique,130,Euro 1,Bleu,Monospace,Espagne,26000,18411.0
Audi,A6,2009,230728,2011-09-27,Diesel,Automatique,110,Euro 3,Rouge,Berline,France,72000,24032.0
Renault,Captur,2016,203005,2017-11-21,Gaz,Manuelle,90,Euro 5,Blanc,Break,Espagne,28000,17024.0
Peugeot,308,2016,118147,2016-03-12,Essence,Manuelle,200,Euro 5,Noir,Crossover,Allemagne,30000,20150.0
Ford,Fiesta,2024,34821,2025-10-31,Diesel,Manuelle,90,Euro 6,Gris,Crossover,Espagne,18000,18333.0
BMW,X5,2007,110147,2008-07-16,Diesel,Automatique,150,Euro 3,Blanc,SUV,Italie,80000,31730.0
Ford,Fiesta,2016,206597,2018-03-15,Essence,Manuelle,130,Euro 5,Rouge,SUV,Allemagne,18000,10248.0
Tesla,Model X,2015,68381,2016-02-17,Hybride,Manuelle,130,Euro 1,Rouge,Monospace,Allemagne,120000,83281.0
Audi,A6,2021,62310,2023-05-29,Hybride,Manuelle,150,Euro 1,Noir,Berline,USA,72000,65025.0
Renault,Megane,2005,230627,2006-07-08,Gaz,Manuelle,90,Euro 3,Bleu,Crossover,Espagne,25000,5480.0
Kia,Sportage,2005,126497,2007-12-31,Essence,Manuelle,130,Euro 3,Blanc,Berline,Allemagne,34000,10633.0
Dacia,Sandero,2014,151398,2014-11-02,Essence,Manuelle,90,Euro 4,Rouge,Berline,USA,15900,8690.0
Audi,A4,2010,19101,2011-08-09,Essence,Manuelle,150,Euro 4,Bleu,Monospace,Espagne,48000,27645.0
Tesla,Model 3,2013,44901,2014-07-23,Gaz,Manuelle,90,Euro 4,Blanc,Break,USA,45000,29862.0
Tesla,Model S,2007,222975,2009-05-14,Gaz,Automatique,130,Euro 3,Blanc,SUV,USA,95000,26946.0
Citroen,C5 Aircross,2011,122687,2014-12-05,Hybride,Manuelle,150,Euro 1,Noir,Crossover,France,35000,19355.0
Renault,Talisman,2007,216739,2009-09-10,Diesel,Automatique,90,Euro 3,Gris,Monospace,Allemagne,40000,12012.0
Renault,Megane,2019,205865,2020-05-13,Hybride,Manuelle,90,Euro 1,Gris,SUV,France,25000,18785.0
Kia,Sportage,2014,200319,2017-11-12,Essence,Manuelle,90,Euro 4,Bleu,SUV,France,34000,16950.0
Volkswagen,Arteon,2020,124758,2022-01-01,Gaz,Manuelle,130,Euro 6,Gris,Crossover,Italie,48000,38608.0
Ford,Fiesta,2017,140020,2019-11-28,Essence,Manuelle,90,Euro 5,Gris,Crossover,Espagne,18000,11635.0
Audi,Q5,2006,206190,2008-05-30,Gaz,Automatique,90,Euro 3,Noir,Monospace,USA,65000,18044.0
Kia,Ceed,2009,151968,2009-04-08,Gaz,Automatique,130,Euro 3,Noir,SUV,France,23000,11120.0
Toyota,Corolla,2011,43866,2013-07-22,Diesel,Automatique,130,Euro 4,Blanc,Crossover,Allemagne,28000,17841.0
Mercedes,Classe A,2020,19490,2021-12-23,Diesel,Manuelle,150,Euro 6,Rouge,SUV,USA,38000,34365.0
Citroen,C4,2014,205559,2015-05-14,Gaz,Manuelle,200,Euro 4,Gris,Break,Allemagne,24000,13750.0
BMW,X5,2006,249743,2009-10-01,Diesel,Automatique,110,Euro 3,Bleu,Monospace,Japon,80000,18282.0
Renault,Megane,2021,144029,2024-09-18,Diesel,Automatique,150,Euro 6,Noir,Break,Allemagne,25000,21945.0
Citroen,C4,2022,144572,2022-02-26,Electrique,Automatique,130,Euro 1,Rouge,SUV,Espagne,24000,25840.0
Peugeot,308,2015,13111,2018-10-31,Hybride,Automatique,90,Euro 1,Bleu,Berline,USA,30000,25848.0
Dacia,Sandero,2014,125644,2014-01-29,Essence,Automatique,110,Euro 4,Gris,Monospace,Italie,15900,10440.0
Tesla,Model X,2019,10689,2022-01-25,Diesel,Manuelle,110,Euro 5,Gris,Berline,Italie,120000,101724.0
Dacia,Duster,2010,131068,2011-05-30,Hybride,Manuelle,130,Euro 1,Blanc,Monospace,France,19900,10890.0
Renault,Megane,2015,102208,2015-08-12,Hybride,Automatique,90,Euro 1,Noir,Break,Allemagne,25000,19467.0
Volkswagen,Golf,2018,186940,2021-10-11,Diesel,Manuelle,90,Euro 5,Rouge,Monospace,USA,25000,16576.0
Peugeot,3008,2005,117819,2006-04-06,Gaz,Manuelle,200,Euro 3,Bleu,SUV,Allemagne,35000,12320.0
Audi,Q5,2019,40723,2022-04-13,Hybride,Manuelle,200,Euro 1,Blanc,Monospace,USA,65000,56700.0
BMW,Serie 3,2022,112007,2025-10-07,Diesel,Automatique,150,Euro 6,Gris,Monospace,Japon,45000,40255.0
Kia,Sportage,2019,30949,2021-07-24,Essence,Automatique,110,Euro 5,Rouge,SUV,Italie,34000,29602.0
Citroen,C4,2014,126008,2017-09-15,Gaz,Automatique,150,Euro 4,Noir,SUV,Allemagne,24000,16820.0
Renault,Captur,2007,52342,2008-04-18,Gaz,Manuelle,110,Euro 3,Blanc,Monospace,Espagne,28000,13464.0
Renault,Megane,2007,245913,2008-05-17,Essence,Manuelle,150,Euro 3,Blanc,SUV,Japon,25000,6375.0
Volkswagen,Golf,2016,244465,2018-10-15,Hybride,Manuelle,150,Euro 1,Rouge,SUV,Allemagne,25000,15340.0
Citroen,C3,2013,158816,2016-08-31,Hybride,Automatique,110,Euro 1,Noir,SUV,USA,16000,11492.0
Citroen,C4,2015,119397,2017-03-19,Gaz,Manuelle,110,Euro 5,Rouge,Crossover,Italie,24000,16492.0
Kia,Rio,2016,207720,2016-09-07,Diesel,Automatique,150,Euro 5,Gris,Break,Japon,18900,12544.0
Audi,A4,2007,61674,2009-07-01,Essence,Manuelle,90,Euro 3,Blanc,Monospace,Italie,48000,20597.0
Kia,Ceed,2009,37062,2012-02-19,Diesel,Manuelle,90,Euro 3,Blanc,Monospace,France,23000,12428.0
Renault,Clio,2012,220290,2013-09-30,Essence,Manuelle,200,Euro 4,Gris,Crossover,Espagne,17000,7560.0
Kia,Rio,2018,138834,2021-12-18,Essence,Manuelle,200,Euro 5,Bleu,Break,Espagne,18900,13731.0
Ford,Fiesta,2013,27791,2016-12-12,Gaz,Automatique,200,Euro 4,Blanc,Break,USA,18000,15275.0
Mercedes,Classe E,2007,96969,2010-02-27,Gaz,Manuelle,200,Euro 3,Bleu,Crossover,France,75000,31400.0
Volkswagen,Tiguan,2018,221762,2018-09-08,Diesel,Automatique,130,Euro 5,Bleu,Berline,Japon,40000,25980.0
Toyota,Yaris,2007,176833,2007-07-03,Gaz,Automatique,200,Euro 3,Blanc,Berline,Japon,19000,7840.0
Tesla,Model S,2005,237937,2007-03-18,Essence,Automatique,200,Euro 3,Bleu,Break,Japon,95000,19600.0
Kia,Ceed,2020,186962,2023-06-21,Gaz,Manuelle,110,Euro 6,Rouge,Monospace,USA,23000,17920.0
Dacia,Spring,2007,105477,2008-06-23,Diesel,Automatique,200,Euro 3,Noir,Crossover,Japon,22000,10140.0
Hyundai,i20,2016,192955,2018-05-10,Hybride,Automatique,110,Euro 1,Bleu,Crossover,Japon,19500,14592.0
Mercedes,Classe C,2010,59115,2013-11-01,Diesel,Manuelle,150,Euro 4,Blanc,Crossover,Espagne,55000,29945.0
Citroen,C4,2009,13600,2010-06-01,Gaz,Automatique,90,Euro 3,Bleu,Break,France,24000,15336.0
Tesla,Model X,2012,62996,2014-01-12,Gaz,Automatique,150,Euro 4,Bleu,Berline,Allemagne,120000,72500.0
Mercedes,Classe C,2021,91811,2023-06-08,Essence,Automatique,130,Euro 6,Noir,SUV,France,55000,46986.0
Audi,A4,2020,139448,2022-03-06,Electrique,Manuelle,130,Euro 1,Blanc,Break,Japon,48000,40725.0
Dacia,Sandero,2010,105909,2011-03-09,Hybride,Manuelle,150,Euro 1,Rouge,Monospace,Espagne,15900,9792.0
Volkswagen,Passat,2010,194686,2012-03-15,Diesel,Automatique,90,Euro 4,Rouge,Break,Japon,36000,15171.0
Toyota,Yaris,2009,134922,2010-03-18,Gaz,Automatique,90,Euro 3,Gris,Break,Italie,19000,9828.0
Peugeot,3008,2019,68375,2021-12-18,Diesel,Manuelle,90,Euro 5,Noir,Monospace,France,35000,28361.0
Toyota,Corolla,2009,206117,2012-03-24,Diesel,Automatique,90,Euro 3,Blanc,Berline,France,28000,10815.0
Ford,Fiesta,2006,55158,2006-06-25,Gaz,Manuelle,110,Euro 3,Gris,SUV,France,18000,8446.0
Toyota,Hilux,2012,181092,2014-04-29,Diesel,Manuelle,130,Euro 4,Blanc,Berline,USA,45000,21298.0
Toyota,Corolla,2011,191528,2014-02-26,Diesel,Automatique,150,Euro 4,Rouge,Crossover,USA,28000,13230.0
Peugeot,208,2019,230798,2022-12-15,Electrique,Automatique,110,Euro 1,Gris,Monospace,USA,18000,16182.0
Citroen,C4,2017,54840,2019-11-01,Gaz,Manuelle,200,Euro 5,Bleu,Break,France,24000,20350.0
Mercedes,Classe C,2016,237982,2017-07-29,Diesel,Automatique,90,Euro 5,Bleu,Break,Espagne,55000,30687.0
Tesla,Model X,2018,218219,2018-07-04,Gaz,Manuelle,150,Euro 5,Gris,Crossover,Japon,120000,75030.0
Dacia,Spring,2024,88342,2026-11-24,Essence,Manuelle,200,Euro 6,Rouge,Break,Allemagne,22000,21160.0
Renault,Talisman,2021,113149,2024-05-02,Hybride,Automatique,200,Euro 1,Blanc,Berline,USA,40000,37600.0
Kia,Sportage,2019,135015,2021-06-14,Electrique,Manuelle,150,Euro 1,Noir,Monospace,Italie,34000,29160.0
Hyundai,i30,2009,152986,2011-12-05,Essence,Manuelle,130,Euro 3,Rouge,Crossover,Espagne,22000,8920.0
Peugeot,208,2018,94456,2019-11-15,Electrique,Automatique,90,Euro 1,Bleu,Berline,Espagne,18000,18907.0
Toyota,Hilux,2022,168051,2025-10-29,Hybride,Manuelle,130,Euro 1,Blanc,SUV,Allemagne,45000,38454.0
Toyota,Hilux,2023,223267,2024-11-24,Essence,Automatique,200,Euro 6,Bleu,Crossover,Italie,45000,36000.0
Citroen,C3,2015,133630,2016-01-15,Hybride,Automatique,130,Euro 1,Bleu,Break,USA,16000,13380.0
Peugeot,208,2011,38256,2014-11-18,Hybride,Manuelle,90,Euro 1,Bleu,Crossover,Espagne,18000,12702.0
Toyota,Yaris,2005,40667,2007-11-12,Diesel,Automatique,90,Euro 3,Gris,SUV,Allemagne,19000,8541.0
Kia,Ceed,2005,17503,2008-02-27,Diesel,Automatique,90,Euro 3,Bleu,Crossover,Japon,23000,10878.0
Kia,Rio,2006,185925,2006-01-28,Gaz,Automatique,110,Euro 3,Gris,Berline,Japon,18900,6580.0
Hyundai,i20,2017,109946,2017-08-26,Hybride,Automatique,200,Euro 1,Gris,Monospace,France,19500,18285.0
Audi,Q5,2017,219354,2020-02-26,Hybride,Automatique,110,Euro 1,Gris,Break,Italie,65000,41238.0
Dacia,Sandero,2013,119359,2013-10-27,Essence,Manuelle,130,Euro 4,Rouge,Break,Japon,15900,9072.0
Dacia,Spring,2014,238023,2017-04-17,Gaz,Automatique,200,Euro 4,Blanc,Crossover,USA,22000,12925.0
Toyota,Hilux,2006,61757,2007-03-04,Essence,Manuelle,150,Euro 3,Gris,Monospace,USA,45000,18200.0
Kia,Rio,2010,93951,2012-01-03,Essence,Manuelle,110,Euro 4,Rouge,Berline,Allemagne,18900,9310.0
Mercedes,Classe E,2014,129956,2014-01-21,Gaz,Manuelle,90,Euro 4,Rouge,Monospace,Japon,75000,44892.0
Ford,Fiesta,2016,152689,2017-03-25,Hybride,Automatique,200,Euro 1,Bleu,Crossover,USA,18000,15250.0
Audi,A6,2018,63558,2020-04-07,Gaz,Automatique,200,Euro 5,Noir,Berline,Japon,72000,58900.0
Toyota,RAV4,2023,219922,2025-05-08,Essence,Manuelle,150,Euro 6,Gris,Monospace,France,37000,28500.0
Volkswagen,Golf,2007,141167,2007-01-02,Gaz,Automatique,90,Euro 3,Bleu,Monospace,Japon,25000,10290.0
Mercedes,Classe C,2016,227119,2018-11-03,Gaz,Automatique,200,Euro 5,Rouge,Monospace,Espagne,55000,32670.0
Toyota,Hilux,2020,53499,2022-03-27,Gaz,Automatique,150,Euro 6,Rouge,Crossover,Espagne,45000,41500.0
Kia,Sportage,2020,53783,2022-01-20,Hybride,Manuelle,150,Euro 1,Noir,Berline,Japon,34000,31955.0
Tesla,Model X,2015,220948,2016-03-31,Gaz,Manuelle,90,Euro 5,Blanc,Break,Allemagne,120000,62424.0
Dacia,Duster,2009,38602,2011-04-13,Diesel,Manuelle,150,Euro 3,Blanc,SUV,USA,19900,11128.0
Peugeot,3008,2014,117888,2014-05-13,Essence,Manuelle,200,Euro 4,Noir,Berline,Italie,35000,21240.0
Audi,A6,2006,211978,2008-09-21,Diesel,Automatique,110,Euro 3,Rouge,Monospace,Japon,72000,18775.0
Citroen,C3,2007,79525,2010-04-23,Diesel,Manuelle,110,Euro 3,Rouge,Berline,France,16000,7182.0
Audi,Q5,2009,204169,2009-12-24,Essence,Automatique,130,Euro 3,Bleu,Break,USA,65000,23555.0
Mercedes,GLC,2014,11362,2017-11-16,Essence,Automatique,130,Euro 4,Gris,Monospace,France,85000,60237.0
BMW,Serie 5,2015,103773,2017-03-08,Diesel,Manuelle,200,Euro 5,Blanc,Monospace,USA,65000,42210.0
Ford,Kuga,2019,241164,2021-03-05,Diesel,Manuelle,150,Euro 5,Blanc,Monospace,USA,34000,21655.0
Peugeot,308,2008,43271,2008-09-15,Gaz,Manuelle,110,Euro 3,Bleu,Crossover,France,30000,15648.0
Toyota,Hilux,2022,59091,2024-06-17,Essence,Manuelle,90,Euro 6,Noir,Crossover,USA,45000,39961.0
Citroen,C5 Aircross,2010,76801,2013-03-04,Gaz,Automatique,110,Euro 4,Blanc,Break,Allemagne,35000,20196.0
Tesla,Model 3,2009,59092,2012-01-06,Gaz,Manuelle,200,Euro 3,Noir,SUV,Italie,45000,24250.0
Tesla,Model 3,2019,59213,2019-09-25,Gaz,Automatique,130,Euro 5,Rouge,Monospace,USA,45000,39840.0
Mercedes,GLC,2010,30573,2010-03-08,Hybride,Manuelle,200,Euro 1,Noir,Berline,Italie,85000,49500.0
BMW,Serie 5,2013,143332,2016-07-02,Hybride,Manuelle,110,Euro 1,Blanc,Monospace,Allemagne,65000,36623.0
Kia,Ceed,2011,197778,2014-11-12,Hybride,Automatique,130,Euro 1,Gris,Crossover,USA,23000,12306.0
Ford,Focus,2006,234724,2007-11-07,Gaz,Manuelle,130,Euro 3,Rouge,SUV,Espagne,26000,6624.0
Kia,Ceed,2009,39635,2012-01-26,Diesel,Automatique,150,Euro 3,Gris,Monospace,USA,23000,13780.0
Ford,Fiesta,2014,26602,2014-12-06,Essence,Automatique,150,Euro 4,Noir,Monospace,Italie,18000,13940.0
Citroen,C5 Aircross,2005,110100,2005-08-02,Gaz,Manuelle,110,Euro 3,Blanc,SUV,Allemagne,35000,12032.0
Toyota,Corolla,2023,43754,2023-10-27,Hybride,Automatique,150,Euro 1,Gris,Monospace,USA,28000,32085.0
Hyundai,i30,2007,206112,2010-07-15,Gaz,Manuelle,90,Euro 3,Gris,Crossover,Japon,22000,7076.0
Dacia,Spring,2016,15797,2019-11-11,Gaz,Manuelle,130,Euro 5,Gris,SUV,Japon,22000,18600.0
Citroen,C5 Aircross,2017,82040,2020-01-22,Hybride,Automatique,110,Euro 1,Rouge,Berline,Italie,35000,29181.0
Volkswagen,Arteon,2018,209957,2019-10-19,Electrique,Automatique,90,Euro 1,Blanc,SUV,Italie,48000,34658.0
Ford,Kuga,2012,28256,2013-05-11,Diesel,Manuelle,110,Euro 4,Rouge,Break,USA,34000,21762.0
BMW,X5,2020,185610,2020-01-08,Electrique,Manuelle,90,Euro 1,Blanc,Crossover,USA,80000,60130.0
BMW,Serie 5,2023,90002,2023-02-01,Essence,Manuelle,200,Euro 6,Bleu,Crossover,France,65000,58080.0
Hyundai,i30,2005,35670,2007-11-11,Essence,Automatique,150,Euro 3,Rouge,Crossover,Espagne,22000,9800.0
Peugeot,308,2011,197313,2014-11-28,Essence,Manuelle,200,Euro 4,Gris,Break,Japon,30000,13020.0
Kia,Sportage,2012,207234,2013-03-25,Hybride,Manuelle,200,Euro 1,Rouge,Berline,USA,34000,17160.0
Renault,Talisman,2022,183578,2023-05-12,Electrique,Manuelle,200,Euro 1,Rouge,Crossover,USA,40000,35720.0
Tesla,Model S,2024,47468,2024-11-08,Electrique,Manuelle,90,Euro 1,Noir,SUV,Italie,95000,96864.0
Audi,Q5,2020,140762,2021-12-01,Diesel,Automatique,90,Euro 6,Noir,Crossover,Espagne,65000,50246.0
Renault,Megane,2013,73165,2013-09-03,Gaz,Automatique,150,Euro 4,Blanc,Berline,Japon,25000,18000.0
Audi,A6,2013,220740,2013-08-15,Gaz,Automatique,90,Euro 4,Bleu,SUV,Italie,72000,34380.0
Ford,Fiesta,2005,141399,2006-07-08,Gaz,Automatique,90,Euro 3,Noir,Crossover,Japon,18000,6496.0
Audi,Q5,2017,68190,2020-01-15,Gaz,Automatique,150,Euro 5,Rouge,SUV,France,65000,51100.0
Citroen,C4,2019,177022,2019-09-16,Hybride,Manuelle,90,Euro 1,Bleu,SUV,Espagne,24000,18972.0
Ford,Focus,2008,111003,2009-12-29,Diesel,Manuelle,110,Euro 3,Bleu,Crossover,France,26000,11111.0
Audi,A4,2022,214000,2025-12-27,Essence,Manuelle,90,Euro 6,Blanc,Crossover,Espagne,48000,34967.0
Mercedes,Classe C,2006,160683,2008-04-05,Gaz,Automatique,200,Euro 3,Gris,Monospace,Italie,55000,18150.0
Citroen,C3,2007,52684,2007-02-24,Diesel,Manuelle,110,Euro 3,Gris,Crossover,Japon,16000,7524.0
Peugeot,5008,2018,185725,2020-11-28,Diesel,Automatique,150,Euro 5,Gris,SUV,France,42000,29120.0
Dacia,Spring,2018,163957,2020-02-11,Electrique,Automatique,150,Euro 1,Rouge,Crossover,Allemagne,22000,20130.0
Ford,Kuga,2023,184987,2024-01-11,Gaz,Automatique,110,Euro 6,Bleu,Crossover,Espagne,34000,30494.0
Hyundai,i30,2021,93209,2024-04-29,Hybride,Manuelle,130,Euro 1,Blanc,Monospace,Espagne,22000,21566.0
Audi,A6,2006,155884,2009-01-24,Essence,Manuelle,110,Euro 3,Blanc,SUV,Espagne,72000,22351.0
Kia,Rio,2006,213471,2006-06-14,Essence,Manuelle,200,Euro 3,Blanc,Berline,France,18900,4975.0
Toyota,Corolla,2016,233669,2016-11-24,Hybride,Automatique,150,Euro 1,Rouge,Monospace,Japon,28000,18285.0
Audi,A3,2017,246631,2020-07-22,Essence,Manuelle,150,Euro 5,Blanc,Monospace,Italie,34000,18975.0
Volkswagen,Passat,2011,243867,2014-12-27,Gaz,Manuelle,130,Euro 4,Noir,Crossover,Espagne,36000,14356.0
Audi,Q5,2015,225564,2017-04-30,Hybride,Automatique,200,Euro 1,Blanc,SUV,Allemagne,65000,36720.0
Citroen,C4,2007,220564,2009-06-15,Diesel,Manuelle,90,Euro 3,Bleu,Break,USA,24000,6723.0
Renault,Megane,2013,76991,2013-12-09,Gaz,Automatique,90,Euro 4,Gris,Berline,Italie,25000,17640.0
Kia,Ceed,2016,235151,2019-01-01,Hybride,Automatique,90,Euro 1,Blanc,Monospace,France,23000,15317.0
Hyundai,i20,2009,158573,2011-02-19,Essence,Manuelle,90,Euro 3,Blanc,Crossover,Italie,19500,7760.0
Mercedes,GLC,2010,97520,2010-10-31,Diesel,Automatique,130,Euro 4,Rouge,Crossover,Japon,85000,43267.0
Audi,Q5,2009,49487,2009-10-13,Gaz,Automatique,90,Euro 3,Rouge,Monospace,Allemagne,65000,35394.0
Audi,A4,2012,243182,2013-01-15,Gaz,Automatique,110,Euro 4,Bleu,Crossover,France,48000,21040.0
Volkswagen,Golf,2012,128074,2015-04-30,Diesel,Manuelle,200,Euro 4,Gris,SUV,USA,25000,14040.0
Tesla,Model X,2022,17061,2022-01-15,Gaz,Manuelle,110,Euro 6,Noir,Crossover,Japon,120000,114018.0
Toyota,Corolla,2022,145690,2024-06-23,Diesel,Automatique,90,Euro 6,Rouge,Crossover,France,28000,24720.0
Hyundai,i20,2014,73287,2017-06-26,Gaz,Automatique,130,Euro 4,Gris,Monospace,Japon,19500,15309.0
Kia,Rio,2020,132369,2020-03-09,Electrique,Manuelle,130,Euro 1,Blanc,Berline,Japon,18900,18900.0
Volkswagen,Passat,2005,80086,2006-09-08,Gaz,Manuelle,130,Euro 3,Blanc,Monospace,Italie,36000,13580.0
Toyota,RAV4,2007,245877,2010-09-08,Gaz,Manuelle,150,Euro 3,Noir,Berline,Espagne,37000,10000.0
Citroen,C3,2022,70602,2025-10-08,Gaz,Automatique,130,Euro 6,Bleu,Crossover,Allemagne,16000,18096.0
Kia,Ceed,2017,233968,2020-09-26,Essence,Automatique,90,Euro 5,Gris,Monospace,France,23000,13944.0
Tesla,Model S,2022,78386,2024-10-22,Electrique,Automatique,110,Euro 1,Bleu,Monospace,Allemagne,95000,89697.0
Volkswagen,Arteon,2011,190748,2011-12-11,Gaz,Automatique,90,Euro 4,Rouge,SUV,Espagne,48000,22008.0
Toyota,Hilux,2019,184279,2021-02-11,Essence,Manuelle,150,Euro 5,Rouge,Break,France,45000,30485.0
Ford,Kuga,2015,203603,2015-06-03,Gaz,Automatique,200,Euro 5,Rouge,Break,Espagne,34000,20935.0
Ford,Focus,2024,126881,2025-11-21,Electrique,Automatique,150,Euro 1,Bleu,Monospace,USA,26000,30360.0
BMW,Serie 1,2018,177815,2021-01-24,Essence,Manuelle,90,Euro 5,Bleu,Break,Japon,35000,22685.0
Citroen,C4,2019,215874,2020-06-29,Hybride,Automatique,90,Euro 1,Noir,Berline,Espagne,24000,19136.0
Hyundai,i30,2006,54478,2006-01-11,Gaz,Automatique,90,Euro 3,Bleu,SUV,Japon,22000,10824.0
Ford,Kuga,2015,34711,2016-09-01,Diesel,Manuelle,90,Euro 5,Blanc,Break,Allemagne,34000,24430.0
Hyundai,i30,2018,217294,2019-04-11,Diesel,Automatique,90,Euro 5,Blanc,SUV,Espagne,22000,15189.0
Ford,Focus,2011,163009,2012-03-27,Hybride,Manuelle,200,Euro 1,Bleu,SUV,Allemagne,26000,13950.0
Kia,Rio,2005,168748,2006-08-09,Gaz,Manuelle,150,Euro 3,Rouge,Crossover,France,18900,5913.0
Volkswagen,Arteon,2019,189067,2022-02-22,Gaz,Manuelle,110,Euro 5,Rouge,Monospace,USA,48000,33902.0
Ford,Kuga,2023,238356,2025-01-22,Hybride,Automatique,130,Euro 1,Blanc,SUV,Espagne,34000,29822.0
Dacia,Duster,2008,232529,2008-10-15,Essence,Automatique,110,Euro 3,Rouge,SUV,Japon,19900,6380.0
BMW,X5,2017,233742,2017-03-29,Essence,Manuelle,200,Euro 5,Rouge,Berline,Allemagne,80000,45360.0
Dacia,Sandero,2010,116235,2010-01-27,Diesel,Manuelle,200,Euro 4,Rouge,Berline,Italie,15900,8413.0
Kia,Ceed,2014,72401,2016-01-26,Gaz,Automatique,110,Euro 4,Blanc,Monospace,Japon,23000,17388.0
Citroen,C4,2019,127811,2019-02-18,Hybride,Automatique,200,Euro 1,Blanc,Monospace,France,24000,22630.0
Tesla,Model S,2024,127431,2024-03-11,Diesel,Automatique,200,Euro 6,Gris,Break,USA,95000,87120.0
Hyundai,Tucson,2024,64775,2024-09-20,Electrique,Automatique,150,Euro 1,Bleu,Monospace,Allemagne,35000,40890.0
Toyota,Yaris,2022,102195,2025-01-29,Diesel,Automatique,90,Euro 6,Blanc,Break,France,19000,18396.0
Volkswagen,Arteon,2012,221007,2014-12-23,Diesel,Automatique,90,Euro 4,Noir,Berline,USA,48000,21378.0
Peugeot,208,2012,176528,2013-08-09,Hybride,Manuelle,150,Euro 1,Bleu,Berline,Italie,18000,10575.0
Hyundai,Tucson,2014,153425,2016-02-16,Gaz,Manuelle,130,Euro 4,Bleu,Crossover,USA,35000,20790.0
BMW,X5,2022,118623,2022-03-30,Gaz,Automatique,200,Euro 6,Blanc,Berline,Japon,80000,70965.0
Mercedes,Classe E,2016,249866,2016-07-10,Hybride,Manuelle,110,Euro 1,Rouge,Berline,Italie,75000,41132.0
BMW,Serie 1,2010,23818,2011-07-12,Essence,Manuelle,90,Euro 4,Blanc,Monospace,Espagne,35000,19544.0
Citroen,C5 Aircross,2024,128764,2027-12-07,Gaz,Automatique,110,Euro 6,Blanc,Berline,Italie,35000,34848.0
Citroen,C3,2023,34369,2026-07-22,Electrique,Manuelle,130,Euro 1,Bleu,Monospace,Espagne,16000,20962.0
Peugeot,3008,2010,31714,2013-06-02,Hybride,Manuelle,110,Euro 1,Blanc,Crossover,USA,35000,21505.0
Toyota,Hilux,2021,70011,2024-11-10,Essence,Manuelle,150,Euro 6,Rouge,Break,Allemagne,45000,38220.0
Renault,Clio,2008,174595,2010-02-11,Gaz,Automatique,200,Euro 3,Noir,Monospace,Espagne,17000,7875.0
Toyota,Corolla,2009,246650,2012-12-22,Gaz,Automatique,150,Euro 3,Bleu,Berline,Italie,28000,10230.0
Kia,Rio,2022,100574,2024-08-02,Hybride,Automatique,200,Euro 1,Gris,Crossover,USA,18900,21756.0
Volkswagen,Tiguan,2014,196629,2015-05-19,Gaz,Automatique,110,Euro 4,Noir,Crossover,Japon,40000,22746.0
Volkswagen,Golf,2010,196543,2010-05-25,Hybride,Manuelle,110,Euro 1,Gris,Break,USA,25000,11349.0
Audi,A4,2011,129322,2011-12-23,Gaz,Automatique,90,Euro 4,Rouge,Break,France,48000,25676.0
Volkswagen,Arteon,2008,112442,2010-04-28,Essence,Automatique,200,Euro 3,Blanc,Monospace,Espagne,48000,20910.0
Kia,Sportage,2018,175107,2020-04-10,Gaz,Manuelle,150,Euro 5,Rouge,SUV,Japon,34000,24050.0
Audi,Q5,2021,141953,2023-02-01,Gaz,Manuelle,150,Euro 6,Rouge,Berline,France,65000,52360.0
Hyundai,i20,2011,37247,2014-04-28,Hybride,Manuelle,90,Euro 1,Blanc,Monospace,Japon,19500,13572.0
Audi,A4,2018,47991,2021-05-05,Diesel,Manuelle,200,Euro 5,Noir,Break,Italie,48000,39000.0
Citroen,C3,2024,239546,2027-09-08,Gaz,Manuelle,130,Euro 6,Gris,Break,Japon,16000,14476.0
Dacia,Duster,2011,161253,2011-07-26,Essence,Manuelle,200,Euro 4,Noir,Break,France,19900,9405.0
Audi,A4,2007,234815,2009-12-31,Gaz,Automatique,150,Euro 3,Bleu,Monospace,Italie,48000,13780.0
Tesla,Model S,2023,77423,2023-11-22,Essence,Manuelle,110,Euro 6,Gris,Crossover,USA,95000,85590.0
Hyundai,i30,2021,248900,2021-07-11,Hybride,Manuelle,130,Euro 1,Noir,Monospace,Allemagne,22000,17621.0
Kia,Ceed,2020,215310,2021-10-27,Gaz,Automatique,110,Euro 6,Blanc,Crossover,France,23000,18492.0
Hyundai,i20,2013,169893,2015-05-26,Diesel,Automatique,90,Euro 4,Gris,Monospace,USA,19500,11424.0
Tesla,Model S,2022,58918,2023-03-11,Hybride,Manuelle,200,Euro 1,Bleu,SUV,Italie,95000,89000.0
Mercedes,GLC,2012,65217,2015-07-03,Gaz,Automatique,90,Euro 4,Rouge,SUV,France,85000,51852.0
Kia,Rio,2022,147525,2022-07-09,Gaz,Automatique,150,Euro 6,Blanc,Berline,Italie,18900,19120.0
Kia,Ceed,2017,105036,2020-10-15,Diesel,Manuelle,200,Euro 5,Rouge,Crossover,USA,23000,17250.0
Tesla,Model 3,2008,127209,2010-08-04,Essence,Manuelle,90,Euro 3,Blanc,Crossover,Japon,45000,17960.0
Dacia,Duster,2008,243055,2008-01-08,Gaz,Automatique,110,Euro 3,Noir,SUV,Italie,19900,6860.0
Toyota,Yaris,2005,73493,2006-06-26,Gaz,Manuelle,110,Euro 3,Bleu,Berline,Espagne,19000,7776.0
Kia,Sportage,2013,46314,2013-09-20,Essence,Manuelle,200,Euro 4,Rouge,Berline,France,34000,22050.0
Dacia,Spring,2014,141607,2016-04-04,Gaz,Automatique,200,Euro 4,Rouge,Crossover,Japon,22000,15400.0
Volkswagen,Golf,2008,54078,2010-04-27,Diesel,Automatique,130,Euro 3,Rouge,Berline,Japon,25000,13301.0
Toyota,Yaris,2020,15699,2020-03-12,Essence,Automatique,130,Euro 6,Blanc,Crossover,France,19000,18531.0
Mercedes,GLC,2019,153012,2022-02-15,Essence,Automatique,90,Euro 5,Bleu,Berline,Italie,85000,60830.0
Toyota,Corolla,2019,43495,2022-04-21,Electrique,Automatique,150,Euro 1,Gris,Crossover,Japon,28000,29565.0
Volkswagen,Arteon,2006,66032,2006-10-29,Essence,Manuelle,200,Euro 3,Bleu,Monospace,Allemagne,48000,19600.0
Toyota,Hilux,2005,103905,2005-06-21,Essence,Manuelle,110,Euro 3,Noir,Monospace,USA,45000,14883.0
Mercedes,Classe E,2019,25202,2020-11-28,Gaz,Manuelle,200,Euro 5,Noir,SUV,Espagne,75000,65155.0
Ford,Kuga,2007,108786,2007-03-25,Essence,Automatique,200,Euro 3,Bleu,Berline,France,34000,14430.0
Peugeot,208,2011,219021,2012-05-08,Hybride,Manuelle,200,Euro 1,Bleu,Crossover,France,18000,9200.0
Toyota,Yaris,2015,212155,2016-10-18,Hybride,Automatique,90,Euro 1,Gris,Break,Italie,19000,12948.0
Ford,Fiesta,2014,72123,2014-02-14,Hybride,Automatique,90,Euro 1,Bleu,SUV,USA,18000,15057.0
BMW,X5,2012,31341,2013-10-03,Hybride,Manuelle,200,Euro 1,Noir,Berline,Italie,80000,51850.0
Renault,Clio,2014,40885,2014-09-20,Diesel,Manuelle,90,Euro 4,Bleu,Break,France,17000,11814.0
Citroen,C5 Aircross,2010,25202,2012-01-20,Gaz,Manuelle,90,Euro 4,Rouge,Crossover,USA,35000,20944.0
Ford,Kuga,2008,193633,2009-05-11,Gaz,Manuelle,90,Euro 3,Gris,Monospace,Espagne,34000,12012.0
Audi,A6,2006,150637,2008-12-28,Essence,Manuelle,200,Euro 3,Rouge,Crossover,USA,72000,22630.0
Tesla,Model 3,2005,184221,2005-03-31,Gaz,Manuelle,130,Euro 3,Blanc,Crossover,Espagne,45000,11950.0
Volkswagen,Golf,2009,180080,2009-10-11,Gaz,Automatique,130,Euro 3,Blanc,Break,Allemagne,25000,11026.0
Citroen,C5 Aircross,2016,237306,2019-03-09,Diesel,Automatique,90,Euro 5,Gris,Break,Espagne,35000,20087.0
Volkswagen,Passat,2007,49838,2007-11-13,Gaz,Manuelle,130,Euro 3,Gris,Monospace,Espagne,36000,17460.0
Dacia,Duster,2014,192650,2015-12-27,Diesel,Manuelle,150,Euro 4,Bleu,Break,USA,19900,10914.0
Toyota,Hilux,2020,241798,2020-02-20,Diesel,Automatique,200,Euro 6,Noir,SUV,Espagne,45000,31360.0
Volkswagen,Tiguan,2016,48988,2017-10-15,Essence,Manuelle,110,Euro 5,Noir,Monospace,Espagne,40000,28872.0
Ford,Focus,2021,25849,2023-10-27,Gaz,Automatique,200,Euro 6,Rouge,Monospace,Italie,26000,28035.0
Dacia,Duster,2008,36872,2010-07-20,Gaz,Manuelle,150,Euro 3,Gris,Crossover,Italie,19900,11221.0
Kia,Sportage,2006,70294,2007-12-23,Gaz,Automatique,150,Euro 3,Rouge,Monospace,USA,34000,15210.0
Renault,Talisman,2020,199580,2022-07-11,Gaz,Manuelle,200,Euro 6,Gris,Crossover,Allemagne,40000,30015.0
Tesla,Model S,2017,79747,2017-09-16,Gaz,Manuelle,150,Euro 5,Bleu,Monospace,Japon,95000,70560.0
Ford,Fiesta,2011,58943,2012-05-12,Gaz,Manuelle,130,Euro 4,Bleu,Crossover,USA,18000,11648.0
Tesla,Model 3,2008,240640,2009-10-27,Diesel,Manuelle,130,Euro 3,Noir,Monospace,France,45000,12964.0
Volkswagen,Golf,2005,211631,2005-08-10,Gaz,Manuelle,200,Euro 3,Noir,Crossover,France,25000,6270.0
Dacia,Duster,2022,188494,2025-10-30,Gaz,Manuelle,110,Euro 6,Blanc,Break,France,19900,17100.0
Hyundai,Tucson,2012,207921,2013-06-24,Essence,Manuelle,200,Euro 4,Gris,Monospace,Japon,35000,15840.0
Kia,Ceed,2008,63215,2008-04-17,Diesel,Automatique,150,Euro 3,Gris,Monospace,France,23000,12190.0
Mercedes,Classe E,2024,55602,2027-05-15,Electrique,Manuelle,130,Euro 1,Noir,Crossover,Italie,75000,77235.0
Renault,Captur,2023,125670,2026-03-22,Gaz,Manuelle,110,Euro 6,Gris,Berline,Japon,28000,26010.0
Dacia,Duster,2019,92346,2021-08-03,Electrique,Manuelle,150,Euro 1,Gris,Monospace,USA,19900,20064.0
Ford,Kuga,2015,117962,2016-03-01,Diesel,Automatique,110,Euro 5,Gris,SUV,Espagne,34000,23002.0
Toyota,Corolla,2006,204020,2008-04-12,Gaz,Automatique,150,Euro 3,Gris,Berline,Japon,28000,8580.0
Tesla,Model 3,2006,61116,2008-03-08,Gaz,Automatique,200,Euro 3,Gris,Crossover,Italie,45000,20200.0
BMW,Serie 3,2014,248379,2017-04-07,Essence,Manuelle,150,Euro 4,Noir,Crossover,USA,45000,20930.0
Ford,Kuga,2011,11646,2014-08-18,Diesel,Manuelle,150,Euro 4,Noir,Berline,Japon,34000,21300.0
Volkswagen,Tiguan,2024,215872,2027-06-16,Diesel,Manuelle,130,Euro 6,Blanc,Crossover,Espagne,40000,32627.0
Hyundai,i20,2024,69546,2024-10-01,Essence,Manuelle,150,Euro 6,Blanc,Crossover,USA,19500,18800.0
Volkswagen,Golf,2015,39175,2016-03-08,Hybride,Automatique,110,Euro 1,Noir,Crossover,France,25000,21770.0
Toyota,Yaris,2024,201267,2026-09-13,Essence,Automatique,110,Euro 6,Bleu,SUV,Japon,19000,16880.0
Citroen,C3,2021,200463,2024-07-05,Essence,Automatique,200,Euro 6,Noir,Break,France,16000,13490.0
Toyota,Hilux,2018,167187,2021-05-13,Electrique,Manuelle,150,Euro 1,Noir,Crossover,Japon,45000,33990.0
Mercedes,Classe C,2021,81087,2023-03-05,Hybride,Automatique,130,Euro 1,Bleu,Monospace,France,55000,50879.0
Dacia,Spring,2024,30289,2027-09-02,Hybride,Automatique,130,Euro 1,Rouge,Break,Japon,22000,27451.0
Audi,A6,2006,22514,2008-02-03,Diesel,Manuelle,110,Euro 3,Blanc,Berline,Japon,72000,32164.0
Peugeot,208,2014,218746,2015-09-21,Diesel,Manuelle,150,Euro 4,Rouge,Monospace,Espagne,18000,9555.0
Ford,Kuga,2021,110984,2023-10-09,Essence,Automatique,90,Euro 6,Noir,Break,Italie,34000,28720.0
Tesla,Model X,2022,60915,2024-08-17,Electrique,Automatique,200,Euro 1,Blanc,Monospace,Allemagne,120000,113520.0
Citroen,C4,2011,148816,2013-08-04,Diesel,Automatique,150,Euro 4,Rouge,Break,France,24000,12925.0
Dacia,Duster,2019,16244,2020-02-20,Gaz,Automatique,200,Euro 5,Gris,Monospace,USA,19900,21336.0
Tesla,Model S,2006,211825,2008-03-29,Essence,Automatique,150,Euro 3,Blanc,Break,Allemagne,95000,24375.0
Kia,Rio,2010,140216,2013-08-06,Gaz,Automatique,110,Euro 4,Bleu,Monospace,Allemagne,18900,10340.0
Mercedes,Classe A,2012,70996,2014-01-18,Hybride,Automatique,200,Euro 1,Gris,Berline,Allemagne,38000,25650.0
Dacia,Sandero,2014,221779,2015-04-19,Essence,Automatique,150,Euro 4,Gris,Berline,USA,15900,8832.0
Toyota,Corolla,2020,228393,2023-09-30,Hybride,Automatique,110,Euro 1,Noir,Crossover,USA,28000,22506.0
Tesla,Model S,2022,189290,2023-04-13,Electrique,Manuelle,110,Euro 1,Noir,Monospace,USA,95000,76836.0
Audi,A4,2016,32209,2016-12-08,Hybride,Automatique,130,Euro 1,Blanc,SUV,Allemagne,48000,39639.0
Toyota,Hilux,2005,167584,2005-12-20,Gaz,Automatique,130,Euro 3,Blanc,Crossover,Allemagne,45000,13446.0
Citroen,C4,2006,143802,2006-11-15,Diesel,Manuelle,150,Euro 3,Rouge,Break,France,24000,8160.0
Renault,Megane,2010,133510,2010-09-22,Diesel,Automatique,90,Euro 4,Noir,Crossover,France,25000,12555.0
Kia,Sportage,2011,219266,2014-02-13,Hybride,Automatique,110,Euro 1,Rouge,Break,Italie,34000,16040.0
Audi,A4,2007,234194,2008-03-10,Essence,Manuelle,110,Euro 3,Gris,Break,Italie,48000,12506.0
Volkswagen,Arteon,2018,48397,2021-10-02,Hybride,Automatique,200,Euro 1,Gris,Crossover,Allemagne,48000,42900.0
Dacia,Duster,2005,134267,2008-10-29,Essence,Automatique,150,Euro 3,Rouge,SUV,Japon,19900,6720.0
Ford,Kuga,2010,53211,2011-01-28,Hybride,Manuelle,200,Euro 1,Bleu,Monospace,Allemagne,34000,20670.0
BMW,Serie 3,2009,124050,2010-05-23,Diesel,Automatique,110,Euro 3,Rouge,Crossover,Espagne,45000,20683.0
Tesla,Model X,2011,159811,2011-08-31,Essence,Manuelle,130,Euro 4,Gris,SUV,USA,120000,55338.0
Tesla,Model S,2015,53272,2015-08-24,Essence,Automatique,110,Euro 5,Bleu,Berline,Espagne,95000,66028.0
Dacia,Spring,2013,241911,2014-09-05,Hybride,Automatique,200,Euro 1,Blanc,Crossover,France,22000,12470.0
Ford,Kuga,2018,114154,2021-06-28,Essence,Manuelle,90,Euro 5,Rouge,SUV,USA,34000,24069.0
Hyundai,Tucson,2022,75272,2023-01-03,Diesel,Manuelle,90,Euro 6,Rouge,Crossover,Allemagne,35000,31233.0
Citroen,C3,2011,75053,2011-01-02,Hybride,Automatique,90,Euro 1,Bleu,Monospace,Italie,16000,11826.0
Dacia,Spring,2016,43072,2018-01-27,Gaz,Manuelle,200,Euro 5,Bleu,Break,Japon,22000,18360.0
BMW,Serie 1,2013,65940,2013-01-19,Diesel,Automatique,150,Euro 4,Bleu,Monospace,France,35000,23485.0
Dacia,Sandero,2018,115239,2019-03-23,Essence,Automatique,130,Euro 5,Gris,Break,Espagne,15900,12922.0
Tesla,Model 3,2008,29155,2010-08-21,Essence,Automatique,130,Euro 3,Bleu,SUV,Italie,45000,23650.0
Hyundai,i30,2014,166290,2017-12-20,Gaz,Manuelle,90,Euro 4,Rouge,Monospace,Italie,22000,13176.0
Citroen,C3,2006,42879,2006-07-09,Diesel,Manuelle,130,Euro 3,Blanc,Break,Espagne,16000,7266.0
Ford,Kuga,2007,147418,2007-11-12,Gaz,Manuelle,130,Euro 3,Bleu,Break,France,34000,12880.0
Ford,Fiesta,2018,220270,2020-11-30,Electrique,Manuelle,130,Euro 1,Noir,Monospace,Allemagne,18000,14580.0
BMW,Serie 3,2017,179154,2017-02-23,Hybride,Automatique,110,Euro 1,Blanc,Crossover,Japon,45000,31682.0
Mercedes,GLC,2005,60707,2008-02-25,Diesel,Manuelle,90,Euro 3,Noir,Crossover,Japon,85000,31783.0
Audi,A6,2014,60076,2014-01-05,Gaz,Manuelle,90,Euro 4,Gris,Monospace,Allemagne,72000,47616.0
Peugeot,208,2012,10639,2012-05-16,Hybride,Manuelle,200,Euro 1,Gris,Monospace,Italie,18000,14490.0
Kia,Rio,2011,129815,2013-08-21,Essence,Manuelle,130,Euro 4,Rouge,SUV,Japon,18900,9408.0
BMW,X5,2015,241367,2015-03-17,Diesel,Automatique,200,Euro 5,Noir,SUV,USA,80000,41160.0
Tesla,Model S,2017,83400,2018-02-12,Gaz,Manuelle,90,Euro 5,Bleu,Break,Japon,95000,69154.0
Kia,Rio,2007,32660,2008-11-22,Diesel,Automatique,200,Euro 3,Noir,Monospace,Italie,18900,10534.0
Mercedes,Classe A,2010,102614,2010-02-23,Gaz,Automatique,90,Euro 4,Noir,Monospace,Italie,38000,20352.0
Kia,Sportage,2015,50865,2018-12-07,Essence,Automatique,110,Euro 5,Gris,Monospace,France,34000,24548.0
Volkswagen,Tiguan,2018,160294,2019-07-02,Gaz,Automatique,90,Euro 5,Bleu,Berline,USA,40000,29304.0
Hyundai,Tucson,2009,249747,2011-10-09,Gaz,Manuelle,200,Euro 3,Rouge,SUV,France,35000,11935.0
Citroen,C5 Aircross,2005,169606,2008-06-23,Diesel,Automatique,150,Euro 3,Noir,SUV,Italie,35000,10395.0
BMW,Serie 5,2017,205356,2017-09-12,Diesel,Automatique,110,Euro 5,Gris,Berline,Allemagne,65000,40179.0
Citroen,C5 Aircross,2024,119234,2026-08-23,Diesel,Automatique,200,Euro 6,Rouge,Crossover,Allemagne,35000,34710.0
Toyota,Yaris,2011,157758,2014-08-12,Gaz,Automatique,200,Euro 4,Blanc,Monospace,Allemagne,19000,11270.0
Peugeot,5008,2007,24757,2009-06-01,Gaz,Manuelle,200,Euro 3,Rouge,Break,France,42000,21385.0
Audi,A3,2009,131222,2011-12-25,Gaz,Manuelle,90,Euro 3,Bleu,Monospace,Espagne,34000,15288.0
Hyundai,i20,2020,174939,2022-04-01,Electrique,Manuelle,150,Euro 1,Gris,Crossover,France,19500,18460.0
Audi,A6,2010,184570,2010-03-08,Essence,Manuelle,110,Euro 4,Bleu,SUV,USA,72000,28840.0
Renault,Captur,2013,193288,2016-02-10,Hybride,Manuelle,90,Euro 1,Gris,Crossover,Espagne,28000,15312.0
Ford,Kuga,2022,218049,2023-05-27,Diesel,Automatique,110,Euro 6,Bleu,SUV,Allemagne,34000,27083.0
Toyota,RAV4,2023,181498,2026-02-22,Essence,Automatique,200,Euro 6,Blanc,Monospace,Allemagne,37000,31600.0
Peugeot,308,2013,126867,2013-03-10,Hybride,Automatique,110,Euro 1,Rouge,Monospace,Japon,30000,19855.0
Citroen,C3,2022,57403,2023-12-09,Diesel,Automatique,130,Euro 6,Gris,Crossover,Japon,16000,17177.0
Citroen,C5 Aircross,2005,96330,2005-01-03,Gaz,Manuelle,130,Euro 3,Rouge,Crossover,Allemagne,35000,12852.0
Peugeot,3008,2020,242166,2021-03-06,Gaz,Automatique,200,Euro 6,Rouge,SUV,Allemagne,35000,25920.0
BMW,Serie 1,2013,58602,2015-11-08,Hybride,Manuelle,200,Euro 1,Rouge,Monospace,Italie,35000,24800.0
Kia,Rio,2015,180958,2016-05-10,Essence,Manuelle,130,Euro 5,Bleu,SUV,Allemagne,18900,10560.0
Dacia,Sandero,2010,148232,2011-12-18,Gaz,Manuelle,130,Euro 4,Gris,Crossover,Japon,15900,8228.0
Toyota,RAV4,2018,244065,2021-02-28,Electrique,Automatique,90,Euro 1,Noir,Monospace,Espagne,37000,26042.0
Toyota,Corolla,2010,78929,2011-09-27,Essence,Manuelle,90,Euro 4,Blanc,Berline,Italie,28000,14229.0
Peugeot,3008,2023,13174,2025-04-24,Gaz,Automatique,200,Euro 6,Blanc,Crossover,Espagne,35000,38880.0
Peugeot,3008,2012,118349,2013-06-30,Hybride,Automatique,150,Euro 1,Rouge,SUV,Japon,35000,21995.0
Hyundai,i30,2011,238066,2014-04-29,Hybride,Automatique,130,Euro 1,Blanc,Berline,Japon,22000,10754.0
Dacia,Sandero,2019,155059,2022-10-24,Electrique,Automatique,150,Euro 1,Noir,Monospace,USA,15900,17080.0
Citroen,C4,2006,148648,2009-02-02,Diesel,Manuelle,130,Euro 3,Gris,Break,Allemagne,24000,8096.0
Mercedes,GLC,2021,223999,2022-06-23,Gaz,Manuelle,200,Euro 6,Bleu,Monospace,USA,85000,61065.0
Mercedes,GLC,2008,188813,2010-04-12,Gaz,Automatique,200,Euro 3,Bleu,Berline,Espagne,85000,30770.0
Tesla,Model S,2016,115250,2016-05-23,Gaz,Automatique,200,Euro 5,Bleu,Monospace,Allemagne,95000,65325.0
Mercedes,Classe E,2023,11475,2025-08-11,Hybride,Manuelle,200,Euro 1,Gris,Berline,France,75000,76800.0
Ford,Kuga,2023,227173,2024-03-27,Diesel,Automatique,200,Euro 6,Gris,Crossover,Espagne,34000,28500.0
Ford,Focus,2010,71036,2013-09-02,Gaz,Manuelle,130,Euro 4,Noir,SUV,Japon,26000,14688.0
Toyota,Hilux,2015,116888,2017-04-08,Gaz,Manuelle,130,Euro 5,Noir,Crossover,USA,45000,29636.0
Mercedes,Classe C,2013,194915,2013-11-29,Essence,Manuelle,130,Euro 4,Rouge,Break,Italie,55000,26544.0
Audi,Q5,2014,183985,2016-12-09,Essence,Automatique,90,Euro 4,Blanc,Crossover,France,65000,34788.0
Audi,A6,2022,212340,2025-02-02,Hybride,Automatique,130,Euro 1,Rouge,SUV,Italie,72000,57159.0
Peugeot,5008,2021,231486,2021-07-07,Gaz,Manuelle,110,Euro 6,Rouge,SUV,Allemagne,42000,30328.0
Kia,Rio,2014,47283,2017-12-22,Diesel,Manuelle,200,Euro 4,Rouge,Berline,France,18900,13794.0
Peugeot,5008,2014,77116,2017-10-26,Diesel,Manuelle,130,Euro 4,Rouge,Monospace,Italie,42000,27279.0
Mercedes,GLC,2023,237258,2024-01-25,Diesel,Manuelle,200,Euro 6,Rouge,Break,Espagne,85000,64380.0
Mercedes,GLC,2012,239001,2014-07-15,Gaz,Automatique,110,Euro 4,Rouge,Crossover,Italie,85000,36736.0
Kia,Ceed,2023,242177,2026-04-02,Electrique,Automatique,110,Euro 1,Blanc,Berline,Italie,23000,22703.0
Renault,Clio,2020,110249,2023-08-11,Essence,Manuelle,150,Euro 6,Gris,Break,Allemagne,17000,13475.0
Toyota,Yaris,2006,206632,2008-04-14,Gaz,Automatique,200,Euro 3,Noir,Berline,Japon,19000,6370.0
Peugeot,208,2006,53084,2008-07-29,Gaz,Automatique,90,Euro 3,Gris,Break,USA,18000,9184.0
Volkswagen,Golf,2014,30313,2016-01-11,Gaz,Manuelle,110,Euro 4,Gris,Berline,USA,25000,18492.0
Toyota,RAV4,2023,10356,2026-09-24,Essence,Manuelle,130,Euro 6,Blanc,Berline,France,37000,35808.0
Citroen,C3,2018,224984,2018-04-11,Electrique,Automatique,150,Euro 1,Noir,Berline,Japon,16000,14700.0
Ford,Fiesta,2021,180662,2023-05-06,Gaz,Automatique,110,Euro 6,Gris,SUV,France,18000,16498.0
Hyundai,i20,2009,23774,2010-06-07,Gaz,Automatique,90,Euro 3,Gris,SUV,Espagne,19500,12667.0
Toyota,Yaris,2005,204384,2005-07-23,Diesel,Manuelle,150,Euro 3,Blanc,Break,Espagne,19000,4715.0
Mercedes,Classe A,2020,223426,2020-12-22,Diesel,Automatique,110,Euro 6,Rouge,Monospace,Japon,38000,27126.0
Ford,Fiesta,2012,53502,2013-12-13,Hybride,Automatique,130,Euro 1,Rouge,Break,Espagne,18000,14337.0
Hyundai,i20,2014,220792,2015-06-24,Hybride,Automatique,150,Euro 1,Rouge,Monospace,France,19500,12480.0
Renault,Megane,2011,178950,2011-10-04,Gaz,Automatique,90,Euro 4,Blanc,Monospace,Allemagne,25000,12936.0
Audi,A4,2021,17950,2022-08-04,Diesel,Manuelle,110,Euro 6,Bleu,Monospace,Italie,48000,44190.0
Ford,Focus,2022,144319,2022-01-20,Hybride,Manuelle,200,Euro 1,Noir,Berline,Espagne,26000,24800.0
Mercedes,Classe E,2005,117653,2006-05-05,Gaz,Automatique,130,Euro 3,Rouge,Berline,France,75000,25536.0
Hyundai,i30,2008,150058,2011-11-02,Diesel,Manuelle,150,Euro 3,Bleu,Crossover,Espagne,22000,8695.0
Tesla,Model 3,2019,224549,2020-03-19,Gaz,Automatique,200,Euro 5,Blanc,Break,Japon,45000,31815.0
Citroen,C4,2005,56673,2008-12-12,Diesel,Manuelle,90,Euro 3,Rouge,Crossover,USA,24000,9462.0
Hyundai,i20,2006,108545,2007-07-21,Essence,Automatique,130,Euro 3,Gris,SUV,Japon,19500,7848.0
Hyundai,Tucson,2024,110208,2025-08-09,Hybride,Manuelle,90,Euro 1,Gris,Berline,France,35000,34621.0
Peugeot,5008,2022,146953,2024-12-05,Hybride,Automatique,90,Euro 1,Noir,Crossover,Italie,42000,38320.0
Hyundai,Tucson,2016,47314,2018-11-28,Diesel,Automatique,110,Euro 5,Blanc,Monospace,Italie,35000,27432.0
Audi,A3,2021,71517,2022-07-25,Electrique,Manuelle,130,Euro 1,Blanc,Break,USA,34000,33852.0
Tesla,Model S,2020,85308,2022-10-31,Hybride,Manuelle,150,Euro 1,Blanc,Monospace,Allemagne,95000,79600.0
Ford,Kuga,2023,44218,2026-05-30,Hybride,Manuelle,130,Euro 1,Noir,Break,Japon,34000,35619.0
Toyota,Corolla,2018,75919,2019-03-19,Electrique,Manuelle,90,Euro 1,Gris,Berline,Espagne,28000,25425.0
Toyota,Yaris,2015,199324,2016-03-31,Diesel,Automatique,150,Euro 5,Bleu,Break,Allemagne,19000,12150.0
Toyota,RAV4,2024,162697,2024-12-04,Electrique,Automatique,130,Euro 1,Noir,Break,France,37000,38052.0
Dacia,Spring,2005,74302,2008-04-19,Essence,Automatique,130,Euro 3,Bleu,Break,Japon,22000,8748.0
Audi,A6,2023,129823,2025-08-23,Electrique,Automatique,130,Euro 1,Gris,Monospace,USA,72000,68255.0
Ford,Kuga,2014,46167,2014-10-22,Hybride,Automatique,150,Euro 1,Gris,Break,France,34000,26730.0
Peugeot,208,2023,246866,2025-08-19,Gaz,Automatique,130,Euro 6,Noir,SUV,Italie,18000,16644.0
Volkswagen,Arteon,2006,246681,2006-05-03,Gaz,Automatique,90,Euro 3,Noir,Crossover,Allemagne,48000,11528.0
Dacia,Sandero,2018,85700,2021-08-26,Electrique,Automatique,200,Euro 1,Blanc,Berline,Allemagne,15900,18426.0
Toyota,RAV4,2005,226257,2007-05-19,Essence,Automatique,150,Euro 3,Gris,Break,Allemagne,37000,8295.0
Hyundai,i30,2007,79018,2009-11-13,Gaz,Manuelle,90,Euro 3,Bleu,Monospace,France,22000,10248.0
Toyota,Hilux,2020,212632,2022-05-16,Essence,Manuelle,130,Euro 6,Rouge,Break,Japon,45000,30351.0
Volkswagen,Golf,2013,40549,2013-01-05,Diesel,Manuelle,150,Euro 4,Blanc,SUV,Allemagne,25000,16695.0
Audi,Q5,2012,172065,2014-06-18,Diesel,Manuelle,110,Euro 4,Bleu,Crossover,Japon,65000,31067.0
Kia,Sportage,2016,216148,2019-06-24,Hybride,Automatique,150,Euro 1,Bleu,Monospace,USA,34000,22275.0
Toyota,Hilux,2013,221215,2014-10-21,Gaz,Automatique,90,Euro 4,Bleu,SUV,Japon,45000,22230.0
Hyundai,i20,2011,137823,2012-02-09,Essence,Automatique,200,Euro 4,Rouge,Break,Espagne,19500,10800.0
Hyundai,i30,2021,216534,2023-09-09,Diesel,Automatique,200,Euro 6,Rouge,SUV,France,22000,18200.0
Toyota,Hilux,2008,111932,2011-10-15,Diesel,Automatique,150,Euro 3,Rouge,Break,Espagne,45000,19885.0
Tesla,Model 3,2020,150163,2021-04-23,Hybride,Automatique,90,Euro 1,Rouge,SUV,France,45000,37157.0
Ford,Focus,2018,33563,2021-11-20,Hybride,Automatique,110,Euro 1,Rouge,Crossover,Japon,26000,25359.0
Dacia,Spring,2011,124144,2011-01-02,Gaz,Manuelle,130,Euro 4,Bleu,Crossover,USA,22000,12152.0
Hyundai,i30,2019,48241,2019-04-07,Electrique,Manuelle,130,Euro 1,Noir,Break,Espagne,22000,22923.0
Citroen,C5 Aircross,2007,179119,2010-10-19,Diesel,Automatique,90,Euro 3,Noir,Berline,France,35000,12128.0
Kia,Sportage,2006,230299,2006-06-19,Gaz,Automatique,110,Euro 3,Bleu,Break,Italie,34000,8878.0
Tesla,Model X,2018,215234,2020-11-12,Essence,Manuelle,200,Euro 5,Noir,SUV,Allemagne,120000,73810.0
Kia,Rio,2022,212770,2024-05-31,Diesel,Automatique,150,Euro 6,Noir,Crossover,USA,18900,16352.0
Kia,Ceed,2014,76215,2015-12-13,Diesel,Manuelle,150,Euro 4,Blanc,SUV,France,23000,15435.0
Audi,Q5,2021,234603,2021-04-22,Hybride,Manuelle,90,Euro 1,Noir,Monospace,Allemagne,65000,46852.0
Toyota,Corolla,2023,163712,2025-09-21,Diesel,Manuelle,90,Euro 6,Bleu,Monospace,USA,28000,23409.0
Mercedes,GLC,2023,230483,2026-04-03,Hybride,Automatique,130,Euro 1,Blanc,Break,France,85000,67562.0
Peugeot,208,2013,46681,2014-09-10,Essence,Manuelle,110,Euro 4,Noir,SUV,Allemagne,18000,11403.0
Kia,Rio,2008,33495,2010-04-10,Diesel,Manuelle,130,Euro 3,Noir,Crossover,USA,18900,9898.0
Renault,Captur,2024,62203,2025-05-20,Essence,Automatique,130,Euro 6,Gris,SUV,France,28000,28482.0
Tesla,Model 3,2007,216700,2009-07-20,Diesel,Automatique,200,Euro 3,Bleu,Berline,Japon,45000,13720.0
Dacia,Duster,2017,78209,2018-07-05,Diesel,Manuelle,110,Euro 5,Noir,Berline,France,19900,15120.0
Kia,Rio,2011,87681,2014-11-06,Diesel,Manuelle,110,Euro 4,Noir,Crossover,Espagne,18900,10600.0
Peugeot,208,2017,187601,2017-09-20,Essence,Automatique,200,Euro 5,Noir,Crossover,France,18000,12810.0
Renault,Clio,2012,44735,2015-03-27,Diesel,Manuelle,130,Euro 4,Rouge,Berline,USA,17000,10980.0
Hyundai,i20,2021,16046,2021-04-07,Gaz,Manuelle,150,Euro 6,Bleu,Break,Japon,19500,20250.0
Citroen,C3,2011,23058,2014-12-24,Hybride,Automatique,90,Euro 1,Noir,Monospace,France,16000,12921.0
Audi,A3,2016,33887,2017-10-31,Diesel,Automatique,110,Euro 5,Bleu,Berline,Espagne,34000,27083.0
Tesla,Model X,2012,109790,2014-07-14,Hybride,Automatique,150,Euro 1,Noir,Break,France,120000,68310.0
Citroen,C4,2016,124850,2019-11-22,Diesel,Manuelle,90,Euro 5,Blanc,Monospace,Espagne,24000,15936.0
Volkswagen,Passat,2024,44053,2027-09-10,Essence,Automatique,130,Euro 6,Blanc,SUV,Espagne,36000,36768.0
BMW,Serie 1,2011,247586,2012-10-25,Essence,Manuelle,150,Euro 4,Rouge,Monospace,USA,35000,13135.0
Volkswagen,Golf,2005,88704,2006-11-12,Gaz,Manuelle,110,Euro 3,Gris,SUV,France,25000,9660.0
Toyota,Corolla,2017,30299,2020-03-10,Hybride,Manuelle,110,Euro 1,Blanc,SUV,USA,28000,24396.0
Dacia,Duster,2011,185702,2011-06-01,Essence,Manuelle,110,Euro 4,Rouge,Monospace,Japon,19900,8600.0
BMW,Serie 1,2007,14420,2008-02-19,Diesel,Automatique,130,Euro 3,Blanc,Berline,USA,35000,18384.0
Toyota,Yaris,2020,83713,2022-08-14,Electrique,Manuelle,130,Euro 1,Gris,Break,France,19000,20240.0
Volkswagen,Tiguan,2008,82145,2011-09-01,Diesel,Manuelle,130,Euro 3,Noir,Crossover,USA,40000,18172.0
Citroen,C4,2019,168851,2019-08-11,Diesel,Manuelle,130,Euro 5,Bleu,Crossover,Allemagne,24000,17457.0
Dacia,Duster,2023,179706,2023-11-17,Diesel,Manuelle,90,Euro 6,Blanc,Berline,USA,19900,16640.0
Hyundai,Tucson,2009,235411,2012-09-11,Gaz,Automatique,200,Euro 3,Blanc,Berline,Japon,35000,12960.0
Mercedes,Classe E,2018,29444,2019-11-28,Gaz,Automatique,90,Euro 5,Gris,Break,Espagne,75000,63520.0
Volkswagen,Passat,2023,25682,2025-11-19,Electrique,Automatique,110,Euro 1,Blanc,Berline,France,36000,41895.0
Tesla,Model 3,2014,248018,2015-03-16,Essence,Manuelle,150,Euro 4,Bleu,Crossover,France,45000,20930.0
Toyota,RAV4,2007,11094,2009-12-31,Diesel,Automatique,90,Euro 3,Blanc,Break,USA,37000,19152.0
Toyota,Corolla,2024,34660,2027-08-25,Essence,Manuelle,150,Euro 6,Gris,Break,Japon,28000,27645.0
BMW,Serie 3,2018,246119,2020-08-23,Hybride,Automatique,90,Euro 1,Blanc,Monospace,Espagne,45000,29522.0
Kia,Ceed,2005,18048,2005-06-01,Essence,Manuelle,150,Euro 3,Rouge,SUV,USA,23000,9870.0
Citroen,C5 Aircross,2005,94564,2005-07-30,Gaz,Manuelle,200,Euro 3,Blanc,SUV,Japon,35000,13090.0
Peugeot,208,2007,17441,2010-01-26,Diesel,Automatique,90,Euro 3,Noir,Break,Allemagne,18000,10032.0
BMW,X5,2016,103876,2018-07-29,Gaz,Manuelle,110,Euro 5,Blanc,SUV,Allemagne,80000,54516.0
Mercedes,Classe C,2020,27006,2022-06-28,Diesel,Manuelle,130,Euro 6,Noir,Monospace,Japon,55000,48418.0
Toyota,RAV4,2020,187221,2020-09-07,Electrique,Automatique,150,Euro 1,Bleu,SUV,Allemagne,37000,31850.0
Mercedes,Classe E,2023,150081,2026-12-21,Hybride,Automatique,150,Euro 1,Noir,Crossover,Espagne,75000,66830.0
Citroen,C5 Aircross,2019,210024,2020-09-16,Hybride,Manuelle,110,Euro 1,Noir,SUV,Japon,35000,25024.0
Ford,Focus,2017,149855,2018-09-29,Gaz,Automatique,150,Euro 5,Blanc,Break,Japon,26000,20150.0
Mercedes,Classe E,2020,247797,2023-12-06,Electrique,Automatique,150,Euro 1,Noir,Crossover,Espagne,75000,53440.0
Mercedes,Classe C,2011,216326,2012-03-11,Essence,Automatique,200,Euro 4,Noir,Berline,USA,55000,23200.0
Peugeot,308,2015,134380,2017-06-11,Gaz,Manuelle,200,Euro 5,Gris,Monospace,Italie,30000,20100.0
Dacia,Spring,2018,151690,2019-10-08,Essence,Manuelle,200,Euro 5,Blanc,Monospace,USA,22000,15410.0
BMW,Serie 5,2018,181478,2018-11-10,Essence,Automatique,90,Euro 5,Bleu,Berline,France,65000,42816.0
Dacia,Sandero,2005,51748,2006-07-15,Gaz,Automatique,150,Euro 3,Gris,SUV,Espagne,15900,7942.0
Renault,Clio,2015,113250,2015-06-28,Essence,Automatique,150,Euro 5,Rouge,Berline,Japon,17000,12090.0
BMW,Serie 5,2017,60322,2017-04-24,Essence,Manuelle,130,Euro 5,Noir,Crossover,Japon,65000,47669.0
Citroen,C5 Aircross,2020,94969,2022-04-25,Hybride,Manuelle,90,Euro 1,Noir,Break,France,35000,30731.0
Ford,Kuga,2021,130019,2024-08-16,Hybride,Manuelle,130,Euro 1,Gris,SUV,USA,34000,29874.0
Audi,A3,2005,195180,2005-04-06,Diesel,Manuelle,200,Euro 3,Bleu,Berline,France,34000,8640.0
Dacia,Spring,2017,18497,2018-10-02,Gaz,Manuelle,150,Euro 5,Rouge,Break,Japon,22000,19500.0
Volkswagen,Passat,2012,223629,2014-05-06,Hybride,Automatique,90,Euro 1,Rouge,Break,Allemagne,36000,17598.0
Tesla,Model X,2006,13110,2009-04-26,Essence,Manuelle,110,Euro 3,Gris,Crossover,USA,120000,54045.0
Dacia,Duster,2007,185135,2010-09-14,Essence,Manuelle,110,Euro 3,Noir,Monospace,Espagne,19900,6200.0
Toyota,Corolla,2005,180198,2005-10-07,Diesel,Manuelle,110,Euro 3,Bleu,SUV,Japon,28000,7275.0
Ford,Fiesta,2011,28194,2012-12-10,Hybride,Automatique,130,Euro 1,Noir,Break,USA,18000,14337.0
Peugeot,5008,2019,172995,2019-11-01,Diesel,Manuelle,150,Euro 5,Noir,SUV,USA,42000,29580.0
Hyundai,i20,2016,30568,2018-10-18,Hybride,Manuelle,90,Euro 1,Bleu,Crossover,Italie,19500,17082.0
Audi,Q5,2015,148364,2015-10-19,Essence,Automatique,90,Euro 5,Bleu,SUV,Italie,65000,39471.0
Ford,Kuga,2012,226010,2013-06-17,Essence,Manuelle,200,Euro 4,Rouge,SUV,Italie,34000,14700.0
Dacia,Spring,2019,191630,2020-11-12,Hybride,Manuelle,150,Euro 1,Noir,Crossover,Italie,22000,17490.0
Ford,Focus,2008,225120,2009-07-25,Gaz,Automatique,90,Euro 3,Gris,Break,France,26000,9120.0
Tesla,Model 3,2013,189213,2014-07-01,Essence,Manuelle,200,Euro 4,Rouge,Break,Espagne,45000,22540.0
Dacia,Sandero,2016,175859,2016-05-03,Diesel,Automatique,90,Euro 5,Bleu,Monospace,Italie,15900,11092.0
Peugeot,5008,2020,92101,2022-09-04,Essence,Automatique,150,Euro 6,Gris,Crossover,Italie,42000,35155.0
Ford,Kuga,2020,246914,2020-05-18,Electrique,Automatique,200,Euro 1,Gris,Berline,Italie,34000,27520.0
Volkswagen,Golf,2008,143850,2011-02-04,Diesel,Manuelle,200,Euro 3,Gris,Crossover,Allemagne,25000,10260.0
Audi,A6,2011,64149,2012-06-09,Essence,Automatique,200,Euro 4,Noir,SUV,Espagne,72000,41250.0
Hyundai,Tucson,2024,13770,2024-12-10,Electrique,Automatique,200,Euro 1,Blanc,Monospace,Japon,35000,43560.0
Toyota,Hilux,2015,156613,2016-10-12,Diesel,Automatique,130,Euro 5,Noir,Berline,Italie,45000,28014.0
Audi,A6,2009,204549,2011-04-07,Gaz,Automatique,110,Euro 3,Noir,Crossover,USA,72000,26810.0
Dacia,Sandero,2005,50315,2006-08-14,Diesel,Automatique,150,Euro 3,Rouge,Monospace,Espagne,15900,7372.0
Hyundai,i30,2012,211361,2014-05-13,Diesel,Manuelle,200,Euro 4,Blanc,Crossover,Italie,22000,10320.0
Dacia,Spring,2005,165661,2008-09-07,Gaz,Automatique,110,Euro 3,Gris,SUV,Espagne,22000,7182.0
Tesla,Model S,2016,138269,2019-08-19,Diesel,Automatique,130,Euro 5,Rouge,Berline,Italie,95000,61929.0
BMW,X5,2012,179676,2013-03-07,Gaz,Automatique,130,Euro 4,Noir,SUV,USA,80000,39856.0
Hyundai,Tucson,2019,122257,2022-07-30,Electrique,Manuelle,110,Euro 1,Blanc,SUV,Espagne,35000,30003.0
Toyota,RAV4,2010,153984,2013-06-13,Gaz,Manuelle,110,Euro 4,Rouge,Berline,France,37000,17028.0
Toyota,Yaris,2014,82350,2016-03-31,Diesel,Manuelle,150,Euro 4,Gris,Monospace,Japon,19000,12710.0
Dacia,Spring,2024,150243,2024-07-08,Electrique,Automatique,130,Euro 1,Bleu,Break,Japon,22000,25755.0
Citroen,C4,2008,120817,2011-04-30,Essence,Automatique,110,Euro 3,Bleu,SUV,France,24000,10440.0
BMW,Serie 3,2013,59184,2015-09-10,Gaz,Manuelle,90,Euro 4,Bleu,Berline,Allemagne,45000,29388.0
BMW,Serie 3,2016,190569,2017-08-10,Hybride,Automatique,200,Euro 1,Gris,Crossover,Espagne,45000,29640.0
Peugeot,5008,2011,238504,2013-04-16,Essence,Automatique,150,Euro 4,Bleu,Crossover,USA,42000,16910.0
Mercedes,Classe A,2009,157307,2012-08-11,Gaz,Manuelle,150,Euro 3,Noir,Monospace,Allemagne,38000,16400.0
Citroen,C4,2020,171331,2022-03-04,Hybride,Manuelle,110,Euro 1,Noir,Crossover,Italie,24000,19951.0
Tesla,Model S,2005,219072,2006-11-18,Gaz,Manuelle,200,Euro 3,Noir,SUV,Japon,95000,21670.0
Renault,Clio,2013,123125,2013-05-12,Gaz,Automatique,200,Euro 4,Blanc,Crossover,France,17000,12375.0
Ford,Fiesta,2014,101610,2014-10-29,Essence,Automatique,130,Euro 4,Noir,SUV,France,18000,12180.0
Dacia,Sandero,2011,53908,2013-04-27,Gaz,Manuelle,90,Euro 4,Bleu,Break,Italie,15900,10248.0
Tesla,Model S,2013,44369,2013-09-17,Diesel,Manuelle,150,Euro 4,Gris,Break,Japon,95000,60795.0
Mercedes,Classe C,2020,248096,2020-12-04,Hybride,Automatique,200,Euro 1,Noir,Monospace,Italie,55000,39680.0
Ford,Fiesta,2017,145230,2018-06-09,Essence,Automatique,150,Euro 5,Blanc,Monospace,Allemagne,18000,13325.0
Volkswagen,Golf,2017,244185,2019-11-08,Hybride,Manuelle,130,Euro 1,Blanc,Break,France,25000,16115.0
Volkswagen,Passat,2018,67040,2021-01-12,Diesel,Automatique,110,Euro 5,Bleu,SUV,USA,36000,29716.0
Audi,A3,2019,147334,2021-08-03,Essence,Manuelle,110,Euro 5,Blanc,Monospace,Italie,34000,24211.0
Dacia,Duster,2023,41905,2023-08-18,Electrique,Manuelle,150,Euro 1,Gris,Monospace,USA,19900,24552.0
Audi,A6,2007,199569,2010-10-07,Essence,Manuelle,200,Euro 3,Blanc,Berline,Allemagne,72000,21900.0
Toyota,Yaris,2012,116349,2013-06-13,Diesel,Manuelle,110,Euro 4,Blanc,Crossover,Japon,19000,10653.0
Dacia,Sandero,2015,249328,2015-02-19,Gaz,Automatique,130,Euro 5,Bleu,Monospace,USA,15900,10143.0
Kia,Rio,2007,55595,2008-01-23,Diesel,Automatique,90,Euro 3,Blanc,Crossover,Japon,18900,9592.0
Dacia,Spring,2021,89573,2022-10-23,Essence,Automatique,150,Euro 6,Blanc,Monospace,France,22000,20335.0
Volkswagen,Tiguan,2009,90399,2009-10-26,Diesel,Automatique,150,Euro 3,Blanc,SUV,Italie,40000,20010.0
Peugeot,208,2018,76727,2020-07-06,Diesel,Manuelle,150,Euro 5,Bleu,SUV,Italie,18000,14625.0
BMW,Serie 3,2020,193039,2020-08-12,Electrique,Manuelle,110,Euro 1,Bleu,Crossover,Japon,45000,35259.0
Tesla,Model S,2016,234248,2017-09-11,Essence,Automatique,150,Euro 5,Noir,Break,France,95000,51675.0
Kia,Ceed,2008,172375,2011-08-18,Essence,Manuelle,110,Euro 3,Gris,Berline,France,23000,8085.0
Peugeot,5008,2016,187461,2017-11-19,Essence,Automatique,110,Euro 5,Bleu,SUV,Japon,42000,25578.0
Volkswagen,Passat,2014,37256,2015-02-04,Essence,Manuelle,90,Euro 4,Blanc,SUV,USA,36000,24053.0
Kia,Sportage,2012,109676,2013-02-20,Essence,Manuelle,110,Euro 4,Rouge,Monospace,Espagne,34000,18414.0
Hyundai,Tucson,2024,51182,2024-09-29,Electrique,Automatique,110,Euro 1,Rouge,SUV,Japon,35000,40945.0
Hyundai,i30,2013,75697,2015-03-14,Gaz,Automatique,130,Euro 4,Gris,Monospace,Espagne,22000,16080.0
Volkswagen,Passat,2011,167060,2011-09-30,Diesel,Automatique,200,Euro 4,Noir,Berline,Italie,36000,18000.0
Volkswagen,Golf,2024,37709,2024-01-25,Electrique,Manuelle,130,Euro 1,Rouge,SUV,Italie,25000,30361.0
Dacia,Sandero,2021,218791,2024-07-13,Hybride,Automatique,150,Euro 1,Bleu,Crossover,Italie,15900,15680.0
Hyundai,i30,2019,42223,2019-02-16,Gaz,Automatique,200,Euro 5,Rouge,SUV,Espagne,22000,22275.0
Ford,Fiesta,2016,63454,2018-08-15,Gaz,Automatique,130,Euro 5,Rouge,Monospace,USA,18000,15960.0
Dacia,Sandero,2006,183356,2007-03-10,Gaz,Manuelle,90,Euro 3,Gris,Crossover,Italie,15900,5124.0
Citroen,C4,2015,71300,2018-04-16,Essence,Automatique,200,Euro 5,Bleu,Monospace,Japon,24000,17820.0
Mercedes,Classe A,2019,110279,2019-07-29,Gaz,Manuelle,110,Euro 5,Rouge,Berline,Japon,38000,30044.0
Tesla,Model 3,2012,148478,2015-04-21,Diesel,Manuelle,200,Euro 4,Rouge,Break,Espagne,45000,23500.0
Hyundai,Tucson,2023,40032,2026-09-01,Hybride,Manuelle,200,Euro 1,Rouge,Monospace,Allemagne,35000,37200.0
Ford,Focus,2007,161719,2009-08-15,Essence,Automatique,200,Euro 3,Gris,Berline,USA,26000,9570.0
Dacia,Sandero,2006,74562,2007-12-31,Essence,Manuelle,130,Euro 3,Blanc,Monospace,France,15900,6318.0
Mercedes,GLC,2023,103415,2024-04-08,Gaz,Automatique,130,Euro 6,Bleu,Berline,Allemagne,85000,78126.0
Dacia,Sandero,2018,235372,2018-07-03,Electrique,Manuelle,130,Euro 1,Noir,Crossover,USA,15900,13098.0
Ford,Kuga,2006,214053,2008-04-01,Gaz,Automatique,150,Euro 3,Bleu,Monospace,Allemagne,34000,9750.0
BMW,Serie 5,2018,111086,2020-08-20,Essence,Automatique,150,Euro 5,Gris,Berline,Italie,65000,47925.0
Hyundai,i20,2007,182160,2009-03-04,Diesel,Automatique,130,Euro 3,Rouge,Break,Espagne,19500,7068.0
Hyundai,Tucson,2022,194985,2023-10-05,Hybride,Manuelle,200,Euro 1,Bleu,Monospace,Allemagne,35000,30000.0
Renault,Megane,2014,223992,2015-03-18,Essence,Automatique,200,Euro 4,Rouge,SUV,USA,25000,13440.0
Mercedes,Classe C,2023,13818,2023-09-28,Diesel,Automatique,200,Euro 6,Gris,Break,Espagne,55000,56640.0
Peugeot,308,2015,168020,2015-10-21,Essence,Automatique,200,Euro 5,Bleu,Crossover,Espagne,30000,18810.0
Peugeot,3008,2020,64796,2020-10-09,Essence,Automatique,110,Euro 6,Gris,Crossover,Espagne,35000,30422.0
Renault,Talisman,2005,135913,2006-06-15,Diesel,Automatique,130,Euro 3,Noir,Berline,Espagne,40000,12990.0
Hyundai,i20,2014,208870,2016-11-15,Gaz,Manuelle,130,Euro 4,Bleu,SUV,Italie,19500,11150.0
Audi,Q5,2006,123372,2007-10-13,Diesel,Automatique,90,Euro 3,Bleu,Break,France,65000,23086.0
Audi,A6,2008,188673,2011-04-26,Essence,Automatique,130,Euro 3,Gris,Crossover,Japon,72000,25262.0
Citroen,C3,2018,173361,2018-11-22,Essence,Manuelle,150,Euro 5,Bleu,Monospace,Japon,16000,10725.0
Volkswagen,Passat,2017,86935,2020-08-21,Diesel,Automatique,110,Euro 5,Noir,Monospace,Allemagne,36000,27761.0
Peugeot,208,2011,188836,2011-05-02,Hybride,Automatique,150,Euro 1,Blanc,Berline,Japon,18000,10535.0
Volkswagen,Arteon,2012,46627,2014-01-06,Gaz,Automatique,90,Euro 4,Gris,Crossover,Espagne,48000,31440.0
BMW,Serie 3,2023,219702,2025-01-26,Gaz,Manuelle,90,Euro 6,Rouge,Berline,France,45000,36024.0
Toyota,RAV4,2008,192765,2009-07-11,Essence,Automatique,110,Euro 3,Blanc,Break,Japon,37000,12903.0
Kia,Sportage,2007,203295,2007-06-28,Gaz,Manuelle,90,Euro 3,Bleu,Monospace,Espagne,34000,10556.0
Peugeot,3008,2012,161520,2012-10-17,Hybride,Manuelle,130,Euro 1,Noir,Crossover,Japon,35000,18864.0
Kia,Ceed,2007,96037,2009-03-24,Diesel,Manuelle,200,Euro 3,Gris,Monospace,Allemagne,23000,10000.0
BMW,Serie 1,2024,92573,2024-06-16,Diesel,Manuelle,150,Euro 6,Noir,Monospace,USA,35000,33215.0
BMW,Serie 5,2024,58121,2027-10-06,Electrique,Manuelle,200,Euro 1,Rouge,Berline,Italie,65000,68400.0
Volkswagen,Tiguan,2007,177884,2010-04-21,Essence,Manuelle,200,Euro 3,Noir,Berline,France,40000,13120.0
Citroen,C5 Aircross,2006,216909,2008-03-02,Diesel,Automatique,150,Euro 3,Noir,Berline,Japon,35000,9625.0
Kia,Sportage,2022,100091,2022-08-22,Hybride,Automatique,130,Euro 1,Rouge,Monospace,Italie,34000,33852.0
BMW,X5,2011,99483,2011-12-23,Gaz,Automatique,90,Euro 4,Rouge,Berline,France,80000,43888.0
Audi,A3,2023,176694,2026-09-10,Gaz,Automatique,110,Euro 6,Noir,SUV,Espagne,34000,30880.0
Renault,Captur,2020,191844,2020-02-18,Essence,Automatique,200,Euro 6,Gris,Crossover,Japon,28000,21390.0
Volkswagen,Arteon,2011,141573,2014-06-15,Essence,Automatique,90,Euro 4,Noir,Crossover,Italie,48000,23453.0
Dacia,Duster,2018,243691,2021-08-19,Hybride,Manuelle,110,Euro 1,Gris,Break,Espagne,19900,13920.0
Dacia,Spring,2006,208999,2006-03-04,Diesel,Manuelle,150,Euro 3,Noir,Break,Espagne,22000,6110.0
BMW,Serie 3,2016,64073,2016-12-18,Diesel,Automatique,150,Euro 5,Bleu,Crossover,Allemagne,45000,33950.0
Volkswagen,Golf,2024,107687,2026-03-20,Hybride,Automatique,110,Euro 1,Bleu,Berline,France,25000,27990.0
Hyundai,i30,2010,239551,2012-02-09,Essence,Manuelle,130,Euro 4,Noir,Monospace,Japon,22000,7805.0
Mercedes,Classe C,2013,78392,2016-09-16,Hybride,Automatique,130,Euro 1,Rouge,Break,France,55000,36780.0
Tesla,Model S,2013,90427,2013-01-26,Gaz,Manuelle,90,Euro 4,Noir,Crossover,Espagne,95000,56492.0
Mercedes,Classe C,2006,82927,2006-02-21,Diesel,Automatique,130,Euro 3,Gris,Crossover,France,55000,22154.0
Peugeot,3008,2014,30158,2015-05-24,Gaz,Manuelle,200,Euro 4,Gris,Berline,Espagne,35000,25795.0
Hyundai,i20,2008,18867,2011-11-24,Gaz,Manuelle,90,Euro 3,Gris,Berline,Allemagne,19500,11169.0
Peugeot,3008,2013,29543,2015-05-21,Gaz,Manuelle,150,Euro 4,Rouge,Berline,Japon,35000,24700.0
Peugeot,308,2009,163606,2011-07-02,Gaz,Manuelle,130,Euro 3,Noir,Monospace,Allemagne,30000,12792.0
Toyota,Hilux,2019,165736,2020-06-03,Essence,Automatique,150,Euro 5,Rouge,Berline,Espagne,45000,32775.0
Audi,A6,2011,152405,2011-01-26,Gaz,Manuelle,200,Euro 4,Rouge,Crossover,USA,72000,34730.0
Toyota,Hilux,2022,144917,2023-10-24,Diesel,Automatique,130,Euro 6,Blanc,Break,Italie,45000,38640.0
Kia,Ceed,2011,210695,2013-02-04,Essence,Manuelle,130,Euro 4,Noir,Break,Allemagne,23000,9320.0
Audi,Q5,2024,45771,2027-05-08,Gaz,Manuelle,110,Euro 6,Noir,Berline,Japon,65000,64896.0
BMW,Serie 1,2007,129241,2008-12-10,Gaz,Manuelle,110,Euro 3,Bleu,SUV,USA,35000,13912.0
Hyundai,i30,2006,77164,2006-07-06,Gaz,Manuelle,200,Euro 3,Blanc,Monospace,Japon,22000,9945.0
Kia,Rio,2009,243310,2010-07-17,Gaz,Manuelle,130,Euro 3,Noir,Crossover,Allemagne,18900,6727.0
BMW,Serie 3,2006,155536,2009-08-18,Diesel,Automatique,200,Euro 3,Noir,Break,Espagne,45000,15190.0
Hyundai,i20,2008,198709,2009-01-28,Essence,Automatique,90,Euro 3,Noir,Break,France,19500,7062.0
Toyota,RAV4,2006,126161,2009-08-04,Gaz,Automatique,110,Euro 3,Rouge,Monospace,Allemagne,37000,14144.0
Dacia,Sandero,2012,134175,2014-07-16,Essence,Automatique,130,Euro 4,Blanc,Monospace,Espagne,15900,9282.0
Peugeot,308,2022,218818,2024-07-26,Hybride,Manuelle,110,Euro 1,Noir,Berline,Espagne,30000,24893.0
Hyundai,i20,2024,211901,2026-02-16,Electrique,Manuelle,200,Euro 1,Noir,Crossover,Italie,19500,20935.0
Toyota,Corolla,2013,247461,2014-04-09,Diesel,Automatique,90,Euro 4,Rouge,Break,Italie,28000,13287.0
Audi,A6,2023,204613,2025-10-01,Essence,Automatique,130,Euro 6,Gris,SUV,Espagne,72000,57211.0
Renault,Talisman,2015,157460,2016-02-25,Essence,Automatique,110,Euro 5,Blanc,Crossover,Japon,40000,24418.0
Kia,Sportage,2012,79743,2013-03-31,Essence,Manuelle,200,Euro 4,Blanc,SUV,Japon,34000,19950.0
Peugeot,5008,2012,75821,2013-05-30,Diesel,Manuelle,90,Euro 4,Rouge,SUV,Japon,42000,24453.0
Peugeot,308,2006,161902,2006-09-20,Diesel,Manuelle,90,Euro 3,Bleu,Berline,Italie,30000,9270.0
Renault,Talisman,2010,59660,2011-10-04,Diesel,Manuelle,200,Euro 4,Rouge,SUV,Italie,40000,22260.0
Kia,Sportage,2006,38702,2008-04-13,Essence,Automatique,90,Euro 3,Noir,SUV,Allemagne,34000,15437.0
Toyota,Corolla,2019,198204,2021-12-26,Diesel,Automatique,110,Euro 5,Bleu,Berline,France,28000,20526.0
Kia,Rio,2016,180052,2016-01-08,Essence,Manuelle,130,Euro 5,Bleu,Monospace,Italie,18900,11136.0
BMW,Serie 3,2021,75589,2022-04-22,Gaz,Manuelle,130,Euro 6,Rouge,Monospace,Allemagne,45000,40152.0
Tesla,Model 3,2011,52152,2011-07-15,Essence,Manuelle,130,Euro 4,Rouge,Break,USA,45000,25368.0
Hyundai,i20,2017,207920,2017-08-17,Diesel,Automatique,200,Euro 5,Noir,SUV,Japon,19500,13865.0
Mercedes,Classe C,2006,207274,2007-01-01,Diesel,Manuelle,130,Euro 3,Bleu,Monospace,USA,55000,14638.0
Ford,Fiesta,2022,131231,2025-10-15,Hybride,Manuelle,90,Euro 1,Noir,Berline,Japon,18000,17739.0
Renault,Megane,2009,193019,2012-06-05,Diesel,Manuelle,150,Euro 3,Gris,Monospace,USA,25000,9540.0
Dacia,Spring,2020,39515,2023-06-04,Essence,Automatique,110,Euro 6,Bleu,Berline,USA,22000,20485.0
Renault,Clio,2019,203417,2019-02-18,Essence,Manuelle,110,Euro 5,Bleu,SUV,Allemagne,17000,11115.0
Citroen,C5 Aircross,2017,73455,2017-02-19,Hybride,Automatique,150,Euro 1,Bleu,Crossover,Espagne,35000,29880.0
Hyundai,i30,2016,228337,2018-04-23,Hybride,Manuelle,110,Euro 1,Blanc,Monospace,Espagne,22000,14094.0
Toyota,Corolla,2006,53294,2008-03-10,Essence,Automatique,130,Euro 3,Blanc,Crossover,USA,28000,12423.0
Volkswagen,Golf,2010,35995,2011-01-01,Essence,Manuelle,130,Euro 4,Blanc,Monospace,Italie,25000,13915.0
BMW,Serie 1,2021,35997,2022-10-29,Essence,Manuelle,150,Euro 6,Rouge,Break,Allemagne,35000,31240.0
Peugeot,3008,2023,122443,2024-02-28,Diesel,Automatique,200,Euro 6,Rouge,Monospace,Allemagne,35000,33150.0
Hyundai,i20,2015,25605,2015-08-28,Essence,Manuelle,200,Euro 5,Bleu,Monospace,France,19500,14555.0
Audi,A3,2009,235303,2010-08-25,Diesel,Automatique,200,Euro 3,Rouge,Break,Japon,34000,12160.0
Hyundai,Tucson,2024,223553,2027-04-24,Gaz,Manuelle,200,Euro 6,Gris,Break,Italie,35000,30030.0
BMW,Serie 3,2021,214515,2024-10-02,Essence,Automatique,130,Euro 6,Noir,SUV,Italie,45000,33110.0
Mercedes,GLC,2012,229523,2012-05-03,Hybride,Automatique,150,Euro 1,Gris,Monospace,Italie,85000,38430.0
Citroen,C5 Aircross,2018,95041,2018-09-02,Essence,Manuelle,200,Euro 5,Rouge,Monospace,Japon,35000,26280.0
Volkswagen,Passat,2017,21235,2020-01-01,Gaz,Automatique,130,Euro 5,Bleu,Berline,Italie,36000,31416.0
Dacia,Sandero,2024,63241,2026-12-31,Essence,Automatique,110,Euro 6,Bleu,Monospace,USA,15900,16920.0
BMW,Serie 3,2005,59402,2006-04-14,Essence,Automatique,150,Euro 3,Blanc,Break,France,45000,18050.0
Toyota,RAV4,2016,64159,2017-02-18,Gaz,Manuelle,110,Euro 5,Bleu,Break,Allemagne,37000,27720.0
Volkswagen,Arteon,2010,95592,2011-03-10,Hybride,Manuelle,150,Euro 1,Noir,Berline,USA,48000,25725.0
Audi,A6,2008,187284,2011-01-28,Diesel,Manuelle,200,Euro 3,Bleu,Monospace,Allemagne,72000,25160.0
Kia,Rio,2015,116107,2017-07-30,Hybride,Automatique,90,Euro 1,Rouge,Berline,Japon,18900,15376.0
BMW,Serie 1,2014,184261,2014-11-14,Hybride,Automatique,200,Euro 1,Gris,Break,Japon,35000,21840.0
BMW,X5,2021,46145,2021-03-07,Hybride,Manuelle,150,Euro 1,Rouge,Berline,Japon,80000,73515.0
Audi,A6,2020,36894,2022-09-18,Diesel,Manuelle,200,Euro 6,Gris,SUV,France,72000,62900.0
Volkswagen,Tiguan,2006,30015,2009-02-24,Essence,Automatique,90,Euro 3,Blanc,Monospace,Italie,40000,18017.0
Citroen,C4,2008,95941,2010-09-21,Essence,Manuelle,90,Euro 3,Blanc,Crossover,USA,24000,10277.0
Renault,Clio,2016,198354,2016-04-05,Hybride,Automatique,90,Euro 1,Blanc,Crossover,Espagne,17000,13053.0
Dacia,Duster,2019,63072,2019-09-20,Hybride,Manuelle,150,Euro 1,Blanc,SUV,Espagne,19900,19276.0
Audi,Q5,2011,242777,2013-08-08,Essence,Manuelle,150,Euro 4,Noir,Crossover,Italie,65000,24235.0
BMW,Serie 3,2019,192416,2022-10-02,Essence,Manuelle,110,Euro 5,Gris,Berline,Italie,45000,29766.0
Renault,Captur,2010,247659,2012-01-13,Diesel,Automatique,150,Euro 4,Blanc,SUV,USA,28000,10710.0
Tesla,Model S,2006,139390,2009-08-09,Essence,Manuelle,200,Euro 3,Noir,Berline,France,95000,31680.0
BMW,Serie 3,2005,194954,2005-05-11,Diesel,Automatique,200,Euro 3,Bleu,Berline,Espagne,45000,11760.0
Peugeot,3008,2021,235520,2021-11-23,Hybride,Manuelle,150,Euro 1,Blanc,Monospace,USA,35000,26860.0
BMW,Serie 3,2022,223008,2024-06-12,Essence,Manuelle,90,Euro 6,Noir,Break,Espagne,45000,32328.0
Renault,Megane,2016,31372,2018-03-23,Diesel,Manuelle,200,Euro 5,Rouge,Berline,USA,25000,19710.0
Mercedes,Classe C,2005,34112,2005-01-09,Diesel,Automatique,90,Euro 3,Gris,Crossover,Espagne,55000,23160.0
Peugeot,308,2008,243585,2010-06-18,Essence,Automatique,90,Euro 3,Noir,Berline,USA,30000,8932.0
Mercedes,Classe A,2019,87358,2019-06-07,Essence,Automatique,150,Euro 5,Blanc,SUV,Espagne,38000,31185.0
Ford,Focus,2019,74467,2020-06-28,Hybride,Automatique,200,Euro 1,Gris,Break,Espagne,26000,25740.0
Kia,Rio,2017,180356,2020-05-03,Diesel,Automatique,110,Euro 5,Rouge,Monospace,Allemagne,18900,13420.0
Audi,Q5,2006,155291,2006-11-21,Diesel,Manuelle,200,Euro 3,Bleu,Monospace,Allemagne,65000,20770.0
Dacia,Sandero,2020,241023,2020-04-14,Electrique,Automatique,130,Euro 1,Gris,SUV,Allemagne,15900,15488.0
Tesla,Model 3,2018,206724,2018-03-24,Electrique,Automatique,90,Euro 1,Noir,Berline,Japon,45000,32798.0
Dacia,Duster,2023,96337,2024-05-22,Diesel,Manuelle,200,Euro 6,Noir,Berline,Espagne,19900,19272.0
Tesla,Model X,2020,227795,2022-05-23,Electrique,Manuelle,90,Euro 1,Bleu,Berline,Japon,120000,83094.0
Mercedes,Classe A,2013,44219,2014-11-11,Diesel,Manuelle,150,Euro 4,Noir,SUV,USA,38000,24885.0
Audi,A4,2005,56620,2008-06-26,Diesel,Manuelle,150,Euro 3,Noir,Crossover,France,48000,18810.0
Ford,Kuga,2022,71022,2023-01-22,Electrique,Manuelle,110,Euro 1,Rouge,Break,Italie,34000,34887.0
Toyota,Corolla,2017,144644,2019-05-24,Gaz,Automatique,130,Euro 5,Noir,Crossover,Allemagne,28000,21320.0
Mercedes,Classe A,2011,72909,2013-05-26,Diesel,Automatique,90,Euro 4,Rouge,Berline,Espagne,38000,22086.0
Peugeot,208,2015,37027,2017-03-18,Diesel,Automatique,150,Euro 5,Rouge,Crossover,Japon,18000,15050.0
Toyota,Corolla,2022,244788,2023-02-27,Gaz,Automatique,200,Euro 6,Blanc,Monospace,Japon,28000,23450.0
Audi,A3,2008,222279,2010-08-10,Gaz,Automatique,90,Euro 3,Noir,Monospace,Espagne,34000,11520.0
Hyundai,i20,2014,190876,2015-03-09,Diesel,Automatique,150,Euro 4,Gris,Monospace,Allemagne,19500,11730.0
Volkswagen,Tiguan,2018,120280,2018-09-30,Diesel,Automatique,90,Euro 5,Blanc,Berline,France,40000,30030.0
Tesla,Model X,2015,70531,2017-01-31,Hybride,Automatique,200,Euro 1,Rouge,Crossover,USA,120000,83820.0
Dacia,Sandero,2024,58961,2024-04-24,Essence,Automatique,150,Euro 6,Rouge,Crossover,Allemagne,15900,17480.0
Volkswagen,Passat,2018,186040,2019-04-06,Gaz,Automatique,130,Euro 5,Blanc,SUV,Italie,36000,26112.0
Ford,Focus,2012,62786,2013-08-28,Gaz,Manuelle,130,Euro 4,Bleu,Break,Allemagne,26000,16704.0
Dacia,Duster,2013,57790,2013-01-30,Hybride,Automatique,130,Euro 1,Rouge,Monospace,France,19900,16244.0
Audi,A3,2017,228580,2020-08-08,Hybride,Automatique,130,Euro 1,Rouge,SUV,Japon,34000,22971.0
Peugeot,308,2019,140004,2022-12-31,Essence,Manuelle,90,Euro 5,Blanc,Crossover,USA,30000,21229.0
Audi,A3,2019,92329,2021-08-15,Electrique,Automatique,110,Euro 1,Noir,Monospace,Italie,34000,31996.0
Tesla,Model X,2011,72514,2014-03-12,Hybride,Automatique,90,Euro 1,Bleu,Berline,USA,120000,67986.0
Hyundai,i20,2014,158339,2016-03-14,Hybride,Automatique,110,Euro 1,Noir,Break,Japon,19500,14080.0
Peugeot,5008,2021,245336,2022-09-08,Electrique,Automatique,110,Euro 1,Noir,Berline,USA,42000,33567.0
Tesla,Model 3,2010,66028,2012-05-16,Hybride,Automatique,130,Euro 1,Rouge,Crossover,Italie,45000,26676.0
Ford,Fiesta,2015,18813,2016-11-10,Essence,Automatique,130,Euro 5,Rouge,Berline,USA,18000,14616.0
Mercedes,Classe C,2017,151241,2020-09-19,Diesel,Automatique,110,Euro 5,Gris,Monospace,Italie,55000,37184.0
Ford,Kuga,2005,17220,2007-10-28,Essence,Manuelle,90,Euro 3,Bleu,Break,Italie,34000,14238.0
Volkswagen,Tiguan,2018,22881,2021-10-18,Gaz,Automatique,200,Euro 5,Noir,Break,Japon,40000,36400.0
Audi,A3,2019,164244,2020-04-14,Electrique,Automatique,110,Euro 1,Gris,Break,Italie,34000,29049.0
Audi,A6,2019,55324,2020-01-27,Hybride,Automatique,110,Euro 1,Gris,Break,France,72000,62480.0
BMW,Serie 3,2008,157826,2010-06-17,Essence,Automatique,200,Euro 3,Bleu,Crossover,Allemagne,45000,17760.0
Kia,Rio,2020,84324,2023-11-12,Diesel,Automatique,110,Euro 6,Gris,Crossover,Japon,18900,17600.0
Dacia,Duster,2010,181974,2010-01-12,Diesel,Automatique,90,Euro 4,Blanc,Break,USA,19900,9120.0
Peugeot,5008,2016,152663,2019-07-07,Gaz,Automatique,110,Euro 5,Noir,Berline,Allemagne,42000,28426.0
Toyota,Corolla,2018,47752,2020-07-07,Essence,Manuelle,90,Euro 5,Noir,Break,France,28000,21762.0
Volkswagen,Arteon,2022,249198,2025-05-08,Essence,Manuelle,90,Euro 6,Blanc,Crossover,France,48000,33530.0
Ford,Focus,2006,205071,2006-12-23,Gaz,Automatique,150,Euro 3,Bleu,Break,USA,26000,8060.0
Volkswagen,Passat,2006,74968,2006-03-13,Gaz,Automatique,130,Euro 3,Rouge,Berline,Italie,36000,15912.0
Kia,Sportage,2008,206545,2010-02-17,Diesel,Automatique,110,Euro 3,Gris,Monospace,Espagne,34000,11872.0
Ford,Kuga,2013,89169,2015-09-21,Gaz,Automatique,200,Euro 4,Blanc,Crossover,USA,34000,23305.0
Tesla,Model 3,2007,109827,2008-08-19,Gaz,Manuelle,90,Euro 3,Bleu,SUV,USA,45000,18486.0
Renault,Talisman,2013,224300,2013-03-06,Gaz,Automatique,90,Euro 4,Gris,Monospace,Allemagne,40000,19980.0
BMW,X5,2016,114561,2017-01-12,Essence,Automatique,150,Euro 5,Rouge,Crossover,Allemagne,80000,53625.0
Hyundai,Tucson,2021,198530,2024-07-05,Electrique,Manuelle,150,Euro 1,Gris,Berline,Espagne,35000,29880.0
BMW,Serie 5,2006,243831,2006-12-03,Gaz,Manuelle,150,Euro 3,Blanc,SUV,Espagne,65000,14960.0
Volkswagen,Arteon,2020,94380,2023-10-13,Essence,Manuelle,150,Euro 6,Rouge,SUV,Italie,48000,38315.0
Citroen,C4,2008,75833,2008-12-07,Diesel,Automatique,200,Euro 3,Bleu,SUV,USA,24000,12600.0
Toyota,RAV4,2021,225958,2022-11-11,Diesel,Automatique,110,Euro 6,Gris,SUV,Allemagne,37000,27669.0
Ford,Focus,2016,11245,2016-03-04,Gaz,Manuelle,110,Euro 5,Noir,Break,Japon,26000,21450.0
Dacia,Sandero,2022,224793,2025-07-27,Diesel,Manuelle,150,Euro 6,Noir,Break,France,15900,12528.0
Peugeot,5008,2017,175389,2020-09-22,Hybride,Manuelle,200,Euro 1,Rouge,Crossover,USA,42000,29140.0
Dacia,Sandero,2019,100232,2020-08-23,Diesel,Automatique,200,Euro 5,Gris,Monospace,France,15900,14925.0
Dacia,Duster,2005,148860,2005-02-26,Diesel,Automatique,130,Euro 3,Bleu,Break,Japon,19900,6728.0
Hyundai,i30,2022,148912,2023-05-25,Essence,Automatique,90,Euro 6,Gris,Break,France,22000,19120.0
Ford,Fiesta,2024,218236,2026-08-09,Essence,Manuelle,150,Euro 6,Gris,Monospace,France,18000,14615.0
Citroen,C4,2022,149198,2024-11-24,Gaz,Manuelle,110,Euro 6,Blanc,Crossover,Japon,24000,21280.0
Audi,A3,2008,115498,2010-05-09,Gaz,Manuelle,110,Euro 3,Bleu,Break,Allemagne,34000,15006.0
Renault,Captur,2018,61687,2021-07-04,Gaz,Automatique,110,Euro 5,Bleu,Monospace,Italie,28000,24776.0
Kia,Rio,2014,102663,2016-03-03,Hybride,Automatique,150,Euro 1,Bleu,Monospace,Japon,18900,15240.0
Citroen,C5 Aircross,2015,37160,2015-12-31,Hybride,Automatique,130,Euro 1,Bleu,Berline,France,35000,28910.0
Hyundai,Tucson,2007,40451,2010-07-28,Essence,Manuelle,130,Euro 3,Rouge,Break,Italie,35000,15885.0
Citroen,C5 Aircross,2017,167175,2017-02-06,Gaz,Manuelle,90,Euro 5,Blanc,Crossover,Japon,35000,23562.0
Audi,A4,2014,208663,2016-09-21,Essence,Automatique,150,Euro 4,Bleu,Break,France,48000,25250.0
Ford,Fiesta,2011,182291,2012-12-30,Diesel,Automatique,150,Euro 4,Bleu,SUV,Italie,18000,9245.0
Peugeot,3008,2019,149802,2019-07-07,Diesel,Manuelle,130,Euro 5,Bleu,SUV,Espagne,35000,25773.0
Renault,Talisman,2006,10910,2009-03-09,Gaz,Automatique,200,Euro 3,Gris,SUV,Japon,40000,20475.0
Toyota,Corolla,2011,60718,2013-04-12,Essence,Manuelle,110,Euro 4,Blanc,Crossover,Japon,28000,15455.0
Audi,A3,2007,142739,2009-10-21,Diesel,Automatique,150,Euro 3,Blanc,Crossover,Allemagne,34000,13125.0
Citroen,C4,2013,17714,2014-12-24,Diesel,Automatique,90,Euro 4,Blanc,Crossover,Japon,24000,17754.0
Citroen,C5 Aircross,2013,68391,2013-06-02,Diesel,Automatique,130,Euro 4,Bleu,Monospace,Italie,35000,23363.0
Volkswagen,Arteon,2015,227602,2017-06-03,Essence,Automatique,150,Euro 5,Rouge,Crossover,France,48000,25755.0
Peugeot,3008,2021,130925,2021-12-26,Hybride,Automatique,200,Euro 1,Bleu,Monospace,Espagne,35000,32760.0
Citroen,C3,2005,27552,2005-02-22,Diesel,Automatique,110,Euro 3,Noir,SUV,Allemagne,16000,7831.0
Volkswagen,Passat,2009,142214,2012-01-02,Essence,Manuelle,200,Euro 3,Noir,Crossover,Allemagne,36000,15170.0
Toyota,Corolla,2024,88870,2024-04-06,Gaz,Automatique,130,Euro 6,Bleu,Crossover,Espagne,28000,30176.0
Ford,Focus,2018,217071,2020-09-20,Diesel,Manuelle,90,Euro 5,Blanc,Berline,France,26000,16409.0
Tesla,Model X,2016,97544,2018-10-22,Hybride,Automatique,130,Euro 1,Rouge,Crossover,USA,120000,84621.0
Kia,Sportage,2020,91977,2023-07-07,Hybride,Automatique,90,Euro 1,Gris,Crossover,Allemagne,34000,31521.0
BMW,Serie 3,2011,131339,2011-04-14,Gaz,Manuelle,200,Euro 4,Gris,Break,Japon,45000,23280.0
Peugeot,208,2012,44059,2013-07-27,Gaz,Automatique,150,Euro 4,Rouge,Berline,France,18000,13800.0
Dacia,Spring,2019,42351,2021-12-08,Gaz,Manuelle,110,Euro 5,Blanc,Break,Espagne,22000,19926.0
Toyota,Hilux,2019,56882,2020-12-03,Gaz,Automatique,200,Euro 5,Gris,Crossover,Japon,45000,40400.0
Audi,A4,2010,206270,2011-08-31,Essence,Manuelle,150,Euro 4,Bleu,SUV,Espagne,48000,18430.0
Hyundai,i30,2024,104162,2025-02-19,Diesel,Manuelle,90,Euro 6,Noir,Crossover,Japon,22000,20610.0
Hyundai,i30,2006,174694,2006-11-08,Gaz,Manuelle,90,Euro 3,Gris,Monospace,Japon,22000,7076.0
Ford,Focus,2019,172414,2022-02-06,Diesel,Automatique,90,Euro 5,Gris,Break,USA,26000,19652.0
Audi,Q5,2013,12975,2014-11-07,Hybride,Manuelle,110,Euro 1,Bleu,Crossover,France,65000,45606.0
BMW,Serie 5,2022,174552,2023-07-31,Hybride,Manuelle,130,Euro 1,Gris,Crossover,Italie,65000,53361.0
Mercedes,Classe C,2022,207326,2025-11-15,Diesel,Automatique,90,Euro 6,Gris,Crossover,France,55000,42846.0
Kia,Ceed,2011,135919,2012-08-07,Gaz,Manuelle,110,Euro 4,Rouge,SUV,Italie,23000,12288.0
Volkswagen,Golf,2006,32158,2006-01-03,Essence,Automatique,130,Euro 3,Blanc,Monospace,Espagne,25000,11739.0
Mercedes,Classe E,2006,176776,2008-11-30,Diesel,Automatique,90,Euro 3,Noir,Berline,Espagne,75000,22591.0
Renault,Megane,2023,126914,2023-07-21,Essence,Manuelle,200,Euro 6,Blanc,SUV,France,25000,22100.0
Mercedes,Classe E,2021,115648,2021-08-28,Hybride,Manuelle,130,Euro 1,Gris,Crossover,Espagne,75000,63440.0
Kia,Rio,2014,64403,2016-07-17,Gaz,Automatique,90,Euro 4,Bleu,SUV,Espagne,18900,14912.0
Hyundai,i20,2011,244508,2011-01-07,Hybride,Automatique,200,Euro 1,Gris,Berline,USA,19500,9805.0
Volkswagen,Tiguan,2006,176449,2007-04-12,Diesel,Manuelle,110,Euro 3,Rouge,Monospace,Espagne,40000,11919.0
BMW,Serie 3,2010,237578,2012-12-23,Gaz,Automatique,90,Euro 4,Rouge,Break,Espagne,45000,17290.0
Ford,Focus,2010,93462,2010-10-05,Essence,Automatique,200,Euro 4,Blanc,Berline,Japon,26000,14210.0
Citroen,C4,2015,152110,2016-11-21,Diesel,Manuelle,130,Euro 5,Blanc,Crossover,Espagne,24000,14674.0
Toyota,Hilux,2011,129936,2014-02-15,Gaz,Automatique,90,Euro 4,Rouge,Crossover,Allemagne,45000,24206.0
Peugeot,308,2008,17823,2008-05-28,Diesel,Automatique,110,Euro 3,Rouge,SUV,Italie,30000,16881.0
Ford,Fiesta,2013,16450,2015-03-05,Hybride,Manuelle,150,Euro 1,Rouge,Break,Espagne,18000,14850.0
Tesla,Model X,2024,15567,2026-12-23,Essence,Manuelle,150,Euro 6,Bleu,Break,Allemagne,120000,119295.0
Hyundai,i20,2014,124329,2014-02-08,Gaz,Automatique,200,Euro 4,Blanc,Crossover,Allemagne,19500,14500.0
Hyundai,i30,2018,125438,2018-01-19,Essence,Manuelle,110,Euro 5,Noir,Break,France,22000,15470.0
Kia,Rio,2017,157679,2018-03-13,Hybride,Manuelle,130,Euro 1,Bleu,Berline,Japon,18900,14848.0
Citroen,C4,2020,132376,2023-12-23,Essence,Manuelle,150,Euro 6,Bleu,SUV,Italie,24000,18375.0
Peugeot,208,2005,166423,2007-04-13,Essence,Automatique,110,Euro 3,Bleu,SUV,Japon,18000,5427.0
Mercedes,Classe A,2014,207914,2017-04-26,Gaz,Automatique,130,Euro 4,Rouge,Monospace,USA,38000,21400.0
Peugeot,5008,2009,246856,2009-12-25,Essence,Automatique,90,Euro 3,Noir,Break,Allemagne,42000,13609.0
Citroen,C3,2009,164448,2009-01-04,Diesel,Manuelle,130,Euro 3,Rouge,Crossover,Espagne,16000,6747.0
Citroen,C5 Aircross,2015,186001,2018-10-24,Essence,Automatique,110,Euro 5,Gris,Break,France,35000,20405.0
Ford,Focus,2006,230969,2007-02-10,Gaz,Automatique,90,Euro 3,Noir,Berline,France,26000,6992.0
Tesla,Model S,2013,82271,2016-10-13,Hybride,Manuelle,110,Euro 1,Gris,SUV,Japon,95000,58469.0
Kia,Rio,2005,20493,2008-08-05,Essence,Manuelle,150,Euro 3,Noir,Crossover,Italie,18900,7954.0
Audi,A4,2019,51509,2022-09-09,Diesel,Manuelle,110,Euro 5,Gris,Berline,Espagne,48000,39280.0
Peugeot,3008,2021,217719,2024-02-27,Electrique,Automatique,200,Euro 1,Noir,Crossover,France,35000,30800.0
Volkswagen,Arteon,2020,125918,2023-02-24,Hybride,Manuelle,150,Euro 1,Rouge,Berline,Japon,48000,39900.0
Dacia,Duster,2021,45158,2021-10-01,Gaz,Manuelle,90,Euro 6,Gris,Break,Italie,19900,19401.0
Toyota,Yaris,2017,39946,2018-11-12,Hybride,Automatique,110,Euro 1,Gris,Crossover,Japon,19000,19076.0
Hyundai,Tucson,2012,41230,2015-01-03,Gaz,Manuelle,200,Euro 4,Gris,SUV,USA,35000,23100.0
Renault,Megane,2023,171847,2026-05-28,Essence,Manuelle,200,Euro 6,Noir,SUV,Espagne,25000,20800.0
Peugeot,5008,2013,126286,2014-05-14,Gaz,Automatique,200,Euro 4,Bleu,Berline,Espagne,42000,26125.0
Dacia,Spring,2010,219979,2010-03-26,Essence,Manuelle,110,Euro 4,Bleu,Break,Allemagne,22000,8177.0
Peugeot,3008,2020,47620,2023-04-02,Diesel,Manuelle,110,Euro 6,Noir,Berline,Espagne,35000,30324.0
Citroen,C3,2015,144044,2017-03-11,Diesel,Automatique,200,Euro 5,Gris,Crossover,Espagne,16000,11800.0
Ford,Fiesta,2023,194918,2026-05-03,Hybride,Manuelle,90,Euro 1,Noir,Berline,France,18000,17082.0
Peugeot,308,2009,110482,2011-03-05,Diesel,Manuelle,90,Euro 3,Blanc,SUV,France,30000,13596.0
Volkswagen,Passat,2023,134459,2025-03-26,Diesel,Automatique,200,Euro 6,Bleu,Crossover,Japon,36000,33600.0
BMW,Serie 1,2018,152591,2021-02-06,Gaz,Automatique,150,Euro 5,Blanc,Crossover,France,35000,26800.0
Peugeot,5008,2013,80290,2016-03-24,Gaz,Automatique,90,Euro 4,Rouge,SUV,Japon,42000,27376.0
Tesla,Model S,2022,93236,2025-03-05,Diesel,Automatique,130,Euro 6,Rouge,Crossover,Japon,95000,83555.0
BMW,Serie 5,2010,213771,2013-11-02,Essence,Manuelle,200,Euro 4,Blanc,Break,Espagne,65000,24420.0
Volkswagen,Golf,2005,137238,2005-12-25,Gaz,Manuelle,90,Euro 3,Rouge,SUV,Japon,25000,8220.0
Citroen,C3,2009,226299,2010-05-24,Essence,Manuelle,90,Euro 3,Blanc,Berline,Japon,16000,5247.0
Kia,Sportage,2010,245266,2012-04-01,Hybride,Automatique,150,Euro 1,Noir,Break,Italie,34000,13770.0
Tesla,Model S,2009,196519,2010-06-21,Diesel,Automatique,110,Euro 3,Blanc,Berline,USA,95000,35316.0
Toyota,RAV4,2021,99372,2021-05-07,Electrique,Manuelle,150,Euro 1,Rouge,SUV,Espagne,37000,35670.0
BMW,X5,2016,170194,2016-09-18,Gaz,Automatique,130,Euro 5,Blanc,Monospace,France,80000,50032.0
Audi,Q5,2012,145936,2014-11-10,Hybride,Manuelle,90,Euro 1,Noir,Berline,Espagne,65000,34450.0
Mercedes,Classe E,2024,40236,2027-05-27,Essence,Manuelle,110,Euro 6,Bleu,Crossover,Italie,75000,72096.0
Citroen,C4,2016,62617,2016-12-12,Diesel,Manuelle,200,Euro 5,Gris,Break,Italie,24000,18200.0
Tesla,Model S,2020,192872,2021-02-03,Hybride,Manuelle,200,Euro 1,Bleu,SUV,Japon,95000,69000.0
Renault,Megane,2008,187047,2011-01-03,Essence,Automatique,110,Euro 3,Gris,SUV,Allemagne,25000,9214.0
Dacia,Spring,2009,117482,2010-01-17,Diesel,Automatique,90,Euro 3,Gris,Berline,USA,22000,10956.0
Dacia,Sandero,2017,179898,2018-04-07,Gaz,Manuelle,200,Euro 5,Noir,Berline,USA,15900,12028.0
Hyundai,i20,2021,228841,2022-05-30,Electrique,Manuelle,150,Euro 1,Gris,SUV,Japon,19500,17940.0
Toyota,Yaris,2023,150007,2024-05-25,Essence,Automatique,130,Euro 6,Rouge,SUV,Japon,19000,17466.0
Peugeot,3008,2015,133251,2016-06-21,Gaz,Manuelle,90,Euro 5,Blanc,Crossover,Italie,35000,22440.0
Hyundai,Tucson,2020,202434,2023-05-27,Electrique,Automatique,110,Euro 1,Noir,Monospace,USA,35000,29308.0
Renault,Megane,2008,75205,2010-03-27,Gaz,Manuelle,90,Euro 3,Blanc,Break,Japon,25000,12330.0
BMW,Serie 5,2006,107908,2007-01-26,Essence,Manuelle,90,Euro 3,Noir,Monospace,Espagne,65000,23364.0
Volkswagen,Arteon,2005,184567,2005-09-07,Diesel,Automatique,130,Euro 3,Gris,SUV,Espagne,48000,12825.0
Tesla,Model 3,2006,118817,2008-11-04,Gaz,Automatique,90,Euro 3,Bleu,SUV,Allemagne,45000,17290.0
Peugeot,3008,2008,62667,2008-08-12,Gaz,Automatique,90,Euro 3,Bleu,SUV,Allemagne,35000,18124.0
Citroen,C3,2020,167903,2021-07-29,Electrique,Automatique,200,Euro 1,Gris,Monospace,Italie,16000,18000.0
BMW,Serie 5,2013,237771,2015-03-14,Hybride,Automatique,110,Euro 1,Bleu,Berline,Japon,65000,31284.0
Hyundai,Tucson,2018,26453,2021-11-22,Gaz,Automatique,110,Euro 5,Gris,SUV,USA,35000,31680.0
Mercedes,Classe E,2021,100443,2021-11-07,Gaz,Automatique,200,Euro 6,Rouge,SUV,USA,75000,65205.0
Dacia,Spring,2014,46557,2015-08-19,Hybride,Manuelle,200,Euro 1,Noir,Break,USA,22000,17820.0
BMW,Serie 3,2010,248765,2010-10-10,Essence,Automatique,110,Euro 4,Gris,SUV,France,45000,16014.0
Audi,A4,2007,77360,2007-07-27,Diesel,Manuelle,110,Euro 3,Bleu,Berline,Allemagne,48000,20622.0
Mercedes,Classe E,2005,245184,2007-01-17,Essence,Manuelle,130,Euro 3,Bleu,Crossover,Japon,75000,14307.0
Dacia,Duster,2018,208762,2021-10-26,Diesel,Manuelle,150,Euro 5,Noir,Break,Japon,19900,13268.0
Citroen,C4,2011,120731,2014-01-05,Essence,Automatique,150,Euro 4,Bleu,Break,Espagne,24000,12985.0
Volkswagen,Tiguan,2016,27461,2018-01-18,Gaz,Automatique,130,Euro 5,Rouge,Monospace,Allemagne,40000,33152.0
Tesla,Model 3,2015,168580,2015-02-13,Hybride,Automatique,90,Euro 1,Noir,Break,Allemagne,45000,29013.0
BMW,Serie 5,2010,17603,2012-08-16,Hybride,Automatique,110,Euro 1,Gris,Crossover,Allemagne,65000,40527.0
Hyundai,i20,2020,150771,2023-03-26,Essence,Manuelle,90,Euro 6,Blanc,Break,USA,19500,14162.0
Audi,Q5,2006,127171,2006-01-25,Diesel,Manuelle,200,Euro 3,Rouge,Crossover,Allemagne,65000,22780.0
BMW,X5,2021,152145,2024-11-08,Essence,Automatique,150,Euro 6,Blanc,Monospace,Allemagne,80000,62700.0
Tesla,Model S,2018,125411,2019-04-13,Gaz,Manuelle,90,Euro 5,Gris,Monospace,Japon,95000,68180.0
Peugeot,5008,2018,144608,2021-02-07,Gaz,Automatique,150,Euro 5,Gris,Break,Allemagne,42000,31960.0
Renault,Captur,2022,73186,2025-11-22,Essence,Automatique,90,Euro 6,Blanc,SUV,Japon,28000,26013.0
Dacia,Spring,2008,41947,2011-03-28,Essence,Automatique,110,Euro 3,Noir,Crossover,Espagne,22000,11568.0
Dacia,Spring,2018,178327,2020-05-21,Gaz,Manuelle,150,Euro 5,Rouge,Berline,Allemagne,22000,16250.0
Peugeot,5008,2023,173466,2024-12-29,Gaz,Manuelle,150,Euro 6,Gris,Berline,Italie,42000,36000.0
Citroen,C4,2019,173600,2022-03-25,Electrique,Automatique,150,Euro 1,Rouge,SUV,Allemagne,24000,22100.0
Kia,Sportage,2011,224164,2011-01-24,Gaz,Manuelle,130,Euro 4,Gris,SUV,France,34000,14352.0
Kia,Rio,2013,67870,2015-01-19,Essence,Manuelle,200,Euro 4,Noir,Break,USA,18900,12139.0
Volkswagen,Tiguan,2017,209694,2020-02-05,Hybride,Automatique,200,Euro 1,Gris,Crossover,Espagne,40000,27730.0
Audi,Q5,2020,73244,2020-02-18,Electrique,Automatique,90,Euro 1,Rouge,Monospace,Italie,65000,59049.0
Hyundai,Tucson,2012,209800,2014-02-07,Diesel,Automatique,130,Euro 4,Bleu,Break,Allemagne,35000,16852.0
Citroen,C4,2023,13998,2024-10-16,Diesel,Manuelle,90,Euro 6,Noir,Crossover,Italie,24000,23904.0
Ford,Kuga,2016,131943,2016-05-31,Diesel,Manuelle,150,Euro 5,Bleu,Berline,Allemagne,34000,22365.0
Peugeot,208,2021,133729,2023-04-05,Diesel,Automatique,150,Euro 6,Blanc,Monospace,Espagne,18000,16770.0
Peugeot,5008,2013,221134,2016-10-03,Essence,Automatique,90,Euro 4,Noir,Crossover,Espagne,42000,19755.0
Tesla,Model 3,2017,21614,2020-04-04,Essence,Automatique,130,Euro 5,Noir,Berline,Allemagne,45000,36421.0
Audi,Q5,2020,99779,2023-03-23,Electrique,Automatique,90,Euro 1,Bleu,Berline,Allemagne,65000,57591.0
Toyota,RAV4,2015,84509,2016-05-13,Hybride,Manuelle,200,Euro 1,Noir,Monospace,Espagne,37000,27300.0
Hyundai,Tucson,2006,43624,2009-10-03,Gaz,Manuelle,130,Euro 3,Bleu,Berline,France,35000,15876.0
Toyota,Yaris,2016,230684,2017-01-05,Diesel,Manuelle,90,Euro 5,Blanc,SUV,France,19000,10547.0
BMW,Serie 3,2009,112563,2011-11-23,Gaz,Automatique,130,Euro 3,Blanc,SUV,USA,45000,21912.0
Toyota,RAV4,2014,141964,2015-04-30,Diesel,Manuelle,150,Euro 4,Blanc,Crossover,Italie,37000,21560.0
Peugeot,308,2007,21944,2009-03-23,Gaz,Automatique,200,Euro 3,Bleu,Monospace,France,30000,16685.0
Dacia,Sandero,2013,137263,2016-01-22,Diesel,Automatique,130,Euro 4,Bleu,Crossover,Allemagne,15900,10368.0
Tesla,Model 3,2016,158643,2017-02-08,Essence,Automatique,200,Euro 5,Rouge,Berline,Japon,45000,29280.0
Kia,Rio,2019,129750,2021-11-29,Electrique,Automatique,200,Euro 1,Noir,SUV,Japon,18900,20367.0
Ford,Focus,2017,58331,2019-02-05,Gaz,Automatique,110,Euro 5,Rouge,Berline,France,26000,22644.0
Peugeot,5008,2019,221753,2019-01-31,Gaz,Automatique,200,Euro 5,Bleu,Crossover,Espagne,42000,29925.0
Volkswagen,Passat,2005,229595,2006-04-14,Gaz,Automatique,90,Euro 3,Blanc,Break,Italie,36000,8484.0
Peugeot,208,2006,126219,2008-03-14,Diesel,Manuelle,200,Euro 3,Rouge,Monospace,Italie,18000,6800.0
Volkswagen,Arteon,2007,226732,2008-11-24,Gaz,Manuelle,130,Euro 3,Rouge,Berline,Italie,48000,13716.0
Toyota,RAV4,2014,69894,2016-06-30,Hybride,Automatique,200,Euro 1,Gris,Berline,USA,37000,28160.0
Kia,Sportage,2016,247993,2019-12-01,Diesel,Manuelle,130,Euro 5,Blanc,Berline,France,34000,18356.0
Ford,Focus,2017,222298,2019-02-04,Diesel,Automatique,110,Euro 5,Gris,Monospace,Japon,26000,16587.0
Citroen,C3,2020,116458,2022-01-22,Essence,Automatique,110,Euro 6,Blanc,Berline,Italie,16000,13937.0
BMW,Serie 1,2019,57354,2022-01-25,Gaz,Manuelle,130,Euro 5,Gris,Monospace,France,35000,30240.0
Citroen,C3,2016,119244,2019-07-07,Gaz,Manuelle,130,Euro 5,Blanc,Monospace,France,16000,12220.0
Tesla,Model S,2005,174565,2005-01-18,Gaz,Manuelle,90,Euro 3,Rouge,Break,France,95000,25324.0
Ford,Focus,2018,158088,2020-05-25,Gaz,Manuelle,130,Euro 5,Noir,Break,USA,26000,19296.0
Audi,Q5,2007,71982,2007-11-04,Essence,Manuelle,130,Euro 3,Gris,Berline,USA,65000,27426.0
Ford,Fiesta,2015,166756,2018-12-01,Hybride,Automatique,130,Euro 1,Blanc,Crossover,Japon,18000,13851.0
BMW,X5,2007,201459,2010-04-20,Diesel,Automatique,90,Euro 3,Noir,Monospace,Japon,80000,24041.0
Citroen,C3,2007,74343,2007-07-15,Diesel,Automatique,90,Euro 3,Gris,Berline,France,16000,7938.0
Citroen,C4,2005,135066,2008-06-02,Essence,Automatique,130,Euro 3,Noir,Berline,Italie,24000,7890.0
Mercedes,Classe E,2009,37784,2012-12-22,Essence,Manuelle,130,Euro 3,Blanc,SUV,Japon,75000,39156.0
Volkswagen,Golf,2007,193518,2007-02-10,Gaz,Automatique,200,Euro 3,Noir,Berline,Allemagne,25000,9150.0
Hyundai,i30,2013,20318,2013-01-30,Gaz,Manuelle,200,Euro 4,Bleu,SUV,Japon,22000,16575.0
Dacia,Duster,2019,30753,2022-10-18,Hybride,Automatique,150,Euro 1,Bleu,Monospace,Espagne,19900,21648.0
Mercedes,Classe C,2024,243572,2025-10-20,Electrique,Automatique,110,Euro 1,Bleu,Monospace,Italie,55000,47956.0
Mercedes,GLC,2005,211622,2008-07-24,Diesel,Manuelle,150,Euro 3,Blanc,Monospace,France,85000,19030.0
Kia,Sportage,2015,232761,2016-07-12,Gaz,Manuelle,150,Euro 5,Gris,Berline,USA,34000,18500.0
Tesla,Model X,2013,74099,2013-09-01,Diesel,Automatique,130,Euro 4,Rouge,Crossover,Japon,120000,73980.0
BMW,X5,2008,142755,2008-06-15,Diesel,Manuelle,130,Euro 3,Rouge,Berline,Japon,80000,30894.0
Hyundai,i30,2010,28640,2013-02-07,Diesel,Automatique,110,Euro 4,Noir,SUV,Japon,22000,14056.0
Tesla,Model 3,2007,82484,2008-10-08,Diesel,Automatique,200,Euro 3,Blanc,Monospace,Allemagne,45000,20090.0
Hyundai,i20,2021,249667,2022-07-17,Hybride,Automatique,90,Euro 1,Bleu,Crossover,Italie,19500,17018.0
Toyota,Hilux,2014,195311,2016-07-09,Gaz,Manuelle,110,Euro 4,Gris,Monospace,Italie,45000,24276.0
Volkswagen,Passat,2007,80985,2008-06-29,Diesel,Manuelle,90,Euro 3,Noir,SUV,Italie,36000,15129.0
Peugeot,5008,2016,24977,2017-10-01,Essence,Automatique,200,Euro 5,Bleu,Break,USA,42000,33300.0
Renault,Megane,2019,114550,2021-08-13,Essence,Manuelle,130,Euro 5,Bleu,Crossover,Espagne,25000,18722.0
Tesla,Model S,2024,218294,2026-10-28,Diesel,Manuelle,110,Euro 6,Rouge,Crossover,Italie,95000,75919.0
Kia,Sportage,2014,198461,2017-06-28,Gaz,Automatique,90,Euro 4,Noir,Crossover,Espagne,34000,19584.0
Volkswagen,Golf,2012,143283,2013-09-16,Hybride,Automatique,110,Euro 1,Blanc,Break,Allemagne,25000,15550.0
BMW,Serie 3,2009,121277,2010-04-02,Gaz,Manuelle,130,Euro 3,Gris,Berline,Italie,45000,20554.0
Toyota,RAV4,2024,100823,2027-11-08,Hybride,Automatique,90,Euro 1,Rouge,Berline,Japon,37000,38610.0
Renault,Megane,2023,126383,2025-04-28,Hybride,Manuelle,90,Euro 1,Bleu,Berline,Allemagne,25000,24565.0
Dacia,Sandero,2009,218219,2011-04-15,Gaz,Automatique,110,Euro 3,Noir,SUV,Italie,15900,6970.0
Audi,Q5,2013,235394,2013-12-25,Essence,Manuelle,110,Euro 4,Blanc,Break,France,65000,28644.0
Kia,Rio,2009,34256,2010-04-12,Diesel,Manuelle,110,Euro 3,Gris,Break,Allemagne,18900,10400.0
Peugeot,208,2023,71005,2024-06-12,Essence,Manuelle,150,Euro 6,Blanc,Break,Japon,18000,16650.0
Tesla,Model X,2023,70766,2026-02-03,Gaz,Automatique,200,Euro 6,Bleu,Monospace,Japon,120000,112950.0
Mercedes,GLC,2014,40422,2017-04-08,Diesel,Automatique,90,Euro 4,Bleu,Berline,Espagne,85000,58014.0
Mercedes,GLC,2009,194551,2010-12-26,Essence,Manuelle,130,Euro 3,Noir,Break,Espagne,85000,30708.0
Audi,A6,2021,16718,2021-11-26,Gaz,Automatique,110,Euro 6,Rouge,Berline,Espagne,72000,68940.0
Volkswagen,Passat,2013,167581,2016-01-11,Essence,Automatique,200,Euro 4,Gris,Break,Allemagne,36000,19890.0
Citroen,C4,2009,98131,2011-10-20,Essence,Automatique,110,Euro 3,Gris,Crossover,USA,24000,12006.0
Mercedes,Classe C,2017,43155,2020-12-05,Hybride,Automatique,200,Euro 1,Rouge,Berline,USA,55000,46500.0
Volkswagen,Passat,2006,181807,2009-02-12,Essence,Automatique,130,Euro 3,Blanc,Break,Japon,36000,10724.0
Dacia,Spring,2013,72839,2014-06-26,Hybride,Manuelle,110,Euro 1,Noir,SUV,Italie,22000,15660.0
Renault,Talisman,2022,15271,2023-05-23,Essence,Automatique,150,Euro 6,Noir,Crossover,Japon,40000,39525.0
Dacia,Duster,2013,90437,2015-05-04,Essence,Automatique,200,Euro 4,Gris,SUV,Allemagne,19900,13282.0
BMW,Serie 1,2006,90784,2006-11-15,Diesel,Automatique,200,Euro 3,Noir,Crossover,Allemagne,35000,14430.0
Mercedes,GLC,2024,75561,2024-10-09,Electrique,Automatique,130,Euro 1,Rouge,Monospace,Japon,85000,86769.0
Renault,Captur,2010,39475,2012-11-27,Diesel,Automatique,110,Euro 4,Rouge,SUV,Italie,28000,17105.0
Hyundai,i20,2006,69714,2006-01-09,Gaz,Automatique,200,Euro 3,Rouge,Crossover,Allemagne,19500,10000.0
Renault,Megane,2011,191328,2011-08-10,Diesel,Manuelle,90,Euro 4,Noir,Monospace,Espagne,25000,10878.0
Renault,Captur,2006,236877,2006-03-18,Diesel,Manuelle,200,Euro 3,Gris,Break,Allemagne,28000,6900.0
Renault,Clio,2005,42113,2007-01-01,Diesel,Manuelle,150,Euro 3,Bleu,Crossover,Allemagne,17000,7215.0
Citroen,C5 Aircross,2015,243096,2017-02-16,Diesel,Manuelle,150,Euro 5,Rouge,Crossover,Italie,35000,17885.0
Peugeot,5008,2019,134590,2021-06-12,Gaz,Manuelle,150,Euro 5,Blanc,Monospace,Espagne,42000,32400.0
Kia,Rio,2017,241505,2019-03-10,Hybride,Automatique,110,Euro 1,Gris,Berline,USA,18900,13750.0
Audi,A4,2018,79681,2018-07-06,Diesel,Manuelle,200,Euro 5,Gris,SUV,Italie,48000,37500.0
Ford,Kuga,2010,170864,2011-08-03,Hybride,Manuelle,130,Euro 1,Gris,Berline,Allemagne,34000,15703.0
Toyota,Yaris,2015,98365,2015-11-10,Essence,Automatique,90,Euro 5,Gris,Break,Italie,19000,13376.0
Tesla,Model S,2024,33820,2026-01-22,Gaz,Automatique,130,Euro 6,Bleu,SUV,Japon,95000,96806.0
Volkswagen,Arteon,2021,228960,2022-08-04,Diesel,Manuelle,150,Euro 6,Noir,Crossover,Japon,48000,34155.0
BMW,Serie 5,2019,130388,2020-02-25,Hybride,Manuelle,90,Euro 1,Bleu,Monospace,France,65000,49608.0
Ford,Fiesta,2023,203785,2025-06-08,Electrique,Manuelle,110,Euro 1,Bleu,Crossover,Allemagne,18000,18557.0
Tesla,Model X,2010,175680,2010-11-11,Gaz,Automatique,200,Euro 4,Noir,Berline,USA,120000,51455.0
Ford,Kuga,2005,104375,2005-07-08,Gaz,Manuelle,110,Euro 3,Rouge,Monospace,Japon,34000,12078.0
Renault,Clio,2008,163937,2011-11-06,Diesel,Automatique,90,Euro 3,Rouge,Crossover,Italie,17000,7164.0
Ford,Kuga,2005,103764,2007-08-15,Essence,Automatique,200,Euro 3,Blanc,Crossover,Allemagne,34000,12210.0
Tesla,Model S,2013,183219,2013-12-08,Essence,Automatique,150,Euro 4,Noir,Crossover,Espagne,95000,47775.0
Tesla,Model S,2012,136781,2012-09-07,Essence,Automatique,130,Euro 4,Bleu,SUV,Japon,95000,49623.0
Hyundai,Tucson,2014,197889,2015-09-30,Hybride,Manuelle,110,Euro 1,Blanc,Monospace,France,35000,19941.0
Citroen,C4,2010,124686,2010-02-24,Gaz,Automatique,90,Euro 4,Bleu,Break,Japon,24000,13064.0
Dacia,Duster,2021,40733,2024-07-08,Hybride,Manuelle,110,Euro 1,Gris,Crossover,Allemagne,19900,20880.0
Renault,Clio,2010,174102,2011-05-04,Essence,Automatique,110,Euro 4,Blanc,Berline,Espagne,17000,7831.0
Toyota,Hilux,2010,213239,2013-03-31,Gaz,Automatique,90,Euro 4,Noir,Berline,France,45000,18278.0
Peugeot,3008,2006,28788,2008-10-14,Essence,Manuelle,200,Euro 3,Gris,SUV,Japon,35000,15840.0
Mercedes,Classe A,2019,228430,2022-05-27,Gaz,Manuelle,110,Euro 5,Noir,SUV,France,38000,25578.0
Peugeot,208,2021,22694,2023-11-29,Electrique,Automatique,90,Euro 1,Noir,Break,Espagne,18000,23051.0
Toyota,RAV4,2023,223532,2024-03-28,Essence,Automatique,90,Euro 6,Gris,Monospace,Espagne,37000,29175.0
Volkswagen,Arteon,2013,108607,2013-03-14,Essence,Automatique,150,Euro 4,Bleu,SUV,Japon,48000,28785.0
Citroen,C5 Aircross,2008,18140,2008-03-15,Essence,Automatique,200,Euro 3,Rouge,SUV,France,35000,19380.0
Mercedes,GLC,2015,166904,2018-04-26,Gaz,Manuelle,150,Euro 5,Blanc,Crossover,Allemagne,85000,50160.0
Dacia,Spring,2005,139245,2007-08-28,Diesel,Manuelle,200,Euro 3,Blanc,Monospace,USA,22000,7200.0
Hyundai,Tucson,2012,188944,2015-06-06,Hybride,Manuelle,150,Euro 1,Gris,Crossover,Espagne,35000,18170.0
Renault,Megane,2022,48338,2024-02-11,Essence,Manuelle,90,Euro 6,Blanc,SUV,Japon,25000,22410.0
Citroen,C3,2023,65469,2023-11-11,Electrique,Automatique,150,Euro 1,Bleu,Break,USA,16000,22295.0
Mercedes,Classe C,2018,45688,2020-09-05,Essence,Automatique,130,Euro 5,Gris,Crossover,Allemagne,55000,44694.0
Ford,Focus,2023,129484,2026-05-13,Essence,Automatique,110,Euro 6,Noir,SUV,Italie,26000,23885.0
Ford,Focus,2014,68927,2016-03-03,Essence,Automatique,200,Euro 4,Noir,Monospace,Italie,26000,18560.0
Kia,Rio,2018,134932,2019-06-30,Hybride,Manuelle,130,Euro 1,Bleu,Monospace,Italie,18900,16008.0
Audi,Q5,2012,14009,2012-04-09,Gaz,Automatique,110,Euro 4,Noir,Berline,Japon,65000,43848.0
Volkswagen,Tiguan,2020,81652,2020-05-29,Essence,Manuelle,90,Euro 6,Gris,Crossover,USA,40000,31920.0
Dacia,Spring,2022,113260,2024-10-29,Electrique,Automatique,200,Euro 1,Gris,Break,Japon,22000,25730.0
Volkswagen,Tiguan,2009,83591,2009-02-27,Gaz,Automatique,110,Euro 3,Gris,Berline,USA,40000,20962.0
Volkswagen,Tiguan,2008,129392,2009-08-05,Diesel,Manuelle,130,Euro 3,Noir,Monospace,Allemagne,40000,16520.0
Citroen,C4,2006,77961,2008-04-22,Diesel,Automatique,90,Euro 3,Noir,Break,Allemagne,24000,10491.0
Volkswagen,Passat,2014,94524,2014-07-03,Hybride,Manuelle,200,Euro 1,Noir,SUV,Allemagne,36000,25010.0
Ford,Fiesta,2020,211952,2020-06-05,Diesel,Automatique,90,Euro 6,Blanc,Berline,Espagne,18000,14003.0
Hyundai,i20,2010,66888,2011-11-13,Gaz,Automatique,130,Euro 4,Bleu,Monospace,Allemagne,19500,12636.0
Mercedes,Classe A,2010,16141,2010-03-17,Gaz,Manuelle,110,Euro 4,Blanc,SUV,France,38000,23142.0
BMW,Serie 3,2018,168098,2018-02-07,Essence,Automatique,150,Euro 5,Bleu,Monospace,France,45000,31350.0
Audi,A3,2017,136244,2020-02-08,Hybride,Manuelle,200,Euro 1,Rouge,Break,USA,34000,25740.0
Volkswagen,Arteon,2021,100040,2021-04-06,Electrique,Automatique,150,Euro 1,Bleu,Break,Allemagne,48000,45765.0
Citroen,C5 Aircross,2013,74670,2014-10-18,Hybride,Manuelle,150,Euro 1,Gris,Break,Espagne,35000,23700.0
Ford,Focus,2010,81144,2013-09-20,Diesel,Manuelle,130,Euro 4,Noir,Berline,Japon,26000,13650.0
Peugeot,3008,2022,66933,2024-07-08,Gaz,Automatique,130,Euro 6,Gris,Monospace,Japon,35000,35024.0
Peugeot,5008,2021,174628,2023-11-04,Essence,Automatique,110,Euro 6,Bleu,Berline,France,42000,32634.0
Hyundai,i20,2009,227028,2012-11-17,Gaz,Manuelle,200,Euro 3,Noir,Break,France,19500,7590.0
Dacia,Spring,2022,135706,2022-03-08,Electrique,Automatique,90,Euro 1,Gris,Break,France,22000,24219.0
Citroen,C3,2020,83937,2022-10-17,Essence,Manuelle,130,Euro 6,Bleu,SUV,France,16000,13040.0
Tesla,Model S,2021,46701,2024-07-29,Hybride,Automatique,150,Euro 1,Noir,Berline,Allemagne,95000,88305.0
Peugeot,208,2012,35629,2015-06-05,Essence,Automatique,130,Euro 4,Blanc,Monospace,Espagne,18000,12383.0
BMW,Serie 3,2024,230110,2024-01-14,Diesel,Manuelle,130,Euro 6,Gris,Monospace,Japon,45000,35651.0
Kia,Rio,2016,127644,2017-10-26,Hybride,Automatique,150,Euro 1,Blanc,SUV,Allemagne,18900,16256.0
Toyota,Yaris,2005,146147,2005-10-02,Diesel,Automatique,130,Euro 3,Bleu,Crossover,Italie,19000,6467.0
Citroen,C5 Aircross,2021,103515,2022-09-14,Diesel,Manuelle,110,Euro 6,Rouge,Berline,Italie,35000,29241.0
Mercedes,Classe A,2010,204195,2011-07-19,Gaz,Manuelle,90,Euro 4,Blanc,SUV,Allemagne,38000,15352.0
Ford,Fiesta,2008,222945,2008-05-28,Gaz,Manuelle,130,Euro 3,Blanc,Monospace,Japon,18000,6240.0
Ford,Kuga,2022,227003,2022-02-06,Gaz,Automatique,150,Euro 6,Rouge,SUV,Italie,34000,28080.0
Volkswagen,Tiguan,2017,55596,2020-03-26,Essence,Automatique,150,Euro 5,Blanc,Break,Japon,40000,31450.0
Citroen,C4,2010,200329,2010-09-16,Essence,Manuelle,150,Euro 4,Gris,Berline,USA,24000,9310.0
Hyundai,i20,2017,112128,2017-04-13,Essence,Manuelle,200,Euro 5,Noir,Break,Allemagne,19500,13940.0
Ford,Focus,2010,132967,2012-04-22,Gaz,Automatique,90,Euro 4,Blanc,Break,Italie,26000,13680.0
Renault,Megane,2015,236142,2018-10-05,Diesel,Manuelle,110,Euro 5,Noir,Crossover,Japon,25000,13050.0
Peugeot,208,2012,51991,2012-06-23,Hybride,Automatique,90,Euro 1,Noir,Berline,France,18000,14101.0
BMW,Serie 3,2022,50611,2022-12-21,Hybride,Automatique,110,Euro 1,Blanc,Berline,Espagne,45000,45479.0
Tesla,Model X,2024,201087,2026-12-04,Electrique,Automatique,200,Euro 1,Gris,Crossover,USA,120000,103200.0
Mercedes,GLC,2023,46394,2026-12-16,Hybride,Manuelle,150,Euro 1,Blanc,SUV,Espagne,85000,83235.0
Dacia,Spring,2019,215300,2022-09-05,Diesel,Automatique,200,Euro 5,Gris,SUV,USA,22000,16640.0
Peugeot,5008,2018,16723,2021-03-16,Essence,Automatique,130,Euro 5,Noir,Monospace,USA,42000,35883.0
Tesla,Model X,2014,185949,2016-05-02,Hybride,Manuelle,200,Euro 1,Rouge,Crossover,Espagne,120000,65000.0
BMW,Serie 3,2005,122161,2006-07-15,Gaz,Automatique,110,Euro 3,Noir,SUV,Espagne,45000,15376.0
Volkswagen,Passat,2019,45461,2019-01-29,Essence,Manuelle,130,Euro 5,Bleu,SUV,France,36000,29403.0
Mercedes,Classe C,2017,11082,2019-09-07,Hybride,Manuelle,110,Euro 1,Bleu,Crossover,Italie,55000,46098.0
Ford,Fiesta,2020,115688,2022-03-23,Gaz,Automatique,150,Euro 6,Bleu,Monospace,Italie,18000,17710.0
Renault,Captur,2020,209812,2023-08-30,Electrique,Manuelle,130,Euro 1,Noir,Break,USA,28000,23324.0
Ford,Fiesta,2005,99829,2006-10-09,Gaz,Manuelle,110,Euro 3,Noir,Crossover,Japon,18000,7004.0
Citroen,C3,2022,99893,2023-09-22,Electrique,Manuelle,200,Euro 1,Blanc,Crossover,Espagne,16000,19550.0
Tesla,Model S,2009,196277,2009-12-09,Gaz,Automatique,90,Euro 3,Noir,Break,France,95000,35784.0
Renault,Captur,2005,125615,2006-09-09,Essence,Automatique,90,Euro 3,Noir,Monospace,Italie,28000,9269.0
Citroen,C5 Aircross,2016,141827,2018-03-05,Hybride,Manuelle,90,Euro 1,Blanc,Break,Espagne,35000,24118.0
Citroen,C4,2019,169301,2022-04-04,Hybride,Manuelle,90,Euro 1,Bleu,Crossover,Allemagne,24000,19251.0
Citroen,C4,2018,133762,2021-01-04,Gaz,Manuelle,90,Euro 5,Bleu,SUV,France,24000,18216.0
Ford,Kuga,2014,14897,2017-05-11,Essence,Automatique,110,Euro 4,Bleu,Break,USA,34000,24909.0
Peugeot,5008,2016,91562,2018-06-24,Essence,Automatique,130,Euro 5,Rouge,Crossover,Japon,42000,29681.0
Kia,Rio,2019,16505,2022-06-09,Electrique,Automatique,130,Euro 1,Gris,SUV,USA,18900,22848.0
Toyota,Hilux,2012,49792,2015-03-10,Hybride,Automatique,130,Euro 1,Rouge,Monospace,USA,45000,30780.0
Volkswagen,Tiguan,2014,203326,2015-11-11,Hybride,Manuelle,150,Euro 1,Rouge,Monospace,Allemagne,40000,22250.0
BMW,X5,2017,126925,2018-01-03,Hybride,Manuelle,200,Euro 1,Gris,Monospace,Espagne,80000,56950.0
Audi,Q5,2019,109457,2019-07-10,Gaz,Manuelle,110,Euro 5,Bleu,SUV,Japon,65000,50700.0
Toyota,RAV4,2005,99246,2005-10-22,Diesel,Manuelle,90,Euro 3,Rouge,SUV,Japon,37000,12886.0
Ford,Kuga,2014,94370,2015-03-28,Diesel,Manuelle,150,Euro 4,Bleu,Berline,Italie,34000,21655.0
Renault,Clio,2011,114698,2011-12-24,Diesel,Automatique,200,Euro 4,Blanc,Break,France,17000,10500.0
Citroen,C3,2008,146008,2008-12-19,Essence,Manuelle,90,Euro 3,Bleu,Break,Japon,16000,6042.0
Tesla,Model S,2016,208174,2016-06-30,Essence,Automatique,110,Euro 5,Bleu,Crossover,Japon,95000,54376.0
Toyota,Hilux,2023,238753,2025-11-11,Diesel,Manuelle,130,Euro 6,Bleu,Break,France,45000,34262.0
Hyundai,Tucson,2005,26339,2007-05-28,Gaz,Automatique,150,Euro 3,Blanc,Break,Allemagne,35000,16400.0
Citroen,C4,2012,125874,2012-05-18,Diesel,Automatique,110,Euro 4,Bleu,Break,USA,24000,14092.0
Mercedes,GLC,2015,96363,2018-05-13,Diesel,Automatique,130,Euro 5,Blanc,Berline,USA,85000,56512.0
BMW,Serie 1,2024,151497,2026-05-26,Essence,Manuelle,90,Euro 6,Gris,Break,Espagne,35000,29665.0
Renault,Talisman,2020,247099,2020-03-04,Electrique,Manuelle,90,Euro 1,Bleu,Berline,Allemagne,40000,29376.0
Tesla,Model X,2007,146645,2009-02-02,Gaz,Automatique,90,Euro 3,Gris,Break,Allemagne,120000,43540.0
BMW,Serie 3,2006,22195,2009-01-29,Gaz,Manuelle,150,Euro 3,Blanc,SUV,Italie,45000,21120.0
BMW,Serie 3,2023,155860,2023-07-11,Hybride,Manuelle,90,Euro 1,Blanc,Crossover,Allemagne,45000,40098.0
Ford,Kuga,2012,237838,2012-07-18,Essence,Automatique,200,Euro 4,Rouge,SUV,Allemagne,34000,15170.0
Ford,Kuga,2005,112732,2007-01-13,Gaz,Automatique,110,Euro 3,Blanc,Berline,Italie,34000,12352.0
Peugeot,308,2014,132579,2014-03-15,Diesel,Automatique,200,Euro 4,Gris,Berline,Italie,30000,19380.0
Volkswagen,Passat,2007,137187,2007-12-03,Gaz,Manuelle,200,Euro 3,Rouge,Break,Japon,36000,14220.0
Renault,Megane,2015,248448,2015-05-25,Essence,Manuelle,110,Euro 5,Noir,Crossover,Espagne,25000,12299.0
Toyota,Hilux,2015,150376,2017-04-28,Gaz,Automatique,130,Euro 5,Gris,SUV,USA,45000,28884.0
Ford,Focus,2017,199417,2018-12-16,Essence,Automatique,110,Euro 5,Gris,Crossover,Japon,26000,16860.0
Peugeot,3008,2009,199595,2010-06-06,Diesel,Automatique,200,Euro 3,Gris,SUV,Allemagne,35000,14040.0
Volkswagen,Arteon,2019,116852,2022-12-11,Essence,Automatique,200,Euro 5,Blanc,SUV,Italie,48000,37740.0
BMW,X5,2022,220579,2023-05-17,Hybride,Manuelle,150,Euro 1,Gris,SUV,Japon,80000,60840.0
Toyota,Hilux,2022,212092,2023-10-25,Electrique,Automatique,200,Euro 1,Blanc,Break,Italie,45000,39420.0
Volkswagen,Golf,2013,209573,2014-03-16,Gaz,Automatique,200,Euro 4,Blanc,Berline,Espagne,25000,14335.0
Renault,Captur,2008,55551,2009-07-11,Essence,Automatique,90,Euro 3,Rouge,Monospace,USA,28000,14053.0
Hyundai,i20,2024,10083,2025-11-05,Hybride,Automatique,110,Euro 1,Noir,Berline,Italie,19500,25344.0
Mercedes,Classe C,2016,177734,2017-05-13,Hybride,Manuelle,130,Euro 1,Noir,SUV,USA,55000,34987.0
BMW,X5,2020,83553,2022-05-06,Electrique,Automatique,200,Euro 1,Gris,SUV,Italie,80000,71200.0
Citroen,C3,2024,66946,2026-09-16,Gaz,Automatique,150,Euro 6,Noir,Crossover,Japon,16000,19740.0
Renault,Talisman,2005,101283,2008-12-25,Gaz,Manuelle,150,Euro 3,Gris,Berline,Japon,40000,14190.0
Volkswagen,Golf,2022,39421,2024-11-16,Hybride,Manuelle,150,Euro 1,Blanc,Crossover,Italie,25000,26845.0
Mercedes,Classe C,2019,101906,2022-04-22,Electrique,Manuelle,130,Euro 1,Rouge,Monospace,Japon,55000,45975.0
BMW,Serie 5,2011,240773,2014-07-14,Essence,Automatique,90,Euro 4,Rouge,Monospace,France,65000,24753.0
Peugeot,308,2010,220989,2011-10-30,Diesel,Automatique,150,Euro 4,Gris,Monospace,Italie,30000,12060.0
Tesla,Model S,2024,25681,2026-11-02,Electrique,Manuelle,150,Euro 1,Bleu,Break,Italie,95000,99470.0
Citroen,C3,2023,137943,2023-05-10,Essence,Manuelle,200,Euro 6,Blanc,SUV,Italie,16000,14280.0
Hyundai,i20,2012,190445,2015-07-14,Gaz,Automatique,130,Euro 4,Blanc,Crossover,Japon,19500,10935.0
Volkswagen,Tiguan,2006,231326,2008-01-05,Essence,Automatique,200,Euro 3,Noir,Berline,Espagne,40000,9890.0
Mercedes,Classe E,2015,193598,2015-06-14,Diesel,Automatique,150,Euro 5,Gris,Break,USA,75000,42390.0
Dacia,Spring,2009,221253,2009-06-21,Diesel,Automatique,110,Euro 3,Noir,SUV,Allemagne,22000,8283.0
Audi,Q5,2022,16063,2024-04-14,Electrique,Automatique,90,Euro 1,Rouge,Crossover,France,65000,67797.0
Audi,A6,2005,53907,2008-11-18,Essence,Manuelle,200,Euro 3,Gris,Monospace,Espagne,72000,27740.0
Volkswagen,Arteon,2012,249847,2014-08-25,Hybride,Automatique,90,Euro 1,Blanc,Berline,France,48000,21560.0
Dacia,Spring,2023,108378,2024-09-12,Diesel,Automatique,130,Euro 6,Rouge,Crossover,Japon,22000,22011.0
Hyundai,Tucson,2007,34020,2010-11-24,Essence,Automatique,130,Euro 3,Rouge,Break,Allemagne,35000,17158.0
Kia,Ceed,2009,177305,2009-06-16,Gaz,Manuelle,90,Euro 3,Noir,Monospace,France,23000,9652.0
Citroen,C3,2020,106209,2021-03-04,Electrique,Automatique,200,Euro 1,Blanc,Break,France,16000,19500.0
Volkswagen,Arteon,2023,220707,2025-12-17,Diesel,Manuelle,130,Euro 6,Blanc,Break,Espagne,48000,36975.0
BMW,Serie 1,2008,193234,2008-04-14,Essence,Automatique,150,Euro 3,Bleu,Berline,France,35000,12375.0
Tesla,Model X,2006,227189,2009-05-21,Diesel,Automatique,110,Euro 3,Noir,Break,France,120000,29544.0
Dacia,Duster,2010,42026,2013-07-24,Hybride,Manuelle,150,Euro 1,Gris,Crossover,USA,19900,13176.0
Citroen,C3,2024,14556,2024-11-18,Gaz,Automatique,90,Euro 6,Rouge,SUV,France,16000,20196.0
Hyundai,Tucson,2016,217315,2016-02-25,Gaz,Manuelle,90,Euro 5,Noir,Berline,Allemagne,35000,20570.0
Kia,Sportage,2018,224436,2021-11-04,Diesel,Manuelle,150,Euro 5,Rouge,SUV,USA,34000,21300.0
Dacia,Spring,2011,33794,2011-08-11,Gaz,Manuelle,130,Euro 4,Gris,Break,France,22000,14384.0
BMW,X5,2021,244357,2023-08-03,Hybride,Automatique,200,Euro 1,Bleu,Crossover,Japon,80000,58290.0
Hyundai,Tucson,2009,62650,2010-08-06,Diesel,Manuelle,110,Euro 3,Rouge,Break,Japon,35000,17689.0
Citroen,C5 Aircross,2016,150288,2017-09-25,Essence,Manuelle,110,Euro 5,Gris,SUV,USA,35000,21411.0
Volkswagen,Tiguan,2019,156580,2019-12-13,Hybride,Manuelle,150,Euro 1,Gris,Crossover,Italie,40000,31150.0
Mercedes,GLC,2013,174280,2014-12-17,Hybride,Manuelle,130,Euro 1,Gris,Break,USA,85000,44650.0
BMW,Serie 3,2009,131079,2011-09-04,Diesel,Manuelle,110,Euro 3,Noir,Monospace,France,45000,19362.0
Ford,Fiesta,2009,104412,2009-02-07,Essence,Manuelle,200,Euro 3,Rouge,Break,Japon,18000,8550.0
BMW,Serie 5,2015,59844,2017-08-09,Hybride,Manuelle,110,Euro 1,Rouge,SUV,USA,65000,46988.0
Volkswagen,Passat,2009,218641,2010-08-22,Diesel,Manuelle,130,Euro 3,Rouge,Berline,USA,36000,12682.0
Citroen,C3,2020,10135,2020-07-22,Hybride,Manuelle,200,Euro 1,Bleu,Crossover,France,16000,18270.0
Kia,Sportage,2009,56858,2011-09-24,Essence,Automatique,130,Euro 3,Blanc,Monospace,Allemagne,34000,18150.0
Dacia,Duster,2022,30104,2025-11-15,Diesel,Manuelle,130,Euro 6,Gris,Berline,Italie,19900,19292.0
Renault,Megane,2019,165146,2022-12-05,Hybride,Manuelle,90,Euro 1,Bleu,Crossover,Italie,25000,19941.0
Volkswagen,Passat,2013,240546,2016-10-06,Diesel,Manuelle,130,Euro 4,Noir,SUV,France,36000,16039.0
Hyundai,Tucson,2009,225772,2009-04-13,Gaz,Manuelle,130,Euro 3,Blanc,Berline,Espagne,35000,12474.0
Toyota,Hilux,2009,120390,2009-11-29,Diesel,Automatique,90,Euro 3,Blanc,Break,France,45000,20597.0
Audi,A3,2011,188080,2011-09-14,Essence,Automatique,110,Euro 4,Blanc,Monospace,Japon,34000,15523.0
Hyundai,i20,2015,85575,2018-11-01,Essence,Automatique,150,Euro 5,Blanc,Berline,USA,19500,14300.0
Audi,A6,2024,110735,2024-05-30,Gaz,Automatique,110,Euro 6,Gris,Crossover,Japon,72000,68174.0
Peugeot,308,2020,197031,2021-11-13,Diesel,Manuelle,90,Euro 6,Blanc,Berline,Italie,30000,21321.0
Ford,Fiesta,2024,21002,2024-03-27,Diesel,Automatique,110,Euro 6,Noir,Break,Japon,18000,20678.0
Renault,Clio,2016,45977,2016-05-16,Gaz,Manuelle,130,Euro 5,Noir,Monospace,Allemagne,17000,14256.0
Citroen,C5 Aircross,2023,177198,2023-07-14,Diesel,Manuelle,110,Euro 6,Blanc,SUV,Allemagne,35000,28880.0
Hyundai,i20,2007,179666,2010-02-20,Gaz,Manuelle,110,Euro 3,Blanc,Berline,Japon,19500,7072.0
Kia,Sportage,2013,53981,2013-09-08,Gaz,Automatique,200,Euro 4,Noir,Crossover,Allemagne,34000,24490.0
Hyundai,i30,2010,229624,2010-10-12,Diesel,Manuelle,110,Euro 4,Gris,Crossover,Italie,22000,8316.0
Volkswagen,Golf,2020,150371,2022-05-22,Electrique,Manuelle,130,Euro 1,Bleu,Crossover,Espagne,25000,22849.0
Peugeot,3008,2010,99106,2011-10-29,Hybride,Manuelle,130,Euro 1,Blanc,Berline,Italie,35000,19257.0
Ford,Kuga,2007,51157,2008-02-26,Diesel,Automatique,90,Euro 3,Rouge,Berline,Espagne,34000,16236.0
BMW,Serie 1,2019,205527,2020-04-15,Hybride,Automatique,150,Euro 1,Rouge,SUV,Italie,35000,26975.0
BMW,X5,2023,38747,2024-05-13,Diesel,Automatique,130,Euro 6,Rouge,Crossover,Italie,80000,78302.0
Mercedes,Classe A,2006,58816,2008-02-07,Gaz,Manuelle,200,Euro 3,Gris,SUV,Allemagne,38000,17015.0
Hyundai,Tucson,2024,20523,2027-11-11,Diesel,Manuelle,130,Euro 6,Bleu,SUV,Italie,35000,35574.0
Volkswagen,Arteon,2021,16855,2022-03-01,Essence,Automatique,130,Euro 6,Rouge,Berline,Allemagne,48000,45270.0
Hyundai,i20,2005,245880,2006-07-11,Diesel,Automatique,200,Euro 3,Noir,Berline,Allemagne,19500,4465.0
Dacia,Spring,2012,57583,2013-03-16,Diesel,Manuelle,200,Euro 4,Rouge,Berline,Espagne,22000,14160.0
Tesla,Model S,2011,28298,2012-05-20,Hybride,Manuelle,150,Euro 1,Bleu,Monospace,Espagne,95000,58705.0
Volkswagen,Tiguan,2007,124943,2007-08-22,Diesel,Automatique,110,Euro 3,Bleu,SUV,Allemagne,40000,15947.0
Volkswagen,Passat,2012,63971,2014-01-11,Diesel,Automatique,90,Euro 4,Bleu,Monospace,USA,36000,22562.0
Peugeot,308,2013,29651,2014-12-05,Hybride,Manuelle,90,Euro 1,Rouge,Monospace,USA,30000,22035.0
Dacia,Sandero,2006,132265,2009-09-18,Essence,Manuelle,200,Euro 3,Bleu,Monospace,Espagne,15900,5577.0
Mercedes,Classe A,2023,64647,2026-11-14,Hybride,Manuelle,150,Euro 1,Bleu,Monospace,Italie,38000,38675.0
Mercedes,Classe C,2006,82198,2007-03-08,Gaz,Automatique,90,Euro 3,Bleu,SUV,Italie,55000,22572.0
Ford,Fiesta,2012,87959,2015-03-29,Essence,Manuelle,130,Euro 4,Gris,Crossover,USA,18000,10248.0
Audi,A6,2016,72988,2018-07-25,Essence,Automatique,150,Euro 5,Gris,Monospace,Allemagne,72000,51405.0
Dacia,Sandero,2020,159488,2021-03-20,Essence,Automatique,150,Euro 6,Blanc,Monospace,France,15900,13432.0
Toyota,RAV4,2007,202220,2009-02-24,Essence,Automatique,130,Euro 3,Rouge,Berline,Allemagne,37000,11397.0
Audi,A4,2012,196569,2015-06-01,Diesel,Manuelle,150,Euro 4,Noir,Crossover,Allemagne,48000,22275.0
Dacia,Sandero,2014,52757,2014-12-04,Essence,Automatique,110,Euro 4,Blanc,Berline,Italie,15900,11700.0
Ford,Kuga,2018,66234,2018-08-28,Essence,Manuelle,150,Euro 5,Rouge,SUV,Italie,34000,26220.0
Hyundai,i30,2012,245432,2014-03-19,Essence,Manuelle,150,Euro 4,Noir,SUV,Italie,22000,9000.0
BMW,Serie 3,2008,246797,2009-03-30,Essence,Manuelle,130,Euro 3,Noir,SUV,USA,45000,12684.0
Hyundai,i30,2011,177561,2011-08-25,Hybride,Manuelle,110,Euro 1,Bleu,Break,Espagne,22000,11484.0
Hyundai,i20,2008,90553,2008-09-06,Diesel,Automatique,200,Euro 3,Noir,Crossover,France,19500,10105.0
Citroen,C4,2016,64798,2017-11-05,Essence,Manuelle,110,Euro 5,Bleu,SUV,Italie,24000,16870.0
Renault,Megane,2018,28854,2020-02-01,Essence,Manuelle,90,Euro 5,Bleu,Monospace,Allemagne,25000,19920.0
Tesla,Model 3,2006,240649,2006-07-11,Gaz,Manuelle,150,Euro 3,Gris,Crossover,Allemagne,45000,10560.0
Hyundai,i20,2016,34827,2019-07-01,Essence,Manuelle,110,Euro 5,Blanc,Monospace,Espagne,19500,14308.0
BMW,Serie 3,2014,15951,2017-09-04,Hybride,Automatique,130,Euro 1,Gris,Berline,Espagne,45000,35397.0
Toyota,Corolla,2019,57523,2019-09-11,Essence,Automatique,110,Euro 5,Rouge,Monospace,Japon,28000,24080.0
Ford,Kuga,2008,210654,2010-09-05,Diesel,Automatique,130,Euro 3,Bleu,SUV,Italie,34000,11563.0
Kia,Rio,2012,78944,2014-11-17,Hybride,Automatique,130,Euro 1,Rouge,Monospace,France,18900,14364.0
Peugeot,3008,2020,133380,2022-11-28,Essence,Manuelle,150,Euro 6,Gris,Crossover,Allemagne,35000,26625.0
Citroen,C3,2021,58409,2021-07-16,Gaz,Automatique,200,Euro 6,Blanc,Berline,Japon,16000,18490.0
BMW,X5,2005,47412,2008-11-05,Essence,Automatique,150,Euro 3,Rouge,Berline,USA,80000,32175.0
Audi,Q5,2020,49228,2023-04-14,Gaz,Manuelle,130,Euro 6,Bleu,Monospace,Espagne,65000,56952.0
Volkswagen,Tiguan,2024,163740,2027-07-27,Essence,Automatique,200,Euro 6,Noir,Monospace,USA,40000,36120.0
BMW,Serie 3,2018,100469,2020-11-08,Essence,Automatique,130,Euro 5,Gris,Monospace,Italie,45000,34056.0
Audi,Q5,2022,236273,2025-05-17,Diesel,Manuelle,110,Euro 6,Rouge,Monospace,Espagne,65000,46931.0
Renault,Megane,2023,192714,2025-03-08,Electrique,Manuelle,130,Euro 1,Rouge,Crossover,USA,25000,24414.0
Tesla,Model 3,2012,111793,2015-03-28,Essence,Manuelle,110,Euro 4,Rouge,Crossover,Japon,45000,23903.0
Mercedes,GLC,2010,206755,2010-05-14,Gaz,Manuelle,110,Euro 4,Gris,Berline,Allemagne,85000,33288.0
BMW,Serie 1,2013,83620,2016-11-12,Gaz,Automatique,200,Euro 4,Rouge,SUV,Japon,35000,23895.0
Toyota,Corolla,2005,81932,2005-08-14,Gaz,Manuelle,90,Euro 3,Blanc,Monospace,Allemagne,28000,10640.0
Toyota,RAV4,2008,230662,2009-12-06,Essence,Automatique,90,Euro 3,Blanc,Crossover,Japon,37000,11281.0
BMW,Serie 3,2023,94245,2024-01-16,Diesel,Manuelle,110,Euro 6,Noir,Break,Espagne,45000,40568.0
Peugeot,208,2018,184012,2020-06-25,Electrique,Automatique,150,Euro 1,Bleu,Break,USA,18000,16960.0
Mercedes,Classe A,2009,219335,2011-09-18,Essence,Automatique,110,Euro 3,Gris,Berline,Espagne,38000,13634.0
Volkswagen,Arteon,2005,126662,2007-10-22,Gaz,Automatique,150,Euro 3,Blanc,Break,Italie,48000,16430.0
Audi,A6,2020,134674,2022-02-10,Essence,Automatique,90,Euro 6,Blanc,Break,Allemagne,72000,55425.0
Audi,A6,2005,245844,2008-04-11,Essence,Automatique,130,Euro 3,Noir,Monospace,Espagne,72000,14117.0
Peugeot,3008,2009,43733,2012-01-31,Gaz,Manuelle,110,Euro 3,Rouge,Break,Espagne,35000,19176.0
Peugeot,3008,2014,235786,2017-11-25,Hybride,Automatique,150,Euro 1,Noir,Crossover,Allemagne,35000,19505.0
Citroen,C4,2023,230472,2026-11-13,Hybride,Automatique,200,Euro 1,Bleu,SUV,Japon,24000,22940.0
Audi,A3,2010,233913,2010-10-23,Hybride,Automatique,200,Euro 1,Noir,Berline,USA,34000,14350.0
Tesla,Model 3,2022,211671,2022-09-29,Electrique,Automatique,150,Euro 1,Bleu,Monospace,Japon,45000,39055.0
BMW,X5,2023,11032,2025-07-22,Electrique,Manuelle,150,Euro 1,Gris,Break,Espagne,80000,83040.0
Toyota,Hilux,2008,186215,2008-12-21,Diesel,Manuelle,150,Euro 3,Blanc,Break,Espagne,45000,15810.0
Hyundai,i30,2016,102361,2018-10-30,Gaz,Manuelle,110,Euro 5,Bleu,Monospace,Italie,22000,16236.0
Citroen,C4,2012,26476,2012-08-10,Hybride,Automatique,200,Euro 1,Gris,SUV,Allemagne,24000,19220.0
Audi,A4,2007,58189,2007-10-19,Essence,Manuelle,110,Euro 3,Blanc,SUV,France,48000,21164.0
Audi,A6,2009,74404,2009-11-10,Gaz,Manuelle,150,Euro 3,Rouge,Berline,USA,72000,36000.0
Citroen,C3,2012,120520,2015-11-07,Diesel,Manuelle,200,Euro 4,Noir,Crossover,France,16000,9360.0
Toyota,Hilux,2022,134114,2023-04-26,Diesel,Manuelle,150,Euro 6,Noir,Monospace,France,45000,37665.0
Kia,Rio,2014,153241,2014-01-23,Essence,Automatique,200,Euro 4,Noir,SUV,Japon,18900,12045.0
Dacia,Duster,2021,247664,2023-08-21,Essence,Manuelle,90,Euro 6,Rouge,Monospace,Italie,19900,13266.0
BMW,Serie 5,2018,220597,2021-09-19,Gaz,Automatique,200,Euro 5,Rouge,Crossover,Italie,65000,42300.0
Tesla,Model 3,2013,73742,2013-03-27,Gaz,Manuelle,150,Euro 4,Noir,Crossover,USA,45000,28800.0
Volkswagen,Arteon,2011,77486,2011-02-25,Hybride,Automatique,110,Euro 1,Noir,Monospace,France,48000,29214.0
Citroen,C4,2014,174856,2017-11-26,Hybride,Manuelle,90,Euro 1,Gris,Monospace,Italie,24000,14787.0
Peugeot,5008,2023,134784,2026-08-22,Hybride,Automatique,150,Euro 1,Bleu,Crossover,Espagne,42000,40740.0
Volkswagen,Golf,2008,134483,2010-06-15,Gaz,Manuelle,200,Euro 3,Gris,SUV,Italie,25000,11115.0
Hyundai,Tucson,2008,128541,2011-08-17,Gaz,Manuelle,130,Euro 3,Noir,Crossover,France,35000,15120.0
Tesla,Model X,2005,49661,2007-12-05,Diesel,Automatique,200,Euro 3,Blanc,Crossover,Allemagne,120000,48360.0
Renault,Talisman,2020,53843,2022-04-27,Hybride,Manuelle,110,Euro 1,Bleu,Crossover,USA,40000,36603.0
Volkswagen,Golf,2019,141127,2022-02-21,Electrique,Manuelle,130,Euro 1,Rouge,Berline,France,25000,22223.0
Citroen,C5 Aircross,2024,171573,2024-01-08,Diesel,Automatique,110,Euro 6,Blanc,Berline,France,35000,31623.0
Tesla,Model S,2021,240166,2022-09-10,Diesel,Manuelle,130,Euro 6,Rouge,Break,Italie,95000,64521.0
Audi,Q5,2020,198660,2022-11-08,Essence,Automatique,130,Euro 6,Blanc,Break,Japon,65000,46437.0
Hyundai,Tucson,2021,130350,2021-04-19,Diesel,Automatique,130,Euro 6,Gris,Crossover,France,35000,29874.0
Toyota,RAV4,2011,18821,2012-01-25,Gaz,Automatique,150,Euro 4,Noir,SUV,Japon,37000,25200.0
Volkswagen,Arteon,2022,23874,2024-02-18,Electrique,Manuelle,200,Euro 1,Bleu,SUV,Allemagne,48000,50600.0
Toyota,RAV4,2023,214398,2023-02-22,Electrique,Automatique,90,Euro 1,Rouge,Berline,Italie,37000,34124.0
Ford,Focus,2009,232071,2012-11-06,Essence,Automatique,110,Euro 3,Blanc,SUV,Espagne,26000,8992.0
BMW,Serie 1,2021,81351,2023-05-17,Hybride,Manuelle,90,Euro 1,Blanc,Crossover,USA,35000,32287.0
Renault,Megane,2017,138959,2017-04-27,Essence,Automatique,110,Euro 5,Noir,Crossover,Japon,25000,17886.0
BMW,X5,2007,60706,2010-11-08,Gaz,Manuelle,200,Euro 3,Noir,Berline,France,80000,35905.0
Hyundai,i20,2013,34566,2015-08-21,Diesel,Manuelle,110,Euro 4,Bleu,Berline,Japon,19500,13184.0
Peugeot,5008,2016,124808,2017-02-07,Gaz,Automatique,150,Euro 5,Gris,Berline,Japon,42000,30080.0
Toyota,Hilux,2007,211341,2007-11-18,Essence,Manuelle,200,Euro 3,Rouge,Crossover,USA,45000,12880.0
Dacia,Duster,2015,82811,2018-05-12,Diesel,Manuelle,110,Euro 5,Blanc,Berline,France,19900,13650.0
Kia,Sportage,2016,80123,2019-05-11,Gaz,Manuelle,130,Euro 5,Gris,Monospace,Italie,34000,25024.0
Audi,A3,2021,193222,2021-09-24,Gaz,Manuelle,110,Euro 6,Blanc,Monospace,Japon,34000,26352.0
Hyundai,i30,2024,133693,2024-05-21,Essence,Manuelle,90,Euro 6,Noir,SUV,Espagne,22000,19053.0
Peugeot,5008,2011,155459,2011-04-05,Essence,Manuelle,150,Euro 4,Noir,Crossover,USA,42000,19550.0
BMW,Serie 3,2020,209859,2020-05-06,Diesel,Manuelle,90,Euro 6,Noir,Break,Japon,45000,31212.0
BMW,Serie 5,2013,231910,2015-09-19,Hybride,Automatique,150,Euro 1,Blanc,SUV,France,65000,31460.0
Tesla,Model 3,2017,170996,2020-10-24,Diesel,Automatique,130,Euro 5,Noir,Crossover,France,45000,29946.0
Citroen,C5 Aircross,2016,153043,2018-01-24,Gaz,Automatique,150,Euro 5,Bleu,SUV,France,35000,24400.0
Mercedes,GLC,2011,192977,2012-01-10,Gaz,Manuelle,90,Euro 4,Bleu,Crossover,Japon,85000,36708.0
Citroen,C5 Aircross,2024,35797,2024-12-15,Hybride,Automatique,110,Euro 1,Gris,SUV,Italie,35000,39867.0
Hyundai,Tucson,2017,174610,2018-05-03,Gaz,Automatique,110,Euro 5,Gris,Crossover,France,35000,24552.0
Tesla,Model S,2019,32421,2019-06-16,Electrique,Automatique,130,Euro 1,Gris,Berline,Espagne,95000,84706.0
Ford,Kuga,2024,207804,2025-05-30,Diesel,Automatique,110,Euro 6,Gris,SUV,Italie,34000,29680.0
Mercedes,GLC,2015,160591,2015-07-06,Essence,Manuelle,200,Euro 5,Rouge,Monospace,Espagne,85000,49020.0
Dacia,Duster,2006,237626,2009-03-05,Essence,Automatique,90,Euro 3,Blanc,Break,Espagne,19900,5014.0
Hyundai,Tucson,2010,143246,2011-01-03,Hybride,Automatique,130,Euro 1,Noir,Berline,Allemagne,35000,18172.0
Renault,Megane,2024,65011,2027-01-22,Hybride,Automatique,110,Euro 1,Noir,Break,Italie,25000,29234.0
Dacia,Spring,2005,99917,2005-06-23,Essence,Automatique,110,Euro 3,Bleu,Break,France,22000,8194.0
Kia,Rio,2005,131733,2005-05-07,Gaz,Manuelle,200,Euro 3,Bleu,Berline,Espagne,18900,6720.0
Ford,Kuga,2012,184931,2013-12-04,Essence,Manuelle,200,Euro 4,Noir,SUV,USA,34000,16100.0
Peugeot,208,2018,80095,2018-11-02,Diesel,Manuelle,130,Euro 5,Noir,Crossover,USA,18000,14282.0
Audi,A4,2022,217496,2025-07-14,Electrique,Automatique,90,Euro 1,Bleu,Break,Espagne,48000,40807.0
BMW,Serie 3,2021,11232,2022-06-15,Gaz,Automatique,150,Euro 6,Gris,Crossover,Allemagne,45000,45000.0
Ford,Fiesta,2019,158698,2020-01-03,Diesel,Manuelle,200,Euro 5,Bleu,Break,France,18000,14000.0
Hyundai,Tucson,2019,177302,2019-12-17,Hybride,Automatique,130,Euro 1,Gris,Monospace,France,35000,28084.0
Citroen,C5 Aircross,2021,16514,2023-12-24,Gaz,Manuelle,130,Euro 6,Bleu,Crossover,Espagne,35000,34020.0
BMW,X5,2012,118108,2012-06-08,Diesel,Manuelle,130,Euro 4,Gris,Break,Japon,80000,43089.0
Mercedes,Classe E,2012,155996,2012-11-03,Gaz,Manuelle,90,Euro 4,Gris,Monospace,Espagne,75000,37926.0
Renault,Clio,2006,130788,2008-02-04,Diesel,Automatique,130,Euro 3,Gris,Break,Espagne,17000,6699.0
Dacia,Spring,2010,111714,2010-07-17,Essence,Manuelle,150,Euro 4,Gris,Berline,France,22000,10575.0
Ford,Fiesta,2008,138215,2011-04-04,Essence,Manuelle,90,Euro 3,Bleu,Berline,Japon,18000,6981.0
BMW,Serie 3,2018,101092,2019-09-02,Hybride,Manuelle,110,Euro 1,Bleu,Berline,Espagne,45000,35352.0
Kia,Sportage,2023,58842,2026-11-12,Gaz,Automatique,200,Euro 6,Bleu,Break,Japon,34000,36340.0
Audi,A6,2020,125652,2020-01-20,Electrique,Automatique,200,Euro 1,Blanc,Crossover,USA,72000,61560.0
Hyundai,i20,2023,95354,2026-03-29,Diesel,Automatique,110,Euro 6,Noir,Berline,Allemagne,19500,19888.0
Renault,Clio,2017,90685,2017-01-21,Essence,Manuelle,130,Euro 5,Noir,Crossover,Allemagne,17000,12110.0
Renault,Talisman,2009,233188,2009-04-20,Essence,Manuelle,200,Euro 3,Blanc,Crossover,France,40000,13120.0
Citroen,C3,2008,138332,2010-10-23,Gaz,Automatique,130,Euro 3,Rouge,SUV,Italie,16000,8112.0
Volkswagen,Passat,2024,87860,2024-03-29,Gaz,Manuelle,150,Euro 6,Bleu,Berline,Espagne,36000,35880.0
Ford,Fiesta,2024,165071,2027-08-24,Essence,Manuelle,130,Euro 6,Rouge,Monospace,Allemagne,18000,15372.0
Mercedes,Classe C,2006,54607,2008-04-08,Diesel,Automatique,90,Euro 3,Gris,Break,Italie,55000,23739.0
Volkswagen,Tiguan,2021,76005,2024-11-15,Gaz,Automatique,110,Euro 6,Rouge,Break,Espagne,40000,37464.0
Citroen,C4,2008,179799,2008-10-22,Gaz,Manuelle,110,Euro 3,Blanc,Crossover,USA,24000,9310.0
Renault,Captur,2005,181641,2007-03-12,Diesel,Automatique,90,Euro 3,Noir,Break,Espagne,28000,7725.0
Audi,A6,2020,129936,2023-02-20,Electrique,Manuelle,110,Euro 1,Blanc,Crossover,Allemagne,72000,59356.0
Hyundai,i30,2007,135631,2008-09-08,Gaz,Automatique,130,Euro 3,Blanc,Crossover,USA,22000,9648.0
Dacia,Spring,2016,49325,2017-11-03,Hybride,Automatique,130,Euro 1,Gris,Break,Italie,22000,20376.0
Volkswagen,Arteon,2023,112997,2026-03-27,Diesel,Manuelle,90,Euro 6,Noir,Crossover,Italie,48000,42054.0
Toyota,Hilux,2009,137953,2012-06-02,Diesel,Automatique,150,Euro 3,Gris,Crossover,Japon,45000,20370.0
BMW,Serie 5,2008,116156,2011-06-17,Diesel,Automatique,200,Euro 3,Bleu,Crossover,France,65000,28290.0
Hyundai,Tucson,2005,63512,2007-09-18,Gaz,Manuelle,90,Euro 3,Bleu,Berline,France,35000,13838.0
Toyota,Corolla,2007,162646,2009-02-04,Diesel,Automatique,150,Euro 3,Bleu,Berline,France,28000,10395.0
Tesla,Model 3,2012,100782,2013-07-13,Diesel,Manuelle,90,Euro 4,Noir,Berline,USA,45000,24786.0
Kia,Rio,2018,140791,2020-03-20,Electrique,Manuelle,90,Euro 1,Noir,Berline,Japon,18900,16864.0
Mercedes,Classe A,2008,230857,2008-05-09,Diesel,Manuelle,130,Euro 3,Gris,Berline,Allemagne,38000,11397.0
Renault,Captur,2017,114881,2017-06-22,Diesel,Automatique,200,Euro 5,Gris,Break,Allemagne,28000,21760.0
Volkswagen,Golf,2007,219418,2007-01-02,Diesel,Manuelle,150,Euro 3,Rouge,Crossover,USA,25000,7420.0
BMW,Serie 1,2022,112484,2022-03-26,Hybride,Automatique,90,Euro 1,Blanc,Break,USA,35000,33947.0
Volkswagen,Arteon,2020,222102,2020-10-18,Gaz,Manuelle,130,Euro 6,Blanc,Monospace,France,48000,33528.0
BMW,Serie 1,2016,72999,2018-05-11,Diesel,Automatique,90,Euro 5,Rouge,Crossover,Japon,35000,26151.0
Hyundai,Tucson,2012,244912,2013-05-16,Essence,Manuelle,110,Euro 4,Gris,Break,Allemagne,35000,14040.0
Dacia,Sandero,2014,114891,2016-11-10,Hybride,Automatique,90,Euro 1,Gris,Crossover,Japon,15900,12862.0
Ford,Fiesta,2008,42031,2009-07-14,Diesel,Automatique,130,Euro 3,Gris,Monospace,USA,18000,10224.0
Mercedes,Classe A,2023,30945,2025-04-26,Hybride,Automatique,150,Euro 1,Bleu,Monospace,Italie,38000,41830.0
BMW,X5,2009,25754,2011-07-30,Essence,Manuelle,130,Euro 3,Bleu,Monospace,USA,80000,42559.0
Mercedes,Classe C,2011,140577,2014-06-04,Hybride,Automatique,150,Euro 1,Gris,Monospace,Allemagne,55000,28905.0
BMW,X5,2022,167473,2022-05-07,Essence,Manuelle,200,Euro 6,Blanc,Berline,France,80000,63180.0
Mercedes,Classe C,2017,43999,2019-08-01,Essence,Automatique,130,Euro 5,Noir,Monospace,USA,55000,42975.0
Citroen,C3,2012,33077,2015-05-09,Hybride,Manuelle,110,Euro 1,Gris,Monospace,USA,16000,12261.0
Mercedes,Classe C,2018,11076,2021-03-28,Hybride,Automatique,90,Euro 1,Blanc,Berline,Allemagne,55000,49329.0
Peugeot,5008,2010,129389,2010-09-27,Hybride,Automatique,90,Euro 1,Bleu,Crossover,Italie,42000,22034.0
Audi,A6,2013,66848,2014-06-11,Essence,Automatique,200,Euro 4,Bleu,SUV,Japon,72000,45750.0
Volkswagen,Tiguan,2019,164995,2020-12-31,Hybride,Manuelle,200,Euro 1,Bleu,SUV,Espagne,40000,31050.0
Renault,Megane,2020,115439,2021-05-29,Essence,Automatique,200,Euro 6,Gris,Monospace,France,25000,21560.0
Kia,Rio,2008,23508,2009-02-11,Essence,Manuelle,200,Euro 3,Bleu,Crossover,USA,18900,9950.0
Kia,Rio,2020,154229,2022-04-03,Essence,Automatique,150,Euro 6,Noir,Berline,Italie,18900,15622.0
Citroen,C4,2022,228871,2024-04-08,Gaz,Manuelle,150,Euro 6,Blanc,Monospace,Espagne,24000,19440.0
BMW,Serie 5,2020,107941,2023-06-21,Electrique,Manuelle,90,Euro 1,Bleu,Berline,Japon,65000,55302.0
Mercedes,Classe A,2021,139833,2024-12-26,Hybride,Automatique,110,Euro 1,Gris,Berline,Japon,38000,34398.0
Ford,Fiesta,2017,187931,2020-11-20,Gaz,Automatique,110,Euro 5,Bleu,Break,Allemagne,18000,13786.0
Ford,Kuga,2017,101582,2018-01-10,Essence,Automatique,90,Euro 5,Rouge,Crossover,France,34000,24771.0
Peugeot,3008,2009,70008,2010-05-28,Essence,Manuelle,90,Euro 3,Blanc,Crossover,USA,35000,16752.0
BMW,Serie 3,2022,141828,2023-10-09,Electrique,Automatique,130,Euro 1,Noir,Berline,Espagne,45000,42640.0
Toyota,Corolla,2012,142251,2013-07-31,Hybride,Manuelle,130,Euro 1,Bleu,Break,France,28000,16150.0
Peugeot,3008,2017,146684,2020-03-14,Gaz,Automatique,110,Euro 5,Gris,Berline,Japon,35000,25740.0
Peugeot,5008,2016,84971,2019-06-01,Diesel,Manuelle,130,Euro 5,Noir,Break,USA,42000,29444.0
BMW,Serie 5,2021,202928,2021-06-16,Hybride,Manuelle,130,Euro 1,Bleu,Crossover,USA,65000,49203.0
Hyundai,i30,2016,210662,2017-06-10,Gaz,Manuelle,90,Euro 5,Blanc,Break,France,22000,13420.0
Audi,A4,2021,21634,2024-10-20,Electrique,Automatique,90,Euro 1,Gris,Break,Allemagne,48000,49751.0
Citroen,C5 Aircross,2014,65521,2015-01-27,Gaz,Manuelle,110,Euro 4,Blanc,Break,Allemagne,35000,24064.0
Renault,Talisman,2014,240430,2015-03-16,Essence,Manuelle,110,Euro 4,Gris,Break,Japon,40000,18446.0
BMW,Serie 5,2018,166357,2020-04-25,Electrique,Manuelle,90,Euro 1,Rouge,Berline,Espagne,65000,46794.0
BMW,Serie 5,2018,73820,2020-05-03,Gaz,Manuelle,90,Euro 5,Blanc,SUV,Japon,65000,50550.0
Peugeot,308,2007,181058,2008-08-12,Diesel,Automatique,130,Euro 3,Noir,SUV,Allemagne,30000,10323.0
Kia,Ceed,2022,119707,2022-04-27,Diesel,Manuelle,110,Euro 6,Bleu,SUV,Italie,23000,20003.0
BMW,X5,2021,49233,2024-04-14,Gaz,Manuelle,150,Euro 6,Gris,Berline,France,80000,72210.0
Hyundai,Tucson,2009,186221,2011-07-04,Essence,Manuelle,110,Euro 3,Rouge,Crossover,Italie,35000,12987.0
Tesla,Model 3,2008,223373,2008-01-30,Diesel,Automatique,130,Euro 3,Gris,Berline,Japon,45000,14490.0
Toyota,Yaris,2014,74251,2016-01-26,Gaz,Automatique,200,Euro 4,Bleu,Crossover,Japon,19000,15435.0
Peugeot,3008,2007,14078,2008-09-20,Essence,Automatique,130,Euro 3,Noir,Break,Italie,35000,17904.0
Kia,Ceed,2015,149715,2017-12-13,Essence,Manuelle,130,Euro 5,Gris,Crossover,Italie,23000,13747.0
BMW,Serie 5,2017,246033,2020-12-06,Hybride,Automatique,90,Euro 1,Gris,Berline,Italie,65000,38995.0
Volkswagen,Passat,2017,27426,2017-05-05,Hybride,Automatique,130,Euro 1,Gris,Berline,Espagne,36000,32571.0
Renault,Talisman,2007,42021,2010-08-17,Essence,Manuelle,90,Euro 3,Bleu,Crossover,USA,40000,17955.0
Dacia,Sandero,2022,248994,2024-05-10,Gaz,Manuelle,90,Euro 6,Gris,Break,Japon,15900,12810.0
BMW,Serie 1,2021,167398,2024-07-17,Hybride,Automatique,110,Euro 1,Rouge,Monospace,France,35000,30825.0
Volkswagen,Passat,2014,54632,2017-08-23,Gaz,Automatique,200,Euro 4,Bleu,Crossover,Japon,36000,26975.0
BMW,Serie 3,2018,139540,2020-11-11,Essence,Manuelle,150,Euro 5,Blanc,Berline,USA,45000,31395.0
Citroen,C3,2010,70324,2013-06-01,Hybride,Automatique,130,Euro 1,Bleu,Crossover,Japon,16000,11373.0
Citroen,C3,2016,171339,2019-03-09,Gaz,Automatique,200,Euro 5,Blanc,Break,France,16000,12685.0
BMW,X5,2012,33034,2014-10-12,Hybride,Manuelle,90,Euro 1,Noir,Break,Japon,80000,51179.0
Dacia,Spring,2022,139572,2022-10-21,Hybride,Automatique,150,Euro 1,Rouge,Break,Japon,22000,23085.0
Kia,Rio,2012,189469,2013-06-02,Essence,Automatique,200,Euro 4,Noir,Break,USA,18900,10074.0
Tesla,Model S,2022,155680,2023-10-13,Gaz,Automatique,200,Euro 6,Bleu,Monospace,USA,95000,79395.0
Dacia,Spring,2014,102586,2015-06-13,Hybride,Manuelle,130,Euro 1,Noir,Break,Espagne,22000,15780.0
Hyundai,Tucson,2015,136385,2015-12-29,Gaz,Manuelle,110,Euro 5,Blanc,Berline,Espagne,35000,22560.0
Renault,Megane,2020,151575,2023-01-11,Diesel,Manuelle,130,Euro 6,Blanc,Crossover,Allemagne,25000,19199.0
Citroen,C3,2020,27720,2021-07-15,Essence,Automatique,130,Euro 6,Noir,Break,Japon,16000,15738.0
Mercedes,Classe A,2012,115379,2015-09-12,Diesel,Manuelle,90,Euro 4,Rouge,Berline,France,38000,20617.0
BMW,Serie 3,2016,85848,2019-02-11,Essence,Automatique,90,Euro 5,Noir,Break,Allemagne,45000,31892.0
Renault,Megane,2005,128277,2006-11-21,Essence,Automatique,130,Euro 3,Rouge,Monospace,Italie,25000,8463.0
Kia,Ceed,2016,108501,2017-04-06,Hybride,Manuelle,200,Euro 1,Gris,Crossover,Italie,23000,18480.0
Dacia,Duster,2016,172737,2018-04-05,Essence,Automatique,200,Euro 5,Blanc,Break,USA,19900,13511.0
BMW,Serie 1,2011,19851,2014-09-07,Hybride,Manuelle,90,Euro 1,Gris,Monospace,France,35000,23340.0
Peugeot,208,2007,20325,2009-12-08,Diesel,Automatique,90,Euro 3,Rouge,Monospace,Japon,18000,9823.0
Citroen,C5 Aircross,2012,136089,2014-11-24,Gaz,Automatique,200,Euro 4,Gris,Crossover,USA,35000,20655.0
Peugeot,308,2008,172015,2010-12-01,Gaz,Manuelle,110,Euro 3,Rouge,Crossover,Allemagne,30000,11410.0
BMW,Serie 1,2014,22993,2015-03-15,Hybride,Manuelle,200,Euro 1,Gris,Break,USA,35000,27200.0
Tesla,Model 3,2018,47721,2020-08-04,Electrique,Manuelle,130,Euro 1,Rouge,Break,Espagne,45000,40014.0
Audi,A3,2005,80772,2008-07-21,Essence,Manuelle,150,Euro 3,Rouge,Monospace,Allemagne,34000,12075.0
BMW,Serie 3,2018,119291,2021-03-02,Essence,Automatique,90,Euro 5,Rouge,Berline,Espagne,45000,33299.0
Audi,A4,2019,84930,2019-09-17,Essence,Automatique,150,Euro 5,Rouge,Monospace,Italie,48000,38885.0
Dacia,Spring,2020,36913,2023-09-02,Essence,Automatique,130,Euro 6,Gris,Berline,Italie,22000,20655.0
Hyundai,i20,2018,145799,2019-11-26,Electrique,Automatique,90,Euro 1,Bleu,SUV,France,19500,18632.0
Ford,Focus,2018,248001,2019-05-23,Electrique,Manuelle,130,Euro 1,Bleu,Crossover,USA,26000,18734.0
Tesla,Model X,2006,54792,2009-03-06,Diesel,Manuelle,150,Euro 3,Bleu,Berline,Italie,120000,49815.0
Peugeot,5008,2018,220793,2020-03-30,Gaz,Manuelle,150,Euro 5,Bleu,Monospace,Espagne,42000,27000.0
Hyundai,i30,2011,132691,2011-10-05,Essence,Automatique,90,Euro 4,Rouge,Break,Allemagne,22000,11472.0
Audi,A6,2017,157634,2017-05-27,Diesel,Manuelle,110,Euro 5,Blanc,Crossover,USA,72000,46784.0
Dacia,Spring,2013,200285,2016-07-16,Hybride,Automatique,130,Euro 1,Noir,Break,Japon,22000,13301.0
Hyundai,Tucson,2019,183773,2020-03-09,Electrique,Automatique,130,Euro 1,Rouge,Berline,Allemagne,35000,29011.0
Kia,Rio,2011,94618,2011-06-11,Gaz,Automatique,130,Euro 4,Rouge,SUV,Allemagne,18900,12324.0
Hyundai,i20,2019,39976,2022-12-23,Electrique,Automatique,200,Euro 1,Rouge,Monospace,France,19500,23370.0
Renault,Talisman,2018,86202,2020-03-02,Gaz,Automatique,130,Euro 5,Blanc,Berline,Italie,40000,33152.0
Kia,Rio,2009,183082,2010-10-26,Gaz,Manuelle,90,Euro 3,Gris,Crossover,Espagne,18900,7881.0
Peugeot,308,2012,73782,2013-10-22,Diesel,Manuelle,150,Euro 4,Rouge,Berline,Italie,30000,17955.0
Ford,Focus,2022,237299,2023-02-19,Electrique,Automatique,110,Euro 1,Blanc,Break,Japon,26000,24211.0
BMW,X5,2020,193819,2021-10-27,Electrique,Manuelle,150,Euro 1,Rouge,SUV,Italie,80000,59685.0
Tesla,Model S,2019,150141,2022-11-01,Hybride,Manuelle,90,Euro 1,Bleu,Monospace,Espagne,95000,69230.0
Hyundai,i30,2011,247531,2013-11-20,Hybride,Manuelle,90,Euro 1,Bleu,SUV,Espagne,22000,9583.0
BMW,X5,2023,54540,2026-06-11,Hybride,Manuelle,200,Euro 1,Bleu,Berline,Italie,80000,78200.0
Kia,Ceed,2024,71602,2024-04-02,Diesel,Manuelle,200,Euro 6,Gris,Monospace,Espagne,23000,23250.0
Kia,Sportage,2018,186483,2021-04-30,Electrique,Automatique,130,Euro 1,Blanc,Break,USA,34000,27072.0
Tesla,Model S,2019,133907,2021-07-20,Hybride,Automatique,200,Euro 1,Bleu,SUV,Espagne,95000,73440.0
Mercedes,GLC,2017,118768,2018-04-11,Hybride,Manuelle,150,Euro 1,Rouge,Crossover,France,85000,60860.0
Hyundai,i20,2022,19803,2023-04-23,Diesel,Automatique,200,Euro 6,Gris,Monospace,USA,19500,21855.0
BMW,Serie 3,2015,198795,2017-09-30,Diesel,Manuelle,110,Euro 5,Rouge,SUV,Italie,45000,24894.0
Mercedes,Classe A,2012,216552,2013-06-26,Diesel,Automatique,130,Euro 4,Rouge,Crossover,Allemagne,38000,17759.0
Citroen,C4,2010,13653,2013-03-29,Hybride,Automatique,130,Euro 1,Bleu,Berline,USA,24000,17271.0
Renault,Clio,2018,162963,2019-09-22,Hybride,Automatique,200,Euro 1,Noir,SUV,Japon,17000,15840.0
Audi,A3,2013,94776,2013-07-17,Hybride,Automatique,200,Euro 1,Noir,SUV,Japon,34000,23780.0
Toyota,Yaris,2009,122947,2012-04-10,Diesel,Automatique,110,Euro 3,Bleu,Break,France,19000,9503.0
Hyundai,i30,2015,132960,2018-10-12,Diesel,Manuelle,200,Euro 5,Noir,SUV,Japon,22000,14400.0
Citroen,C3,2008,169471,2011-09-13,Diesel,Manuelle,130,Euro 3,Blanc,Break,Japon,16000,6228.0
Citroen,C4,2006,168002,2006-04-26,Essence,Automatique,200,Euro 3,Gris,SUV,Espagne,24000,8100.0
Citroen,C4,2011,205376,2014-07-04,Diesel,Manuelle,130,Euro 4,Rouge,Crossover,France,24000,10373.0
Tesla,Model 3,2018,130957,2018-05-22,Diesel,Manuelle,110,Euro 5,Bleu,SUV,Espagne,45000,31809.0
Kia,Ceed,2008,141710,2008-12-22,Essence,Automatique,200,Euro 3,Gris,Break,Allemagne,23000,9880.0
Toyota,RAV4,2007,69074,2007-10-31,Diesel,Automatique,90,Euro 3,Gris,Break,France,37000,17157.0
Volkswagen,Tiguan,2009,131797,2011-04-27,Gaz,Manuelle,130,Euro 3,Blanc,Break,Italie,40000,17976.0
Audi,A3,2009,93027,2012-10-30,Gaz,Manuelle,130,Euro 3,Bleu,Monospace,Espagne,34000,16928.0
Toyota,RAV4,2019,184564,2020-04-26,Essence,Automatique,150,Euro 5,Gris,SUV,Japon,37000,26465.0
Kia,Sportage,2017,186503,2020-05-29,Diesel,Automatique,130,Euro 5,Bleu,Break,Japon,34000,22753.0
Volkswagen,Arteon,2018,190976,2021-01-18,Electrique,Automatique,90,Euro 1,Noir,Crossover,Japon,48000,35217.0
Kia,Ceed,2015,59104,2017-10-06,Gaz,Manuelle,90,Euro 5,Rouge,Break,France,23000,17272.0
Citroen,C3,2018,199695,2019-02-26,Electrique,Automatique,90,Euro 1,Bleu,Break,Espagne,16000,15057.0
Dacia,Spring,2007,206351,2007-11-27,Gaz,Manuelle,90,Euro 3,Noir,Crossover,Espagne,22000,7076.0
Volkswagen,Arteon,2008,139850,2010-10-16,Gaz,Automatique,110,Euro 3,Noir,Monospace,USA,48000,20514.0
Renault,Megane,2022,18989,2024-12-02,Electrique,Automatique,130,Euro 1,Noir,Berline,Japon,25000,30969.0
Mercedes,Classe E,2017,78677,2018-03-01,Hybride,Automatique,200,Euro 1,Bleu,Crossover,France,75000,59040.0
Dacia,Sandero,2022,228263,2025-02-01,Diesel,Automatique,150,Euro 6,Blanc,Break,Espagne,15900,13968.0
Citroen,C4,2024,112307,2027-06-18,Diesel,Automatique,130,Euro 6,Noir,Crossover,Espagne,24000,24297.0
Hyundai,i20,2007,51225,2010-09-16,Gaz,Manuelle,90,Euro 3,Bleu,Crossover,USA,19500,9636.0
Hyundai,Tucson,2020,53006,2021-08-20,Hybride,Manuelle,150,Euro 1,Blanc,Break,USA,35000,32785.0
BMW,Serie 1,2007,95107,2009-07-29,Essence,Automatique,150,Euro 3,Rouge,Break,Japon,35000,15000.0
Citroen,C4,2008,16268,2008-09-12,Diesel,Manuelle,200,Euro 3,Gris,Monospace,France,24000,13260.0
Dacia,Duster,2023,214858,2024-07-10,Essence,Automatique,110,Euro 6,Rouge,SUV,France,19900,16720.0
Citroen,C4,2009,22019,2012-01-08,Essence,Automatique,130,Euro 3,Bleu,Monospace,Allemagne,24000,13939.0
Kia,Ceed,2009,90671,2009-12-05,Essence,Manuelle,90,Euro 3,Rouge,Monospace,Allemagne,23000,10534.0
Peugeot,3008,2012,58437,2015-04-28,Diesel,Manuelle,90,Euro 4,Bleu,Monospace,USA,35000,21181.0
Mercedes,Classe C,2007,60481,2008-05-07,Diesel,Manuelle,90,Euro 3,Noir,Break,Espagne,55000,24037.0
Audi,A6,2017,194865,2020-10-28,Hybride,Automatique,150,Euro 1,Gris,Berline,Allemagne,72000,47100.0
Kia,Ceed,2008,215464,2008-08-12,Essence,Automatique,200,Euro 3,Rouge,Break,Japon,23000,8060.0
Peugeot,208,2019,125453,2022-11-15,Hybride,Manuelle,110,Euro 1,Gris,Break,Allemagne,18000,16133.0
Toyota,RAV4,2021,41488,2023-06-20,Gaz,Automatique,200,Euro 6,Rouge,Break,USA,37000,36975.0
Citroen,C3,2012,160059,2014-12-05,Diesel,Automatique,200,Euro 4,Gris,SUV,Espagne,16000,9600.0
Peugeot,5008,2008,168305,2010-01-16,Gaz,Automatique,200,Euro 3,Bleu,Crossover,Espagne,42000,17100.0
Tesla,Model X,2015,88088,2017-08-12,Gaz,Automatique,110,Euro 5,Noir,Crossover,Italie,120000,80990.0
Dacia,Sandero,2005,223997,2008-10-25,Diesel,Automatique,130,Euro 3,Rouge,SUV,Allemagne,15900,4032.0
Ford,Fiesta,2024,173991,2026-03-20,Gaz,Manuelle,110,Euro 6,Bleu,Berline,USA,18000,17098.0
Renault,Megane,2019,112677,2019-09-25,Essence,Automatique,110,Euro 5,Blanc,Break,France,25000,20054.0
Toyota,Corolla,2015,105726,2017-02-13,Gaz,Automatique,90,Euro 5,Bleu,Break,Italie,28000,20412.0
Citroen,C5 Aircross,2020,138427,2021-10-11,Essence,Manuelle,90,Euro 6,Noir,Berline,France,35000,26175.0
Mercedes,GLC,2011,57015,2011-07-12,Diesel,Manuelle,200,Euro 4,Bleu,Break,Japon,85000,48720.0
Kia,Sportage,2010,217119,2012-02-24,Essence,Manuelle,110,Euro 4,Blanc,Monospace,Italie,34000,12617.0
Ford,Fiesta,2010,85240,2010-07-22,Diesel,Manuelle,90,Euro 4,Noir,Crossover,France,18000,9450.0
Ford,Kuga,2017,55404,2020-11-27,Diesel,Manuelle,130,Euro 5,Bleu,Monospace,Allemagne,34000,26122.0
Ford,Focus,2018,114503,2020-09-30,Diesel,Manuelle,130,Euro 5,Noir,Crossover,Allemagne,26000,19383.0
Kia,Ceed,2014,236961,2016-10-18,Diesel,Automatique,150,Euro 4,Rouge,Monospace,USA,23000,12455.0
Audi,A4,2013,170553,2014-06-29,Essence,Manuelle,90,Euro 4,Bleu,Monospace,Italie,48000,23950.0
Kia,Ceed,2016,81365,2017-07-22,Diesel,Automatique,90,Euro 5,Noir,SUV,Allemagne,23000,17612.0
Tesla,Model X,2005,142300,2006-10-04,Diesel,Automatique,110,Euro 3,Rouge,Berline,Japon,120000,35699.0
BMW,Serie 1,2014,159642,2014-05-03,Gaz,Manuelle,110,Euro 4,Bleu,Berline,Allemagne,35000,20680.0
BMW,Serie 5,2013,236515,2014-10-09,Essence,Manuelle,90,Euro 4,Noir,Berline,Japon,65000,28556.0
Citroen,C3,2013,189678,2016-04-10,Essence,Automatique,200,Euro 4,Gris,Crossover,France,16000,9310.0
Dacia,Spring,2019,147935,2022-06-14,Essence,Manuelle,200,Euro 5,Blanc,Crossover,France,22000,16330.0
BMW,X5,2018,204702,2018-11-27,Hybride,Manuelle,130,Euro 1,Blanc,Berline,Allemagne,80000,52266.0
Hyundai,i30,2014,27952,2015-03-10,Hybride,Manuelle,200,Euro 1,Blanc,SUV,Japon,22000,18360.0
BMW,Serie 5,2020,75613,2023-08-29,Electrique,Automatique,200,Euro 1,Bleu,Break,USA,65000,59940.0
Audi,A6,2016,113057,2017-09-13,Essence,Manuelle,150,Euro 5,Gris,Berline,Japon,72000,47125.0
Audi,A3,2022,133430,2024-09-28,Essence,Manuelle,150,Euro 6,Noir,Monospace,Japon,34000,27945.0
Mercedes,GLC,2012,45735,2015-08-13,Essence,Manuelle,130,Euro 4,Blanc,SUV,Japon,85000,51180.0
Renault,Clio,2011,36235,2014-11-06,Diesel,Automatique,200,Euro 4,Blanc,SUV,Italie,17000,12180.0
Citroen,C5 Aircross,2009,26061,2011-11-18,Gaz,Automatique,130,Euro 3,Rouge,Berline,Italie,35000,21094.0
Mercedes,Classe C,2005,37526,2008-10-31,Essence,Automatique,200,Euro 3,Blanc,Berline,Japon,55000,23200.0
Peugeot,3008,2010,127907,2012-12-15,Diesel,Manuelle,130,Euro 4,Bleu,SUV,Japon,35000,16698.0
Volkswagen,Arteon,2006,27494,2006-08-12,Diesel,Automatique,200,Euro 3,Noir,Crossover,France,48000,22880.0
Hyundai,i30,2005,117848,2006-05-23,Essence,Manuelle,150,Euro 3,Bleu,Break,France,22000,7200.0
Toyota,Corolla,2024,37581,2024-02-25,Electrique,Automatique,150,Euro 1,Bleu,Berline,Japon,28000,35405.0
Ford,Focus,2009,217211,2009-12-11,Gaz,Manuelle,110,Euro 3,Gris,SUV,Italie,26000,9724.0
Dacia,Sandero,2008,147040,2009-11-09,Diesel,Automatique,200,Euro 3,Bleu,Monospace,USA,15900,7562.0
Hyundai,Tucson,2010,187220,2013-06-20,Hybride,Automatique,110,Euro 1,Rouge,Crossover,Italie,35000,16440.0
Mercedes,GLC,2014,155200,2014-01-01,Gaz,Manuelle,200,Euro 4,Blanc,Berline,USA,85000,48675.0
Mercedes,GLC,2011,172575,2014-05-29,Gaz,Manuelle,200,Euro 4,Rouge,Break,Japon,85000,38940.0
Dacia,Duster,2013,62277,2013-09-09,Essence,Manuelle,90,Euro 4,Rouge,Berline,Italie,19900,12078.0
BMW,Serie 3,2020,226123,2022-02-02,Electrique,Manuelle,90,Euro 1,Rouge,Crossover,France,45000,33594.0
Dacia,Duster,2006,212492,2009-07-09,Gaz,Automatique,110,Euro 3,Rouge,SUV,Espagne,19900,6125.0
Audi,A6,2011,84221,2011-02-02,Gaz,Manuelle,150,Euro 4,Blanc,Crossover,Espagne,72000,39750.0
Volkswagen,Arteon,2020,249529,2021-03-01,Gaz,Manuelle,130,Euro 6,Bleu,Crossover,France,48000,32512.0
Ford,Kuga,2010,156265,2012-09-27,Gaz,Manuelle,130,Euro 4,Bleu,Monospace,Italie,34000,15824.0
Toyota,Hilux,2020,244342,2020-12-13,Diesel,Manuelle,150,Euro 6,Gris,Break,Allemagne,45000,29760.0
Peugeot,208,2019,89949,2021-03-24,Hybride,Manuelle,130,Euro 1,Rouge,Monospace,Japon,18000,17171.0
Dacia,Sandero,2016,170512,2017-09-26,Gaz,Automatique,130,Euro 5,Noir,Monospace,USA,15900,12213.0
Citroen,C4,2010,62872,2012-04-01,Gaz,Automatique,90,Euro 4,Rouge,Monospace,Espagne,24000,14768.0
Kia,Ceed,2013,234491,2016-12-17,Diesel,Automatique,90,Euro 4,Rouge,Berline,USA,23000,11396.0
Ford,Kuga,2010,134643,2012-05-27,Hybride,Automatique,110,Euro 1,Rouge,Monospace,Allemagne,34000,18045.0
Dacia,Sandero,2016,206997,2018-10-18,Gaz,Automatique,110,Euro 5,Blanc,Monospace,Allemagne,15900,11480.0
Hyundai,Tucson,2023,42339,2025-04-10,Hybride,Manuelle,150,Euro 1,Rouge,Crossover,France,35000,36735.0
BMW,Serie 1,2020,155948,2022-12-08,Hybride,Automatique,150,Euro 1,Blanc,SUV,Italie,35000,30295.0
Mercedes,Classe C,2023,12221,2023-04-16,Essence,Manuelle,150,Euro 6,Gris,SUV,USA,55000,53280.0
Tesla,Model S,2012,188375,2013-09-21,Diesel,Manuelle,90,Euro 4,Bleu,Berline,Italie,95000,44114.0
Dacia,Sandero,2005,185258,2005-07-26,Gaz,Manuelle,130,Euro 3,Noir,Break,Italie,15900,4675.0
Mercedes,Classe C,2024,123174,2025-12-07,Gaz,Automatique,200,Euro 6,Blanc,Break,Italie,55000,53240.0
Audi,Q5,2005,176874,2006-06-23,Diesel,Manuelle,90,Euro 3,Bleu,Break,USA,65000,17134.0
Mercedes,Classe E,2017,99113,2020-09-30,Essence,Manuelle,110,Euro 5,Noir,Break,Japon,75000,52570.0
Peugeot,5008,2008,168148,2011-11-02,Essence,Manuelle,110,Euro 3,Rouge,Crossover,Italie,42000,15156.0
Peugeot,5008,2013,145892,2015-04-13,Diesel,Automatique,150,Euro 4,Bleu,Crossover,Allemagne,42000,24115.0
Toyota,Yaris,2017,152618,2020-12-16,Gaz,Automatique,200,Euro 5,Blanc,Break,USA,19000,15680.0
BMW,X5,2007,186253,2008-12-10,Diesel,Automatique,200,Euro 3,Rouge,Berline,Japon,80000,26040.0
Kia,Rio,2012,89274,2012-01-10,Hybride,Manuelle,200,Euro 1,Bleu,Monospace,USA,18900,13384.0
Peugeot,208,2024,70330,2024-10-17,Gaz,Automatique,110,Euro 6,Gris,Break,Japon,18000,21018.0
Peugeot,308,2023,98311,2023-11-25,Essence,Automatique,200,Euro 6,Bleu,SUV,Espagne,30000,29040.0
Ford,Focus,2014,12449,2015-03-29,Essence,Automatique,130,Euro 4,Gris,Break,Japon,26000,19527.0
Peugeot,3008,2013,43677,2016-01-29,Diesel,Manuelle,150,Euro 4,Rouge,Berline,USA,35000,22995.0
Citroen,C4,2019,56210,2022-04-09,Gaz,Automatique,200,Euro 5,Bleu,Break,Japon,24000,23600.0
Peugeot,208,2011,236310,2013-06-28,Gaz,Automatique,150,Euro 4,Noir,Berline,Japon,18000,8740.0
Renault,Megane,2016,105523,2016-12-12,Gaz,Manuelle,110,Euro 5,Noir,Break,Japon,25000,18216.0
Mercedes,Classe C,2012,15155,2012-12-09,Hybride,Manuelle,130,Euro 1,Blanc,Monospace,Italie,55000,37359.0
Hyundai,i30,2015,238877,2017-10-02,Essence,Automatique,150,Euro 5,Bleu,Crossover,USA,22000,12250.0
Citroen,C3,2019,233731,2020-07-05,Gaz,Automatique,110,Euro 5,Gris,Berline,Japon,16000,12772.0
Tesla,Model X,2011,143298,2014-11-20,Essence,Automatique,110,Euro 4,Blanc,Crossover,USA,120000,57387.0
Hyundai,i20,2019,34902,2020-02-18,Hybride,Automatique,130,Euro 1,Bleu,Break,Italie,19500,21156.0
BMW,Serie 3,2009,215787,2011-01-31,Gaz,Automatique,90,Euro 3,Blanc,Break,Italie,45000,16796.0
Mercedes,Classe A,2022,206125,2023-12-18,Essence,Automatique,90,Euro 6,Rouge,Berline,Espagne,38000,29526.0
Peugeot,308,2009,173550,2010-09-07,Essence,Automatique,130,Euro 3,Gris,Berline,USA,30000,12274.0
Dacia,Duster,2020,56769,2022-01-03,Diesel,Manuelle,200,Euro 6,Bleu,SUV,Allemagne,19900,18177.0
Peugeot,5008,2009,71640,2011-07-14,Essence,Manuelle,200,Euro 3,Gris,Crossover,USA,42000,20640.0
Volkswagen,Passat,2011,175267,2013-07-14,Essence,Automatique,110,Euro 4,Gris,Break,Japon,36000,16764.0
Peugeot,308,2011,121232,2012-12-07,Diesel,Manuelle,200,Euro 4,Rouge,Monospace,France,30000,15680.0
Audi,A6,2008,56630,2011-08-13,Essence,Automatique,130,Euro 3,Gris,Monospace,Allemagne,72000,34921.0
Audi,A4,2018,193987,2021-09-26,Gaz,Manuelle,150,Euro 5,Gris,Berline,USA,48000,32130.0
BMW,Serie 1,2019,113594,2021-10-05,Diesel,Automatique,110,Euro 5,Noir,Berline,Italie,35000,28194.0
Ford,Fiesta,2013,189538,2015-12-18,Diesel,Manuelle,200,Euro 4,Noir,Crossover,France,18000,9800.0
Peugeot,208,2006,27500,2007-10-09,Essence,Automatique,150,Euro 3,Bleu,Break,Allemagne,18000,9020.0
Toyota,Corolla,2021,227808,2022-08-03,Gaz,Automatique,130,Euro 6,Rouge,Crossover,Italie,28000,22632.0
Kia,Ceed,2006,27954,2008-09-15,Essence,Manuelle,130,Euro 3,Noir,SUV,Italie,23000,10252.0
Mercedes,GLC,2022,165321,2024-08-15,Diesel,Manuelle,150,Euro 6,Noir,SUV,Allemagne,85000,67470.0
Kia,Ceed,2016,54437,2019-02-05,Hybride,Manuelle,150,Euro 1,Blanc,Monospace,Allemagne,23000,19525.0
Mercedes,Classe E,2013,59780,2016-01-07,Gaz,Automatique,150,Euro 4,Rouge,Berline,Espagne,75000,49600.0
Citroen,C4,2008,236389,2009-06-16,Diesel,Manuelle,150,Euro 3,Gris,SUV,Italie,24000,7395.0
Toyota,Corolla,2022,86724,2023-04-18,Hybride,Manuelle,130,Euro 1,Rouge,Berline,Japon,28000,27778.0
Peugeot,5008,2024,70128,2026-03-31,Electrique,Automatique,130,Euro 1,Rouge,SUV,France,42000,46779.0
Citroen,C4,2013,236561,2016-12-30,Diesel,Automatique,200,Euro 4,Bleu,SUV,France,24000,12320.0
Renault,Megane,2010,123967,2010-10-04,Hybride,Manuelle,90,Euro 1,Rouge,Crossover,Italie,25000,13294.0
Mercedes,GLC,2016,129650,2017-12-06,Gaz,Automatique,130,Euro 5,Rouge,Crossover,USA,85000,57472.0
Renault,Megane,2014,48222,2014-10-17,Gaz,Automatique,130,Euro 4,Bleu,Break,USA,25000,19668.0
Dacia,Sandero,2007,42048,2010-09-16,Essence,Manuelle,130,Euro 3,Noir,SUV,Italie,15900,7290.0
Dacia,Duster,2005,81518,2005-06-03,Essence,Automatique,130,Euro 3,Noir,Berline,France,19900,7770.0
Peugeot,3008,2011,167907,2013-12-07,Essence,Manuelle,150,Euro 4,Bleu,Break,USA,35000,15975.0
Tesla,Model 3,2021,220760,2022-08-06,Hybride,Automatique,130,Euro 1,Gris,SUV,Allemagne,45000,35397.0
Peugeot,208,2024,15992,2024-05-31,Electrique,Manuelle,110,Euro 1,Noir,Monospace,Espagne,18000,23859.0
Kia,Ceed,2019,161057,2019-05-09,Essence,Manuelle,110,Euro 5,Bleu,Monospace,Italie,23000,15939.0
Hyundai,i30,2020,141711,2023-10-13,Hybride,Manuelle,90,Euro 1,Rouge,SUV,France,22000,19166.0
Dacia,Sandero,2006,64650,2006-06-20,Essence,Manuelle,110,Euro 3,Bleu,Berline,Italie,15900,6400.0
Hyundai,i20,2017,103731,2017-12-17,Diesel,Manuelle,200,Euro 5,Rouge,SUV,Japon,19500,14835.0
Hyundai,i30,2024,143175,2024-08-16,Gaz,Automatique,150,Euro 6,Rouge,Break,Allemagne,22000,23220.0
Hyundai,i20,2018,141457,2018-10-04,Gaz,Automatique,200,Euro 5,Noir,Berline,USA,19500,17000.0
Mercedes,Classe E,2014,248175,2014-06-29,Diesel,Manuelle,90,Euro 4,Blanc,Break,France,75000,34914.0
Peugeot,208,2013,165822,2015-12-01,Gaz,Automatique,200,Euro 4,Noir,Crossover,Espagne,18000,11985.0
Hyundai,Tucson,2007,199653,2008-12-11,Essence,Automatique,130,Euro 3,Bleu,SUV,Allemagne,35000,11190.0
Peugeot,208,2008,21967,2009-03-14,Diesel,Automatique,90,Euro 3,Gris,Monospace,Italie,18000,10450.0
Citroen,C5 Aircross,2006,244744,2006-08-30,Gaz,Manuelle,90,Euro 3,Bleu,Break,Japon,35000,8228.0
Audi,A4,2023,95284,2023-01-15,Electrique,Manuelle,90,Euro 1,Rouge,Berline,Espagne,48000,47432.0
Volkswagen,Tiguan,2006,101761,2008-02-12,Diesel,Manuelle,200,Euro 3,Gris,Monospace,USA,40000,15120.0
Citroen,C5 Aircross,2011,179857,2014-04-27,Hybride,Automatique,150,Euro 1,Noir,Berline,USA,35000,18260.0
Peugeot,208,2013,10461,2016-07-17,Hybride,Automatique,200,Euro 1,Noir,Berline,France,18000,16500.0
Volkswagen,Arteon,2023,243692,2025-11-19,Electrique,Automatique,130,Euro 1,Gris,Monospace,France,48000,41099.0
Ford,Kuga,2024,164236,2024-04-24,Hybride,Manuelle,90,Euro 1,Blanc,Berline,Japon,34000,31836.0
Tesla,Model X,2011,230062,2013-07-12,Hybride,Manuelle,90,Euro 1,Blanc,Crossover,France,120000,47082.0
BMW,Serie 3,2005,149075,2007-03-06,Gaz,Manuelle,200,Euro 3,Gris,Monospace,Espagne,45000,14065.0
Kia,Rio,2023,114899,2026-12-25,Diesel,Automatique,90,Euro 6,Noir,Berline,Allemagne,18900,18748.0
Volkswagen,Arteon,2008,172512,2009-06-16,Essence,Manuelle,90,Euro 3,Rouge,SUV,Allemagne,48000,16765.0
Tesla,Model X,2008,18930,2010-12-20,Gaz,Automatique,90,Euro 3,Rouge,SUV,France,120000,63444.0
Mercedes,Classe A,2005,241015,2007-12-03,Gaz,Automatique,110,Euro 3,Bleu,Crossover,Japon,38000,8094.0
Volkswagen,Passat,2017,214709,2019-06-05,Hybride,Manuelle,200,Euro 1,Noir,Berline,France,36000,23780.0
Citroen,C5 Aircross,2023,141876,2026-12-30,Gaz,Automatique,110,Euro 6,Blanc,Break,Italie,35000,32868.0
Volkswagen,Arteon,2015,122250,2017-12-17,Essence,Automatique,110,Euro 5,Bleu,Break,Allemagne,48000,30561.0
Renault,Clio,2012,195204,2015-05-13,Gaz,Manuelle,110,Euro 4,Gris,Berline,Italie,17000,8820.0
Ford,Focus,2012,180341,2015-08-29,Hybride,Manuelle,200,Euro 1,Rouge,Break,Japon,26000,14260.0
Tesla,Model 3,2012,125575,2012-03-05,Diesel,Automatique,110,Euro 4,Bleu,Monospace,USA,45000,25012.0
Citroen,C5 Aircross,2020,26899,2023-09-24,Electrique,Automatique,90,Euro 1,Noir,Berline,Japon,35000,36894.0
Audi,Q5,2015,39223,2017-10-17,Hybride,Manuelle,110,Euro 1,Noir,Crossover,Italie,65000,48370.0
Ford,Fiesta,2012,169090,2014-07-16,Hybride,Manuelle,110,Euro 1,Bleu,SUV,Allemagne,18000,10608.0
Kia,Ceed,2012,228092,2013-04-03,Gaz,Automatique,150,Euro 4,Gris,Crossover,Espagne,23000,11760.0
Audi,A4,2013,105206,2013-03-30,Diesel,Automatique,130,Euro 4,Bleu,Monospace,Italie,48000,29241.0
Hyundai,i20,2023,210531,2025-01-03,Diesel,Automatique,130,Euro 6,Rouge,Crossover,France,19500,17328.0
Ford,Kuga,2024,165775,2024-02-07,Diesel,Automatique,150,Euro 6,Bleu,Break,USA,34000,31500.0
Audi,A3,2005,10751,2006-08-31,Diesel,Manuelle,90,Euro 3,Gris,Monospace,Italie,34000,14658.0
Citroen,C5 Aircross,2005,224225,2008-10-18,Gaz,Automatique,110,Euro 3,Gris,Berline,France,35000,8316.0
Ford,Fiesta,2008,170838,2009-11-01,Essence,Automatique,130,Euro 3,Gris,Monospace,Espagne,18000,7105.0
BMW,Serie 5,2010,155502,2012-03-11,Hybride,Manuelle,130,Euro 1,Gris,Monospace,Espagne,65000,29799.0
Citroen,C5 Aircross,2011,62092,2011-07-14,Hybride,Manuelle,130,Euro 1,Blanc,Berline,Allemagne,35000,21615.0
Tesla,Model X,2017,195982,2019-05-11,Essence,Automatique,130,Euro 5,Noir,Berline,Japon,120000,73380.0
Volkswagen,Golf,2014,34284,2014-09-14,Gaz,Automatique,200,Euro 4,Blanc,Monospace,France,25000,20435.0
Audi,A4,2023,186377,2023-02-16,Gaz,Automatique,90,Euro 6,Bleu,SUV,Italie,48000,41396.0
Toyota,RAV4,2018,85500,2019-07-21,Hybride,Automatique,200,Euro 1,Bleu,Monospace,Allemagne,37000,32560.0
Peugeot,308,2019,141858,2022-11-06,Diesel,Automatique,90,Euro 5,Noir,SUV,Allemagne,30000,23359.0
Dacia,Spring,2018,226364,2021-10-05,Hybride,Manuelle,130,Euro 1,Blanc,Crossover,USA,22000,15780.0
Citroen,C4,2005,247465,2006-10-18,Gaz,Manuelle,90,Euro 3,Noir,SUV,Espagne,24000,5016.0
BMW,Serie 3,2005,68831,2005-07-04,Gaz,Manuelle,200,Euro 3,Rouge,SUV,Espagne,45000,17945.0
Kia,Ceed,2011,208830,2011-08-15,Hybride,Manuelle,130,Euro 1,Bleu,SUV,Espagne,23000,11193.0
Volkswagen,Golf,2020,184453,2022-10-07,Essence,Manuelle,150,Euro 6,Blanc,Berline,Italie,25000,17850.0
Kia,Sportage,2006,104366,2007-08-27,Diesel,Manuelle,110,Euro 3,Bleu,Break,Italie,34000,12636.0
Kia,Rio,2014,154986,2015-04-21,Hybride,Automatique,150,Euro 1,Blanc,Monospace,Allemagne,18900,13970.0
Toyota,RAV4,2009,244540,2011-06-15,Gaz,Automatique,150,Euro 3,Bleu,Break,Espagne,37000,13020.0
Dacia,Sandero,2022,230289,2023-06-18,Diesel,Automatique,150,Euro 6,Noir,Crossover,Japon,15900,13774.0
Kia,Rio,2013,194394,2014-12-10,Diesel,Manuelle,130,Euro 4,Gris,Berline,Allemagne,18900,9696.0
Dacia,Sandero,2023,28368,2026-06-13,Essence,Manuelle,110,Euro 6,Noir,Crossover,Allemagne,15900,15200.0
Audi,A6,2024,112826,2024-08-27,Electrique,Automatique,110,Euro 1,Rouge,SUV,Allemagne,72000,71289.0
Mercedes,Classe A,2012,186645,2013-12-26,Diesel,Manuelle,130,Euro 4,Rouge,Crossover,Allemagne,38000,18078.0
Ford,Kuga,2020,114792,2022-11-27,Essence,Automatique,130,Euro 6,Bleu,Berline,USA,34000,27951.0
BMW,X5,2013,46145,2015-05-09,Hybride,Automatique,150,Euro 1,Rouge,Berline,Japon,80000,54495.0
Toyota,RAV4,2013,51461,2013-09-02,Gaz,Manuelle,200,Euro 4,Noir,Crossover,France,37000,25110.0
Mercedes,Classe A,2016,161337,2018-12-04,Gaz,Automatique,150,Euro 5,Blanc,Monospace,Italie,38000,25800.0
Mercedes,Classe E,2012,172853,2014-05-03,Hybride,Manuelle,200,Euro 1,Bleu,Crossover,Allemagne,75000,37600.0
Volkswagen,Golf,2008,164550,2009-02-01,Gaz,Manuelle,110,Euro 3,Noir,Berline,France,25000,9936.0
Volkswagen,Golf,2012,157154,2012-09-19,Essence,Manuelle,90,Euro 4,Bleu,Monospace,France,25000,12201.0
Peugeot,308,2022,238738,2025-09-10,Diesel,Manuelle,200,Euro 6,Rouge,SUV,Japon,30000,22720.0
Tesla,Model S,2013,201127,2014-10-12,Essence,Manuelle,200,Euro 4,Rouge,Break,Japon,95000,45120.0
Volkswagen,Golf,2017,199542,2017-10-25,Diesel,Automatique,110,Euro 5,Blanc,Monospace,Italie,25000,16860.0
Ford,Focus,2011,155182,2014-07-05,Essence,Automatique,130,Euro 4,Blanc,Berline,Allemagne,26000,13018.0
Tesla,Model X,2024,59040,2027-11-22,Diesel,Manuelle,200,Euro 6,Noir,Berline,Allemagne,120000,115900.0
Hyundai,Tucson,2006,200022,2009-10-26,Essence,Manuelle,90,Euro 3,Gris,Break,Japon,35000,9074.0
Ford,Focus,2018,175254,2019-01-22,Gaz,Automatique,130,Euro 5,Noir,SUV,Italie,26000,20020.0
Tesla,Model S,2024,153562,2024-03-10,Essence,Automatique,130,Euro 6,Noir,Crossover,Allemagne,95000,82705.0
Ford,Kuga,2023,54788,2026-06-04,Electrique,Automatique,150,Euro 1,Noir,Crossover,Allemagne,34000,39100.0
Toyota,RAV4,2007,191889,2008-05-23,Diesel,Automatique,200,Euro 3,Gris,Berline,USA,37000,12300.0
Peugeot,3008,2016,99942,2018-01-18,Essence,Automatique,110,Euro 5,Rouge,Berline,Italie,35000,24857.0
Ford,Kuga,2012,124634,2012-05-26,Diesel,Automatique,130,Euro 4,Blanc,SUV,France,34000,19396.0
Citroen,C5 Aircross,2011,17392,2012-11-30,Hybride,Automatique,110,Euro 1,Bleu,Berline,USA,35000,24660.0
Volkswagen,Passat,2016,195169,2017-11-06,Gaz,Manuelle,150,Euro 5,Rouge,SUV,Japon,36000,22230.0
Kia,Ceed,2024,222374,2024-03-12,Essence,Manuelle,130,Euro 6,Bleu,Monospace,France,23000,18174.0
Ford,Fiesta,2023,62941,2023-02-14,Electrique,Manuelle,150,Euro 1,Blanc,Berline,Allemagne,18000,22295.0
Audi,A4,2013,40592,2013-02-07,Essence,Manuelle,130,Euro 4,Bleu,SUV,USA,48000,30429.0
Audi,Q5,2010,236346,2010-01-02,Diesel,Automatique,150,Euro 4,Noir,Monospace,France,65000,23975.0
Citroen,C3,2007,218306,2007-04-17,Essence,Manuelle,110,Euro 3,Rouge,SUV,Allemagne,16000,4508.0
Mercedes,Classe A,2014,153153,2016-01-26,Diesel,Automatique,200,Euro 4,Gris,Berline,Espagne,38000,23100.0
Citroen,C4,2007,97738,2007-09-01,Diesel,Automatique,130,Euro 3,Rouge,Monospace,Allemagne,24000,10920.0
Audi,A4,2018,30879,2019-05-22,Essence,Automatique,110,Euro 5,Gris,Berline,Espagne,48000,39579.0
Volkswagen,Arteon,2014,82775,2014-04-08,Hybride,Manuelle,90,Euro 1,Bleu,Crossover,Japon,48000,32178.0
Tesla,Model 3,2009,22267,2012-04-08,Diesel,Automatique,90,Euro 3,Blanc,SUV,Italie,45000,25387.0
Toyota,Yaris,2017,66414,2017-08-05,Essence,Manuelle,130,Euro 5,Noir,Berline,Allemagne,19000,14089.0
Dacia,Duster,2015,177327,2015-02-18,Essence,Automatique,130,Euro 5,Bleu,SUV,Espagne,19900,12432.0
Renault,Megane,2017,74720,2018-03-12,Essence,Manuelle,150,Euro 5,Rouge,Berline,Japon,25000,18360.0
Hyundai,i30,2017,96747,2019-09-13,Diesel,Manuelle,90,Euro 5,Bleu,Break,USA,22000,16030.0
BMW,Serie 1,2020,116032,2021-01-19,Electrique,Automatique,200,Euro 1,Bleu,SUV,USA,35000,33880.0
Volkswagen,Tiguan,2010,124711,2013-01-05,Essence,Manuelle,200,Euro 4,Gris,Monospace,USA,40000,18860.0
Tesla,Model S,2016,88930,2017-08-08,Diesel,Manuelle,90,Euro 5,Rouge,Berline,Japon,95000,65212.0
Citroen,C4,2005,217556,2007-06-05,Diesel,Automatique,130,Euro 3,Noir,Monospace,Allemagne,24000,6006.0
Peugeot,3008,2022,146198,2022-12-08,Hybride,Manuelle,200,Euro 1,Rouge,Berline,Allemagne,35000,32000.0
Audi,Q5,2016,225759,2016-11-08,Essence,Manuelle,200,Euro 5,Blanc,Crossover,Espagne,65000,35640.0
Audi,Q5,2014,45118,2014-05-29,Hybride,Automatique,200,Euro 1,Gris,Monospace,Japon,65000,47520.0
Toyota,Yaris,2023,198057,2024-11-04,Diesel,Automatique,90,Euro 6,Bleu,Monospace,Japon,19000,17082.0
Volkswagen,Passat,2007,65377,2007-12-14,Gaz,Automatique,130,Euro 3,Noir,Break,Espagne,36000,17544.0
Dacia,Sandero,2016,137404,2016-08-02,Essence,Manuelle,110,Euro 5,Blanc,Crossover,Allemagne,15900,10080.0
Renault,Megane,2010,32455,2012-07-07,Hybride,Manuelle,110,Euro 1,Gris,Berline,Japon,25000,16005.0
Toyota,Hilux,2005,92828,2005-06-13,Gaz,Manuelle,200,Euro 3,Blanc,Monospace,France,45000,16490.0
Toyota,RAV4,2005,126903,2006-06-26,Essence,Automatique,90,Euro 3,Noir,Berline,Espagne,37000,12059.0
BMW,Serie 3,2009,102589,2010-02-11,Diesel,Automatique,130,Euro 3,Rouge,Crossover,Allemagne,45000,21735.0
Mercedes,GLC,2020,161894,2021-02-16,Electrique,Manuelle,150,Euro 1,Noir,Berline,USA,85000,65880.0
Audi,A4,2010,193789,2012-12-21,Hybride,Manuelle,130,Euro 1,Bleu,SUV,Japon,48000,20397.0
Volkswagen,Arteon,2010,147978,2013-10-23,Diesel,Automatique,90,Euro 4,Gris,Monospace,USA,48000,22396.0
Ford,Focus,2013,24337,2015-02-18,Essence,Manuelle,130,Euro 4,Rouge,Berline,USA,26000,17095.0
Hyundai,i20,2012,53552,2015-04-19,Gaz,Automatique,90,Euro 4,Blanc,Monospace,Italie,19500,14101.0
Peugeot,308,2019,21351,2021-09-17,Gaz,Automatique,130,Euro 5,Bleu,Monospace,Japon,30000,28884.0
Dacia,Sandero,2011,160759,2013-08-27,Hybride,Manuelle,150,Euro 1,Gris,SUV,Espagne,15900,9180.0
Tesla,Model X,2014,84917,2017-02-22,Hybride,Manuelle,90,Euro 1,Noir,Monospace,Allemagne,120000,76818.0
Volkswagen,Tiguan,2007,211928,2010-05-14,Gaz,Automatique,130,Euro 3,Rouge,Crossover,Espagne,40000,12544.0
Volkswagen,Passat,2006,75847,2008-05-04,Essence,Automatique,110,Euro 3,Rouge,Break,Allemagne,36000,14859.0
Hyundai,Tucson,2024,199825,2025-10-08,Essence,Manuelle,90,Euro 6,Bleu,Monospace,Italie,35000,28269.0
Peugeot,308,2010,243466,2010-10-07,Gaz,Manuelle,200,Euro 4,Blanc,Crossover,France,30000,11390.0
Mercedes,GLC,2008,182871,2009-12-22,Diesel,Automatique,130,Euro 3,Gris,Monospace,Italie,85000,30022.0
Mercedes,GLC,2024,54430,2026-04-16,Diesel,Manuelle,200,Euro 6,Gris,Monospace,France,85000,82650.0
BMW,X5,2015,179297,2017-05-01,Hybride,Automatique,130,Euro 1,Bleu,SUV,USA,80000,48328.0
Mercedes,Classe E,2019,15242,2021-06-08,Diesel,Manuelle,110,Euro 5,Bleu,Monospace,France,75000,63924.0
Mercedes,GLC,2019,202659,2020-04-20,Gaz,Manuelle,200,Euro 5,Blanc,SUV,Japon,85000,57525.0
BMW,X5,2018,162144,2021-06-02,Electrique,Automatique,130,Euro 1,Noir,Monospace,France,80000,58278.0
Citroen,C3,2018,223558,2018-10-11,Gaz,Automatique,150,Euro 5,Gris,Monospace,Espagne,16000,12600.0
Volkswagen,Passat,2005,153495,2008-05-14,Gaz,Automatique,150,Euro 3,Rouge,Crossover,Italie,36000,11480.0
Mercedes,Classe E,2005,60068,2007-10-06,Essence,Automatique,200,Euro 3,Rouge,Break,Allemagne,75000,28860.0
Citroen,C5 Aircross,2005,147610,2005-10-25,Diesel,Manuelle,110,Euro 3,Rouge,SUV,Italie,35000,10469.0
Volkswagen,Tiguan,2013,20049,2015-09-04,Essence,Automatique,90,Euro 4,Gris,Crossover,Allemagne,40000,27235.0
Renault,Clio,2010,92150,2011-01-11,Diesel,Manuelle,150,Euro 4,Rouge,SUV,USA,17000,9065.0
Mercedes,Classe E,2021,82992,2024-06-19,Gaz,Automatique,200,Euro 6,Gris,Berline,Japon,75000,66815.0
Peugeot,308,2018,73300,2019-02-25,Diesel,Automatique,150,Euro 5,Blanc,Berline,USA,30000,25125.0
Kia,Sportage,2017,64836,2018-06-06,Gaz,Manuelle,130,Euro 5,Rouge,Break,Espagne,34000,26864.0
Dacia,Sandero,2022,187974,2023-05-26,Gaz,Manuelle,90,Euro 6,Bleu,Monospace,Espagne,15900,13908.0
Tesla,Model 3,2018,198437,2020-03-02,Gaz,Automatique,130,Euro 5,Rouge,SUV,Italie,45000,31374.0
Renault,Megane,2023,141383,2026-03-22,Hybride,Manuelle,130,Euro 1,Rouge,Break,Allemagne,25000,24319.0
Audi,A3,2010,64793,2010-05-21,Diesel,Automatique,200,Euro 4,Gris,Crossover,France,34000,19760.0
Kia,Rio,2008,36735,2009-09-04,Gaz,Manuelle,90,Euro 3,Blanc,Berline,Japon,18900,10437.0
Peugeot,308,2022,136009,2023-06-27,Diesel,Manuelle,110,Euro 6,Blanc,Berline,Allemagne,30000,25191.0
Volkswagen,Tiguan,2010,156737,2013-01-03,Hybride,Manuelle,110,Euro 1,Gris,Monospace,Espagne,40000,18963.0
Hyundai,i20,2010,91598,2013-06-11,Hybride,Automatique,90,Euro 1,Gris,Crossover,Allemagne,19500,12446.0
Citroen,C4,2024,124223,2024-01-20,Essence,Manuelle,90,Euro 6,Rouge,Berline,USA,24000,21032.0
Hyundai,i30,2024,186207,2026-05-09,Gaz,Automatique,200,Euro 6,Gris,SUV,France,22000,22550.0
Renault,Megane,2009,10584,2011-03-07,Essence,Manuelle,110,Euro 3,Blanc,Monospace,Japon,25000,13554.0
Citroen,C3,2019,183223,2020-08-01,Hybride,Automatique,200,Euro 1,Noir,SUV,Japon,16000,15410.0
Peugeot,208,2009,44088,2011-05-20,Essence,Automatique,90,Euro 3,Gris,Monospace,USA,18000,10149.0
Audi,A4,2008,246305,2008-06-16,Diesel,Automatique,200,Euro 3,Gris,Break,Allemagne,48000,14560.0
Tesla,Model X,2019,184239,2019-12-10,Diesel,Manuelle,200,Euro 5,Gris,Break,Japon,120000,81740.0
Peugeot,308,2021,100954,2021-07-30,Essence,Manuelle,150,Euro 6,Bleu,Berline,USA,30000,24705.0
Toyota,Yaris,2020,148386,2022-07-01,Gaz,Manuelle,130,Euro 6,Noir,Crossover,Espagne,19000,16132.0
Kia,Ceed,2024,101858,2024-12-22,Gaz,Automatique,110,Euro 6,Blanc,Break,France,23000,24840.0
Peugeot,208,2005,136700,2008-02-20,Diesel,Automatique,200,Euro 3,Blanc,Crossover,Espagne,18000,6600.0
Renault,Megane,2017,170750,2019-09-27,Hybride,Automatique,90,Euro 1,Blanc,Break,USA,25000,19158.0
BMW,Serie 3,2011,38624,2011-09-06,Diesel,Automatique,130,Euro 4,Blanc,Crossover,Japon,45000,28014.0
Hyundai,i30,2016,38860,2019-07-20,Essence,Manuelle,150,Euro 5,Noir,SUV,Allemagne,22000,16425.0
Peugeot,3008,2013,191952,2016-04-11,Gaz,Manuelle,150,Euro 4,Blanc,SUV,France,35000,18240.0
Tesla,Model S,2008,48109,2010-05-30,Gaz,Automatique,200,Euro 3,Bleu,Crossover,Allemagne,95000,48240.0
Toyota,Yaris,2010,232892,2010-09-14,Gaz,Manuelle,90,Euro 4,Gris,Monospace,Allemagne,19000,7490.0
BMW,Serie 5,2023,65647,2023-11-23,Diesel,Manuelle,110,Euro 6,Rouge,Crossover,Italie,65000,60151.0
Dacia,Duster,2013,11617,2015-03-15,Diesel,Manuelle,90,Euro 4,Blanc,Berline,USA,19900,13728.0
Ford,Kuga,2006,229850,2008-07-13,Gaz,Manuelle,150,Euro 3,Blanc,Monospace,Espagne,34000,8880.0
Citroen,C3,2008,117461,2011-04-23,Gaz,Manuelle,150,Euro 3,Noir,SUV,Espagne,16000,7790.0
Citroen,C3,2019,211237,2019-01-21,Gaz,Automatique,150,Euro 5,Bleu,Monospace,USA,16000,13440.0
Toyota,RAV4,2019,45706,2020-10-02,Hybride,Manuelle,200,Euro 1,Bleu,Berline,Italie,37000,34020.0
Volkswagen,Golf,2023,220097,2026-05-29,Diesel,Manuelle,200,Euro 6,Gris,Berline,France,25000,20250.0
Mercedes,GLC,2005,114422,2007-02-01,Gaz,Automatique,110,Euro 3,Blanc,Crossover,France,85000,28672.0
Volkswagen,Tiguan,2008,71004,2009-06-27,Essence,Automatique,90,Euro 3,Blanc,Berline,Italie,40000,18855.0
Volkswagen,Passat,2015,147156,2017-07-19,Gaz,Automatique,200,Euro 5,Noir,SUV,Italie,36000,24485.0
Mercedes,GLC,2005,212666,2007-03-03,Diesel,Automatique,90,Euro 3,Blanc,Monospace,Japon,85000,19338.0
Ford,Fiesta,2009,212387,2011-10-24,Diesel,Manuelle,90,Euro 3,Gris,Crossover,Espagne,18000,6426.0
Tesla,Model S,2006,67611,2008-06-03,Essence,Automatique,200,Euro 3,Bleu,Crossover,Italie,95000,39200.0
Hyundai,Tucson,2022,217677,2023-03-12,Diesel,Manuelle,110,Euro 6,Rouge,Monospace,Espagne,35000,26353.0
Audi,A6,2009,21260,2010-08-09,Essence,Automatique,110,Euro 3,Blanc,Monospace,Allemagne,72000,39273.0
Mercedes,Classe E,2018,211517,2020-06-09,Diesel,Automatique,110,Euro 5,Bleu,SUV,Allemagne,75000,47641.0
Dacia,Duster,2016,137901,2017-04-19,Gaz,Automatique,90,Euro 5,Noir,SUV,Italie,19900,15309.0
Mercedes,GLC,2011,149535,2012-07-21,Gaz,Manuelle,150,Euro 4,Rouge,Berline,Espagne,85000,41360.0
Toyota,Corolla,2014,18890,2015-02-15,Essence,Automatique,150,Euro 4,Rouge,SUV,France,28000,21045.0
Dacia,Spring,2018,26128,2021-09-11,Gaz,Manuelle,130,Euro 5,Noir,Break,Japon,22000,19840.0
Hyundai,i30,2005,33370,2007-04-13,Gaz,Automatique,200,Euro 3,Rouge,SUV,Japon,22000,11000.0
BMW,Serie 1,2021,103978,2023-09-27,Essence,Manuelle,150,Euro 6,Blanc,Crossover,Allemagne,35000,28755.0
Dacia,Spring,2014,141820,2014-01-13,Diesel,Automatique,110,Euro 4,Blanc,Crossover,Japon,22000,14056.0
Tesla,Model X,2023,34989,2026-01-04,Diesel,Automatique,150,Euro 6,Gris,SUV,USA,120000,116090.0
Renault,Captur,2008,31010,2009-03-24,Diesel,Automatique,150,Euro 3,Blanc,Break,USA,28000,15435.0
Mercedes,Classe A,2012,98952,2015-10-21,Essence,Manuelle,90,Euro 4,Noir,Break,Espagne,38000,20845.0
Volkswagen,Arteon,2019,153198,2022-09-23,Diesel,Manuelle,90,Euro 5,Gris,Crossover,Japon,48000,34230.0
Ford,Focus,2007,225055,2008-04-18,Gaz,Automatique,150,Euro 3,Rouge,SUV,Espagne,26000,8370.0
Renault,Megane,2016,62396,2017-07-31,Diesel,Manuelle,150,Euro 5,Noir,SUV,USA,25000,18550.0
Peugeot,5008,2008,207844,2009-06-02,Essence,Manuelle,130,Euro 3,Gris,SUV,Allemagne,42000,13536.0
Tesla,Model S,2016,114703,2019-02-22,Gaz,Automatique,150,Euro 5,Gris,Berline,Allemagne,95000,65000.0
Toyota,Hilux,2009,131104,2010-04-06,Essence,Manuelle,200,Euro 3,Rouge,SUV,Japon,45000,19320.0
Citroen,C5 Aircross,2005,210619,2005-08-06,Gaz,Automatique,90,Euro 3,Noir,Berline,Italie,35000,8668.0
Mercedes,GLC,2013,186676,2016-05-15,Gaz,Automatique,90,Euro 4,Gris,Break,USA,85000,43806.0
Citroen,C4,2018,84043,2019-08-03,Gaz,Automatique,200,Euro 5,Gris,Monospace,Allemagne,24000,21830.0
Mercedes,Classe A,2019,64578,2021-08-03,Hybride,Manuelle,90,Euro 1,Noir,Berline,Allemagne,38000,33101.0
Citroen,C4,2020,128031,2021-02-20,Gaz,Automatique,90,Euro 6,Noir,Crossover,Allemagne,24000,21584.0
Volkswagen,Tiguan,2014,40384,2016-05-17,Gaz,Automatique,130,Euro 4,Blanc,Monospace,Japon,40000,29568.0
Renault,Talisman,2017,210842,2019-10-30,Hybride,Manuelle,150,Euro 1,Blanc,Crossover,Japon,40000,25810.0
Audi,Q5,2016,13382,2018-11-25,Gaz,Automatique,90,Euro 5,Gris,Berline,France,65000,52050.0
Ford,Focus,2024,161346,2025-12-17,Gaz,Manuelle,90,Euro 6,Rouge,Monospace,Espagne,26000,23856.0
Kia,Ceed,2020,143392,2023-04-20,Diesel,Automatique,90,Euro 6,Gris,SUV,USA,23000,19166.0
Ford,Kuga,2011,239766,2014-05-21,Hybride,Manuelle,200,Euro 1,Blanc,SUV,USA,34000,14820.0
Kia,Ceed,2014,150091,2017-11-15,Diesel,Manuelle,150,Euro 4,Rouge,Berline,Japon,23000,13475.0
Mercedes,GLC,2005,96301,2008-11-28,Gaz,Manuelle,200,Euro 3,Rouge,Berline,Espagne,85000,30090.0
Citroen,C5 Aircross,2013,17193,2014-06-21,Diesel,Automatique,150,Euro 4,Bleu,Break,France,35000,25410.0
Ford,Fiesta,2015,44725,2015-07-03,Essence,Automatique,130,Euro 5,Rouge,Monospace,Allemagne,18000,14007.0
Hyundai,i30,2009,11556,2010-05-22,Essence,Manuelle,200,Euro 3,Blanc,Crossover,France,22000,12420.0
Dacia,Spring,2021,132318,2023-07-21,Diesel,Automatique,90,Euro 6,Noir,SUV,France,22000,19422.0
Dacia,Spring,2017,122290,2018-05-12,Gaz,Automatique,110,Euro 5,Bleu,Berline,France,22000,17822.0
Renault,Clio,2005,138468,2005-06-08,Diesel,Manuelle,200,Euro 3,Rouge,Crossover,France,17000,5700.0
Renault,Talisman,2015,29320,2015-09-17,Gaz,Manuelle,90,Euro 5,Bleu,Berline,Italie,40000,30104.0
Tesla,Model 3,2006,203959,2008-08-17,Diesel,Automatique,150,Euro 3,Blanc,Break,Japon,45000,12610.0
Citroen,C3,2022,118916,2025-01-10,Electrique,Manuelle,130,Euro 1,Bleu,Berline,Allemagne,16000,18509.0
Kia,Sportage,2018,31163,2018-08-13,Hybride,Automatique,150,Euro 1,Bleu,Crossover,France,34000,31995.0
Toyota,RAV4,2018,158728,2021-11-22,Diesel,Manuelle,150,Euro 5,Noir,Monospace,USA,37000,25795.0
Mercedes,GLC,2020,192635,2022-05-11,Electrique,Automatique,200,Euro 1,Noir,Break,Italie,85000,64860.0
BMW,Serie 5,2009,69259,2012-03-05,Essence,Manuelle,130,Euro 3,Noir,SUV,France,65000,31997.0
Kia,Rio,2023,194179,2025-11-09,Electrique,Manuelle,150,Euro 1,Blanc,Monospace,USA,18900,19812.0
BMW,Serie 1,2009,79151,2012-02-24,Gaz,Automatique,200,Euro 3,Rouge,Monospace,France,35000,19440.0
Kia,Sportage,2021,209774,2022-08-22,Hybride,Manuelle,130,Euro 1,Blanc,Berline,France,34000,27193.0
BMW,Serie 5,2011,80050,2014-05-11,Diesel,Automatique,130,Euro 4,Blanc,Break,USA,65000,36199.0
Citroen,C5 Aircross,2012,77314,2013-09-13,Essence,Automatique,130,Euro 4,Blanc,Berline,Japon,35000,21261.0
Citroen,C5 Aircross,2015,55835,2015-04-02,Gaz,Automatique,130,Euro 5,Noir,Monospace,France,35000,27064.0
Dacia,Duster,2008,178604,2011-11-25,Essence,Automatique,90,Euro 3,Gris,Berline,France,19900,7630.0
Kia,Sportage,2011,49020,2012-09-03,Essence,Automatique,200,Euro 4,Noir,Break,France,34000,21090.0
Tesla,Model S,2024,54298,2024-12-12,Essence,Manuelle,150,Euro 6,Gris,Berline,Espagne,95000,90725.0
Hyundai,Tucson,2013,56550,2014-09-14,Hybride,Manuelle,150,Euro 1,Blanc,Break,Allemagne,35000,24490.0
Tesla,Model 3,2007,106922,2008-12-07,Essence,Manuelle,130,Euro 3,Bleu,SUV,USA,45000,17667.0
Renault,Clio,2005,66462,2007-11-29,Gaz,Manuelle,200,Euro 3,Rouge,Crossover,Allemagne,17000,7585.0
Renault,Captur,2015,84620,2016-01-01,Diesel,Manuelle,130,Euro 5,Gris,Crossover,France,28000,19045.0
Ford,Focus,2017,87583,2020-09-26,Diesel,Automatique,150,Euro 5,Rouge,Monospace,Japon,26000,20945.0
Renault,Megane,2010,36637,2013-11-27,Gaz,Automatique,110,Euro 4,Rouge,Crossover,USA,25000,16280.0
Hyundai,Tucson,2005,159701,2008-01-27,Gaz,Automatique,130,Euro 3,Bleu,Break,Allemagne,35000,11144.0
Hyundai,i20,2006,191465,2007-11-27,Essence,Manuelle,90,Euro 3,Gris,Monospace,Italie,19500,5238.0
Ford,Kuga,2009,75641,2009-04-10,Gaz,Manuelle,150,Euro 3,Blanc,Berline,France,34000,17760.0
Audi,A6,2006,218704,2008-05-06,Gaz,Automatique,200,Euro 3,Noir,Break,Italie,72000,19375.0
Renault,Clio,2018,173224,2018-12-20,Essence,Manuelle,90,Euro 5,Bleu,Berline,Italie,17000,10985.0
Volkswagen,Arteon,2020,142248,2023-06-19,Gaz,Manuelle,90,Euro 6,Bleu,SUV,Allemagne,48000,37296.0
Renault,Captur,2016,15866,2016-06-11,Gaz,Manuelle,150,Euro 5,Noir,Crossover,Japon,28000,23250.0
Mercedes,Classe C,2019,239866,2020-04-04,Essence,Manuelle,110,Euro 5,Rouge,Break,France,55000,34162.0
Ford,Fiesta,2014,185428,2015-05-31,Hybride,Manuelle,150,Euro 1,Gris,Crossover,Japon,18000,11700.0
Audi,A3,2019,98230,2019-02-15,Gaz,Manuelle,110,Euro 5,Bleu,Berline,Japon,34000,27816.0
Volkswagen,Passat,2017,67468,2020-06-13,Essence,Automatique,110,Euro 5,Blanc,Berline,Italie,36000,27813.0
Hyundai,Tucson,2012,210085,2015-11-13,Hybride,Manuelle,110,Euro 1,Blanc,Berline,USA,35000,16813.0
Mercedes,Classe E,2016,101775,2018-11-12,Hybride,Automatique,150,Euro 1,Noir,Berline,Japon,75000,53790.0
Tesla,Model S,2009,159622,2009-12-14,Gaz,Manuelle,130,Euro 3,Gris,Monospace,Espagne,95000,39120.0
Hyundai,i20,2013,181228,2013-01-04,Diesel,Automatique,150,Euro 4,Gris,SUV,Allemagne,19500,11270.0
Volkswagen,Golf,2005,197186,2006-10-26,Gaz,Manuelle,200,Euro 3,Gris,SUV,Allemagne,25000,6840.0
Dacia,Spring,2014,192465,2017-08-16,Diesel,Automatique,200,Euro 4,Rouge,Crossover,Allemagne,22000,13260.0
Tesla,Model X,2019,76692,2021-07-02,Gaz,Manuelle,110,Euro 5,Noir,Crossover,Italie,120000,95628.0
Citroen,C5 Aircross,2007,236146,2007-11-26,Gaz,Manuelle,110,Euro 3,Noir,SUV,Japon,35000,9776.0
Hyundai,Tucson,2013,237944,2015-08-17,Gaz,Manuelle,130,Euro 4,Gris,Monospace,France,35000,16632.0
Peugeot,5008,2008,189663,2010-02-14,Gaz,Manuelle,130,Euro 3,Bleu,Monospace,Italie,42000,15232.0
Mercedes,Classe C,2008,17343,2009-01-24,Gaz,Automatique,130,Euro 3,Noir,Berline,USA,55000,30498.0
Kia,Sportage,2011,213906,2014-04-22,Essence,Manuelle,200,Euro 4,Bleu,Break,France,34000,14000.0
Ford,Fiesta,2023,222187,2026-01-09,Essence,Automatique,150,Euro 6,Bleu,Berline,USA,18000,15375.0
Peugeot,308,2005,229360,2007-06-28,Gaz,Manuelle,110,Euro 3,Noir,Berline,Espagne,30000,6846.0
Citroen,C3,2008,237635,2008-10-05,Essence,Manuelle,90,Euro 3,Rouge,Monospace,Italie,16000,4611.0
Mercedes,GLC,2024,83356,2027-02-12,Diesel,Manuelle,110,Euro 6,Noir,Crossover,Allemagne,85000,79212.0
Ford,Kuga,2020,233785,2023-01-23,Gaz,Manuelle,150,Euro 6,Blanc,Break,Allemagne,34000,24050.0
Volkswagen,Golf,2018,160141,2021-04-22,Electrique,Automatique,200,Euro 1,Blanc,Monospace,Italie,25000,22440.0
Volkswagen,Golf,2009,244795,2010-08-01,Essence,Automatique,110,Euro 3,Rouge,Berline,Italie,25000,8401.0
Toyota,Yaris,2012,186082,2014-11-27,Gaz,Manuelle,90,Euro 4,Gris,Monospace,Espagne,19000,9844.0
Peugeot,3008,2018,119636,2020-05-31,Diesel,Manuelle,130,Euro 5,Bleu,Berline,Italie,35000,25773.0
Audi,A6,2021,145908,2024-11-22,Hybride,Automatique,110,Euro 1,Bleu,SUV,Italie,72000,60137.0
Tesla,Model X,2010,179879,2013-11-01,Essence,Manuelle,90,Euro 4,Gris,Berline,Japon,120000,49159.0
Hyundai,Tucson,2014,134733,2016-02-22,Gaz,Automatique,130,Euro 4,Gris,Crossover,Espagne,35000,22686.0
Dacia,Spring,2015,87106,2016-10-07,Hybride,Manuelle,200,Euro 1,Noir,SUV,USA,22000,17550.0
Peugeot,5008,2017,126506,2018-05-08,Hybride,Manuelle,150,Euro 1,Rouge,SUV,Japon,42000,31155.0
Hyundai,Tucson,2010,160350,2011-12-07,Hybride,Automatique,130,Euro 1,Bleu,Berline,France,35000,17346.0
Toyota,RAV4,2020,28891,2020-09-17,Hybride,Automatique,110,Euro 1,Blanc,Monospace,USA,37000,37066.0
Audi,A6,2014,27096,2017-09-15,Diesel,Automatique,200,Euro 4,Rouge,Crossover,Espagne,72000,51680.0
Citroen,C5 Aircross,2024,188927,2027-12-09,Electrique,Manuelle,130,Euro 1,Noir,Break,Allemagne,35000,33866.0
BMW,X5,2023,36597,2026-06-08,Electrique,Manuelle,90,Euro 1,Rouge,SUV,France,80000,80746.0
Dacia,Sandero,2013,77202,2015-09-13,Hybride,Automatique,90,Euro 1,Blanc,SUV,Espagne,15900,13080.0
Dacia,Sandero,2011,118495,2012-03-03,Essence,Automatique,200,Euro 4,Rouge,Crossover,USA,15900,9450.0
Volkswagen,Tiguan,2016,181292,2017-03-07,Gaz,Manuelle,90,Euro 5,Bleu,Monospace,Allemagne,40000,24592.0
Mercedes,Classe A,2019,216822,2021-09-25,Electrique,Manuelle,150,Euro 1,Noir,SUV,France,38000,28480.0
Kia,Ceed,2008,208456,2008-12-21,Gaz,Manuelle,130,Euro 3,Noir,Crossover,France,23000,8256.0
Tesla,Model 3,2018,191193,2018-02-06,Electrique,Manuelle,90,Euro 1,Noir,Berline,USA,45000,32067.0
Ford,Kuga,2020,32738,2023-02-28,Electrique,Manuelle,90,Euro 1,Bleu,Break,Japon,34000,33915.0
Hyundai,i30,2020,141396,2021-03-04,Electrique,Manuelle,130,Euro 1,Bleu,Monospace,Allemagne,22000,20942.0
Hyundai,Tucson,2013,228575,2015-01-18,Essence,Manuelle,150,Euro 4,Rouge,Break,Allemagne,35000,15975.0
Tesla,Model 3,2023,202515,2026-09-03,Electrique,Manuelle,130,Euro 1,Bleu,SUV,USA,45000,39501.0
Hyundai,Tucson,2013,219935,2013-11-24,Gaz,Manuelle,150,Euro 4,Gris,Break,Allemagne,35000,17480.0
Volkswagen,Tiguan,2010,75221,2011-06-11,Hybride,Automatique,130,Euro 1,Noir,SUV,USA,40000,23613.0
Renault,Clio,2012,70228,2013-03-11,Essence,Automatique,130,Euro 4,Rouge,Monospace,Japon,17000,11001.0
BMW,X5,2006,244447,2009-05-30,Diesel,Automatique,130,Euro 3,Rouge,Berline,France,80000,18326.0
Citroen,C4,2005,113957,2008-09-17,Diesel,Automatique,130,Euro 3,Bleu,Crossover,Espagne,24000,8736.0
Volkswagen,Arteon,2013,227634,2013-01-14,Essence,Manuelle,90,Euro 4,Blanc,Berline,France,48000,21555.0
BMW,Serie 1,2024,174159,2027-11-14,Diesel,Manuelle,150,Euro 6,Blanc,Crossover,Japon,35000,30295.0
Citroen,C4,2007,183857,2008-09-02,Essence,Automatique,130,Euro 3,Bleu,Monospace,Italie,24000,8153.0
Dacia,Sandero,2010,174993,2011-07-22,Essence,Manuelle,90,Euro 4,Gris,Break,France,15900,6478.0
Audi,Q5,2017,188897,2019-04-10,Gaz,Manuelle,130,Euro 5,Rouge,Crossover,Italie,65000,41358.0
Volkswagen,Golf,2020,81921,2021-12-07,Hybride,Manuelle,90,Euro 1,Rouge,Break,USA,25000,23120.0
Tesla,Model 3,2021,36012,2021-01-14,Gaz,Manuelle,130,Euro 6,Bleu,Berline,Espagne,45000,42064.0
Peugeot,308,2014,103177,2015-08-26,Essence,Manuelle,90,Euro 4,Noir,Berline,Italie,30000,17940.0
Tesla,Model S,2011,124441,2014-01-04,Diesel,Automatique,110,Euro 4,Noir,Berline,Italie,95000,48069.0
Ford,Fiesta,2007,218250,2007-07-21,Diesel,Automatique,90,Euro 3,Blanc,SUV,Japon,18000,5852.0
Volkswagen,Tiguan,2006,131705,2006-04-11,Diesel,Manuelle,130,Euro 3,Gris,Break,Italie,40000,13629.0
Ford,Fiesta,2022,209187,2024-10-12,Gaz,Automatique,130,Euro 6,Rouge,Break,USA,18000,16872.0
Hyundai,Tucson,2021,132520,2021-01-11,Essence,Manuelle,150,Euro 6,Bleu,Crossover,Allemagne,35000,27690.0
Toyota,Corolla,2016,210824,2018-07-13,Gaz,Manuelle,200,Euro 5,Noir,Crossover,Italie,28000,17325.0
BMW,Serie 1,2024,34688,2024-03-21,Diesel,Manuelle,110,Euro 6,Rouge,Monospace,Japon,35000,35017.0
Ford,Kuga,2006,218884,2007-07-05,Essence,Manuelle,130,Euro 3,Noir,SUV,Italie,34000,8575.0
Dacia,Sandero,2010,201832,2012-08-19,Hybride,Automatique,150,Euro 1,Noir,SUV,France,15900,8512.0
Peugeot,308,2017,35461,2018-06-07,Essence,Automatique,130,Euro 5,Rouge,SUV,USA,30000,24548.0
Toyota,RAV4,2014,187208,2016-10-07,Gaz,Manuelle,200,Euro 4,Bleu,Break,Italie,37000,21060.0
Audi,A3,2011,166290,2012-04-29,Hybride,Manuelle,200,Euro 1,Bleu,SUV,USA,34000,17550.0
Tesla,Model 3,2011,80203,2011-07-05,Essence,Automatique,130,Euro 4,Bleu,Crossover,Allemagne,45000,25069.0
Citroen,C3,2018,174108,2021-06-16,Diesel,Manuelle,200,Euro 5,Bleu,Break,France,16000,11700.0
BMW,Serie 1,2008,55544,2011-05-10,Gaz,Manuelle,130,Euro 3,Gris,Monospace,Italie,35000,17766.0
Citroen,C4,2023,54647,2024-10-22,Gaz,Automatique,110,Euro 6,Blanc,Berline,USA,24000,26312.0
Ford,Fiesta,2012,244028,2013-01-26,Hybride,Automatique,150,Euro 1,Gris,SUV,Italie,18000,9800.0
Volkswagen,Arteon,2023,123283,2025-10-23,Electrique,Automatique,200,Euro 1,Rouge,Berline,Allemagne,48000,48450.0
Toyota,RAV4,2021,73128,2023-04-21,Diesel,Automatique,150,Euro 6,Bleu,Berline,Japon,37000,34020.0
Peugeot,3008,2014,167650,2016-08-18,Essence,Automatique,110,Euro 4,Noir,Berline,USA,35000,20034.0
Ford,Fiesta,2023,112245,2024-07-21,Essence,Automatique,200,Euro 6,Bleu,SUV,Allemagne,18000,18060.0
BMW,Serie 1,2017,124271,2018-12-23,Essence,Manuelle,110,Euro 5,Rouge,SUV,Allemagne,35000,23517.0
BMW,Serie 5,2023,99981,2024-04-26,Diesel,Manuelle,130,Euro 6,Blanc,Crossover,USA,65000,58344.0
Peugeot,3008,2023,20410,2026-12-17,Electrique,Automatique,110,Euro 1,Gris,Crossover,Espagne,35000,40945.0
Hyundai,i20,2012,112397,2013-10-28,Gaz,Automatique,200,Euro 4,Gris,Monospace,France,19500,13250.0
Dacia,Spring,2007,48313,2007-07-14,Gaz,Automatique,90,Euro 3,Noir,Break,Allemagne,22000,11880.0
Mercedes,Classe A,2012,37376,2014-09-07,Essence,Automatique,110,Euro 4,Bleu,Berline,France,38000,24461.0
Toyota,Corolla,2008,224679,2009-08-05,Gaz,Automatique,150,Euro 3,Blanc,Berline,Italie,28000,9900.0
Volkswagen,Tiguan,2023,16465,2025-03-05,Gaz,Manuelle,150,Euro 6,Blanc,Break,Espagne,40000,41280.0
Kia,Ceed,2012,15029,2013-07-05,Gaz,Automatique,110,Euro 4,Noir,Monospace,USA,23000,17388.0
Hyundai,i20,2019,125486,2019-10-07,Gaz,Manuelle,200,Euro 5,Rouge,Berline,Japon,19500,16790.0
Tesla,Model 3,2011,12832,2012-03-22,Hybride,Automatique,200,Euro 1,Gris,Monospace,France,45000,31200.0
BMW,Serie 5,2017,226689,2019-07-18,Diesel,Automatique,200,Euro 5,Gris,SUV,France,65000,39330.0
Citroen,C4,2020,112283,2020-08-13,Electrique,Automatique,90,Euro 1,Gris,Monospace,Italie,24000,24563.0
Audi,Q5,2018,125499,2018-12-31,Gaz,Manuelle,130,Euro 5,Blanc,SUV,France,65000,47460.0
Citroen,C5 Aircross,2019,62765,2021-01-13,Electrique,Automatique,200,Euro 1,Noir,Break,Italie,35000,34760.0
Ford,Fiesta,2018,42569,2021-06-26,Diesel,Manuelle,150,Euro 5,Bleu,Break,Allemagne,18000,15210.0
Citroen,C4,2012,156749,2013-09-04,Diesel,Manuelle,90,Euro 4,Bleu,Monospace,Espagne,24000,12201.0
Kia,Ceed,2005,68172,2008-10-05,Essence,Manuelle,200,Euro 3,Blanc,Monospace,USA,23000,8880.0
Toyota,Corolla,2009,164426,2011-05-26,Gaz,Manuelle,150,Euro 3,Bleu,Crossover,France,28000,12090.0
Dacia,Sandero,2019,136421,2022-04-24,Gaz,Manuelle,130,Euro 5,Noir,Crossover,Japon,15900,13464.0
Citroen,C5 Aircross,2021,80880,2023-10-16,Diesel,Automatique,150,Euro 6,Rouge,SUV,Italie,35000,31955.0
Kia,Ceed,2024,29222,2026-08-15,Diesel,Manuelle,200,Euro 6,Bleu,Crossover,USA,23000,24500.0
Dacia,Spring,2021,79962,2024-03-03,Gaz,Automatique,110,Euro 6,Blanc,Break,Allemagne,22000,22344.0
Toyota,Corolla,2017,157990,2017-05-17,Gaz,Manuelle,110,Euro 5,Gris,Berline,USA,28000,19584.0
Citroen,C5 Aircross,2007,79952,2009-12-19,Essence,Manuelle,130,Euro 3,Noir,Break,Espagne,35000,14826.0
Audi,A3,2015,213250,2016-02-08,Essence,Automatique,110,Euro 5,Blanc,Berline,Espagne,34000,18772.0
Volkswagen,Passat,2006,167419,2009-11-27,Essence,Automatique,130,Euro 3,Bleu,SUV,Espagne,36000,11490.0
Mercedes,Classe A,2010,146621,2011-10-22,Diesel,Automatique,150,Euro 4,Bleu,SUV,Japon,38000,18260.0
Dacia,Spring,2015,57493,2018-06-07,Diesel,Manuelle,130,Euro 5,Bleu,Break,USA,22000,15844.0
BMW,X5,2012,216296,2015-03-11,Diesel,Manuelle,150,Euro 4,Gris,SUV,USA,80000,35045.0
Peugeot,3008,2012,182504,2013-08-29,Diesel,Manuelle,200,Euro 4,Rouge,Berline,USA,35000,17020.0
BMW,Serie 3,2005,172264,2006-02-04,Essence,Automatique,110,Euro 3,Bleu,SUV,France,45000,12246.0
Dacia,Sandero,2006,209818,2007-01-17,Gaz,Automatique,90,Euro 3,Rouge,Crossover,France,15900,5278.0
Mercedes,GLC,2008,109926,2010-05-23,Essence,Automatique,200,Euro 3,Bleu,Monospace,France,85000,36960.0
Peugeot,208,2013,238787,2014-07-13,Hybride,Automatique,90,Euro 1,Gris,SUV,Japon,18000,10516.0
Dacia,Duster,2011,162872,2012-06-21,Essence,Automatique,200,Euro 4,Noir,SUV,Espagne,19900,10305.0
Volkswagen,Tiguan,2017,43895,2020-06-27,Essence,Automatique,150,Euro 5,Rouge,Monospace,USA,40000,31875.0
Hyundai,i30,2009,50853,2011-06-27,Essence,Manuelle,90,Euro 3,Rouge,Crossover,USA,22000,10950.0
Kia,Ceed,2023,94044,2023-04-04,Gaz,Manuelle,150,Euro 6,Rouge,Crossover,Allemagne,23000,22880.0
Peugeot,3008,2010,47785,2012-04-24,Gaz,Manuelle,90,Euro 4,Rouge,Monospace,Japon,35000,20196.0
Volkswagen,Tiguan,2024,109789,2025-12-26,Essence,Automatique,90,Euro 6,Noir,Break,Italie,40000,37710.0
Ford,Fiesta,2019,189590,2022-02-12,Diesel,Manuelle,130,Euro 5,Noir,Break,Espagne,18000,12931.0
BMW,X5,2019,93885,2022-11-19,Hybride,Manuelle,110,Euro 1,Noir,SUV,Japon,80000,63916.0
Renault,Megane,2017,150954,2020-11-27,Diesel,Automatique,110,Euro 5,Gris,Berline,Espagne,25000,17984.0
Audi,A4,2005,247192,2007-01-13,Diesel,Manuelle,200,Euro 3,Noir,SUV,Espagne,48000,9500.0
Mercedes,Classe E,2008,29999,2010-10-15,Diesel,Automatique,130,Euro 3,Bleu,Berline,Italie,75000,39150.0
Tesla,Model 3,2018,229500,2019-10-16,Essence,Automatique,110,Euro 5,Gris,Monospace,Japon,45000,28260.0
Audi,A6,2016,168672,2019-05-05,Essence,Automatique,90,Euro 5,Rouge,SUV,Japon,72000,44340.0
Mercedes,Classe A,2014,43607,2014-08-29,Hybride,Manuelle,130,Euro 1,Bleu,Crossover,Italie,38000,27918.0
Tesla,Model 3,2014,136634,2014-06-10,Diesel,Automatique,150,Euro 4,Noir,Crossover,France,45000,27645.0
Audi,A6,2019,62610,2019-08-31,Essence,Automatique,130,Euro 5,Gris,Break,Espagne,72000,58697.0
Tesla,Model 3,2015,54321,2015-12-31,Gaz,Manuelle,200,Euro 5,Noir,Berline,USA,45000,32980.0
Dacia,Spring,2005,191557,2007-08-04,Gaz,Manuelle,200,Euro 3,Rouge,SUV,Japon,22000,6120.0
Renault,Captur,2012,110533,2014-06-10,Diesel,Manuelle,150,Euro 4,Blanc,Crossover,France,28000,15635.0
Audi,A4,2021,54528,2023-05-05,Hybride,Automatique,150,Euro 1,Bleu,Crossover,France,48000,46870.0
Renault,Captur,2023,52060,2024-08-09,Electrique,Manuelle,200,Euro 1,Blanc,Berline,Allemagne,28000,32200.0
Toyota,Yaris,2016,37871,2018-10-07,Diesel,Automatique,200,Euro 5,Rouge,SUV,France,19000,16790.0
Citroen,C4,2005,62783,2006-12-11,Diesel,Automatique,150,Euro 3,Noir,Break,USA,24000,10175.0
Tesla,Model S,2014,234320,2017-05-12,Diesel,Automatique,150,Euro 4,Gris,Crossover,Italie,95000,46295.0
BMW,Serie 1,2014,39603,2016-06-02,Diesel,Automatique,90,Euro 4,Noir,Break,USA,35000,25393.0
Volkswagen,Passat,2009,12836,2009-08-02,Essence,Manuelle,200,Euro 3,Bleu,Break,Japon,36000,19980.0
Audi,A3,2009,218505,2009-11-18,Diesel,Manuelle,200,Euro 3,Noir,Monospace,Japon,34000,12240.0
Toyota,RAV4,2024,24656,2024-03-05,Gaz,Automatique,150,Euro 6,Blanc,Break,France,37000,41160.0
Citroen,C5 Aircross,2016,43616,2019-04-25,Diesel,Automatique,90,Euro 5,Noir,Berline,Japon,35000,27288.0
BMW,X5,2019,189429,2020-08-13,Hybride,Automatique,150,Euro 1,Rouge,Berline,Japon,80000,57955.0
Volkswagen,Golf,2019,131262,2022-10-12,Essence,Automatique,90,Euro 5,Bleu,Break,Espagne,25000,19368.0
Hyundai,Tucson,2020,229754,2023-03-20,Gaz,Automatique,110,Euro 6,Blanc,Monospace,USA,35000,26136.0
Ford,Kuga,2024,188106,2024-01-26,Gaz,Manuelle,90,Euro 6,Blanc,Berline,USA,34000,29848.0
Audi,A4,2020,23667,2022-11-15,Essence,Automatique,90,Euro 6,Gris,Berline,Allemagne,48000,42914.0
BMW,Serie 5,2021,93971,2022-01-20,Essence,Manuelle,110,Euro 6,Noir,Monospace,Espagne,65000,53382.0
Ford,Kuga,2020,30383,2022-06-27,Electrique,Automatique,150,Euro 1,Rouge,Berline,Italie,34000,36125.0
Hyundai,Tucson,2023,114737,2023-01-09,Electrique,Manuelle,130,Euro 1,Bleu,Berline,Allemagne,35000,35518.0
Audi,A3,2007,134009,2009-02-22,Essence,Automatique,130,Euro 3,Bleu,Monospace,USA,34000,13068.0
Peugeot,3008,2016,56222,2016-05-17,Hybride,Automatique,200,Euro 1,Noir,Monospace,USA,35000,29820.0
Kia,Rio,2006,83567,2007-08-12,Gaz,Manuelle,90,Euro 3,Rouge,Monospace,Espagne,18900,8094.0
Volkswagen,Passat,2018,60196,2020-07-10,Hybride,Automatique,130,Euro 1,Rouge,Berline,Allemagne,36000,32148.0
Mercedes,Classe C,2023,176706,2025-05-05,Gaz,Manuelle,130,Euro 6,Rouge,Berline,France,55000,46240.0
Citroen,C5 Aircross,2022,35703,2022-12-31,Essence,Manuelle,110,Euro 6,Blanc,Berline,Japon,35000,31941.0
Mercedes,Classe C,2022,66714,2024-06-18,Essence,Automatique,90,Euro 6,Noir,Berline,Espagne,55000,50072.0
Kia,Ceed,2010,31382,2011-07-03,Essence,Automatique,90,Euro 4,Bleu,Crossover,France,23000,13695.0
Mercedes,Classe C,2009,152444,2010-11-16,Gaz,Automatique,110,Euro 3,Blanc,SUV,USA,55000,23840.0
Hyundai,i30,2020,89195,2020-08-13,Electrique,Automatique,90,Euro 1,Bleu,Berline,Allemagne,22000,23920.0
BMW,Serie 5,2016,220668,2018-03-20,Diesel,Automatique,150,Euro 5,Blanc,Crossover,Allemagne,65000,36990.0
Kia,Sportage,2012,231909,2013-02-27,Essence,Automatique,130,Euro 4,Noir,Break,Italie,34000,14883.0
Peugeot,3008,2022,29984,2025-09-16,Hybride,Manuelle,150,Euro 1,Gris,Monospace,France,35000,36340.0
Hyundai,i20,2017,108742,2017-08-28,Hybride,Manuelle,110,Euro 1,Blanc,Break,Japon,19500,16284.0
Kia,Sportage,2014,97308,2016-01-27,Gaz,Manuelle,200,Euro 4,Blanc,Monospace,Japon,34000,22875.0
BMW,Serie 3,2022,242837,2022-05-12,Hybride,Manuelle,110,Euro 1,Blanc,Crossover,Italie,45000,34370.0
Toyota,Corolla,2006,99517,2007-09-21,Essence,Manuelle,150,Euro 3,Noir,Crossover,Italie,28000,10545.0
Dacia,Sandero,2008,156559,2010-07-14,Gaz,Manuelle,200,Euro 3,Blanc,Monospace,France,15900,7178.0
Renault,Talisman,2024,30930,2025-10-06,Gaz,Automatique,90,Euro 6,Rouge,Berline,Espagne,40000,43068.0
Hyundai,i20,2011,107930,2014-01-29,Hybride,Automatique,130,Euro 1,Gris,Crossover,Japon,19500,13158.0
Hyundai,i30,2015,58846,2018-10-04,Gaz,Manuelle,90,Euro 5,Rouge,Monospace,France,22000,16592.0
Mercedes,Classe E,2023,152022,2025-06-25,Electrique,Manuelle,130,Euro 1,Gris,Berline,USA,75000,66666.0
Hyundai,Tucson,2010,40473,2010-09-14,Diesel,Automatique,110,Euro 4,Noir,SUV,Japon,35000,20574.0
Dacia,Spring,2018,181490,2018-12-15,Electrique,Manuelle,130,Euro 1,Rouge,Crossover,Espagne,22000,18112.0
Citroen,C3,2006,212312,2006-04-13,Gaz,Manuelle,90,Euro 3,Bleu,Break,Espagne,16000,4600.0
Renault,Clio,2008,206836,2010-08-02,Diesel,Manuelle,90,Euro 3,Blanc,Berline,France,17000,5728.0
Toyota,RAV4,2009,95902,2011-05-29,Diesel,Manuelle,150,Euro 3,Noir,Break,Allemagne,37000,17710.0
Ford,Focus,2024,55988,2024-01-11,Gaz,Automatique,130,Euro 6,Gris,SUV,Italie,26000,29260.0
Volkswagen,Tiguan,2016,39261,2019-06-21,Essence,Manuelle,150,Euro 5,Gris,SUV,Espagne,40000,29565.0
Citroen,C5 Aircross,2013,201238,2013-01-11,Diesel,Manuelle,110,Euro 4,Gris,Break,Allemagne,35000,16967.0
Tesla,Model S,2014,194902,2015-08-01,Gaz,Automatique,90,Euro 4,Blanc,SUV,Espagne,95000,50694.0
Ford,Focus,2023,142881,2023-04-28,Hybride,Manuelle,200,Euro 1,Noir,Crossover,Japon,26000,25730.0
Volkswagen,Passat,2023,221666,2023-11-22,Diesel,Automatique,200,Euro 6,Noir,Monospace,Allemagne,36000,30000.0
Tesla,Model X,2021,200201,2022-05-23,Diesel,Manuelle,200,Euro 6,Bleu,Monospace,France,120000,86620.0
Citroen,C4,2020,122198,2022-03-24,Essence,Automatique,90,Euro 6,Blanc,Berline,Allemagne,24000,19684.0
Mercedes,Classe C,2007,83338,2010-12-13,Gaz,Automatique,200,Euro 3,Blanc,Break,USA,55000,24805.0
Tesla,Model S,2010,170361,2010-04-20,Gaz,Manuelle,110,Euro 4,Blanc,Monospace,Italie,95000,40016.0
Toyota,Hilux,2005,84487,2005-07-23,Essence,Manuelle,150,Euro 3,Rouge,Break,France,45000,15925.0
Volkswagen,Arteon,2014,187128,2017-01-17,Diesel,Automatique,130,Euro 4,Rouge,Berline,USA,48000,26676.0
Volkswagen,Passat,2008,134593,2008-05-11,Gaz,Automatique,110,Euro 3,Blanc,Berline,Italie,36000,15834.0
Volkswagen,Passat,2011,13689,2011-05-31,Gaz,Manuelle,150,Euro 4,Noir,Crossover,Espagne,36000,23400.0
Hyundai,i20,2017,165331,2020-04-29,Essence,Automatique,130,Euro 5,Rouge,Monospace,Espagne,19500,13734.0
Audi,A4,2013,166489,2014-06-22,Essence,Manuelle,110,Euro 4,Rouge,Monospace,Japon,48000,24531.0
Toyota,Hilux,2009,55897,2009-05-30,Essence,Manuelle,110,Euro 3,Noir,SUV,Allemagne,45000,22550.0
Toyota,Corolla,2020,56205,2023-08-08,Diesel,Automatique,90,Euro 6,Blanc,Break,Italie,28000,25647.0
Toyota,Corolla,2007,237270,2008-03-20,Essence,Manuelle,130,Euro 3,Blanc,Berline,France,28000,7358.0
Mercedes,GLC,2024,103570,2024-06-24,Essence,Manuelle,150,Euro 6,Blanc,SUV,Italie,85000,76950.0
Mercedes,Classe E,2019,137548,2022-04-04,Essence,Manuelle,130,Euro 5,Bleu,Monospace,Espagne,75000,54216.0
BMW,Serie 5,2009,155854,2012-10-19,Essence,Automatique,110,Euro 3,Bleu,Monospace,Japon,65000,26840.0
BMW,Serie 3,2017,242820,2018-03-11,Essence,Manuelle,130,Euro 5,Bleu,Crossover,Japon,45000,24915.0
Peugeot,308,2022,211714,2023-02-18,Diesel,Manuelle,150,Euro 6,Noir,Crossover,France,30000,22995.0
Peugeot,308,2024,136177,2026-12-24,Hybride,Automatique,200,Euro 1,Blanc,SUV,Japon,30000,32190.0
Volkswagen,Tiguan,2024,165419,2027-04-14,Diesel,Manuelle,110,Euro 6,Blanc,Berline,Espagne,40000,34524.0
Peugeot,5008,2023,84668,2026-02-22,Electrique,Manuelle,90,Euro 1,Gris,Crossover,Japon,42000,42631.0
Citroen,C4,2006,45120,2006-02-21,Gaz,Manuelle,110,Euro 3,Gris,Berline,France,24000,11172.0
Peugeot,5008,2023,231217,2023-05-18,Electrique,Manuelle,130,Euro 1,Gris,Monospace,USA,42000,35742.0
Citroen,C4,2014,181511,2015-07-11,Essence,Manuelle,200,Euro 4,Rouge,Berline,Espagne,24000,13000.0
BMW,Serie 3,2008,76613,2009-02-11,Diesel,Manuelle,90,Euro 3,Gris,Crossover,USA,45000,20655.0
Renault,Captur,2018,151635,2019-08-27,Diesel,Automatique,110,Euro 5,Bleu,Crossover,Espagne,28000,20837.0
Citroen,C3,2006,56721,2009-09-09,Gaz,Manuelle,150,Euro 3,Rouge,Monospace,USA,16000,7790.0
Toyota,RAV4,2006,21160,2007-11-08,Gaz,Manuelle,110,Euro 3,Bleu,Break,Espagne,37000,17424.0
Kia,Sportage,2020,158469,2023-03-16,Electrique,Automatique,150,Euro 1,Bleu,Berline,Espagne,34000,31025.0
Peugeot,5008,2015,144951,2018-04-27,Essence,Manuelle,90,Euro 5,Blanc,Break,Italie,42000,24721.0
Renault,Clio,2007,100298,2007-08-09,Essence,Automatique,150,Euro 3,Blanc,Crossover,Allemagne,17000,7605.0
Ford,Kuga,2017,47626,2020-12-11,Gaz,Manuelle,90,Euro 5,Rouge,Break,Espagne,34000,27300.0
Renault,Captur,2015,159761,2016-09-30,Gaz,Automatique,150,Euro 5,Rouge,Berline,Japon,28000,19140.0
Peugeot,208,2013,127031,2016-10-28,Hybride,Manuelle,200,Euro 1,Bleu,SUV,USA,18000,12650.0
Renault,Megane,2017,190568,2018-07-04,Essence,Automatique,90,Euro 5,Noir,Berline,USA,25000,16140.0
Dacia,Duster,2011,10940,2012-02-01,Essence,Automatique,200,Euro 4,Gris,Monospace,USA,19900,13740.0
Ford,Fiesta,2008,239009,2008-09-06,Essence,Automatique,110,Euro 3,Blanc,SUV,France,18000,5829.0
Toyota,RAV4,2014,207743,2017-09-13,Gaz,Manuelle,110,Euro 4,Noir,Monospace,Japon,37000,19800.0
Volkswagen,Passat,2014,198313,2015-07-21,Diesel,Manuelle,200,Euro 4,Gris,Crossover,France,36000,19380.0
Citroen,C3,2007,181580,2007-10-09,Gaz,Manuelle,150,Euro 3,Rouge,Break,Allemagne,16000,5890.0
Kia,Rio,2014,152350,2017-09-23,Hybride,Automatique,200,Euro 1,Blanc,Berline,France,18900,14245.0
Dacia,Sandero,2018,104215,2021-05-28,Electrique,Automatique,90,Euro 1,Bleu,Crossover,USA,15900,17136.0
BMW,X5,2020,147832,2023-10-31,Diesel,Manuelle,130,Euro 6,Bleu,Monospace,France,80000,60162.0
Volkswagen,Passat,2021,53087,2022-06-21,Electrique,Manuelle,90,Euro 1,Rouge,Break,USA,36000,36034.0
Citroen,C4,2005,41535,2008-12-18,Essence,Automatique,110,Euro 3,Rouge,Berline,USA,24000,10179.0
Toyota,Yaris,2021,179897,2022-10-13,Electrique,Manuelle,200,Euro 1,Blanc,Break,USA,19000,19240.0
Volkswagen,Passat,2018,38670,2019-03-31,Hybride,Manuelle,110,Euro 1,Noir,Break,Italie,36000,31679.0
Peugeot,208,2007,125627,2008-01-27,Gaz,Automatique,130,Euro 3,Rouge,Break,USA,18000,8436.0
Dacia,Duster,2007,64192,2010-10-16,Gaz,Automatique,150,Euro 3,Blanc,SUV,Italie,19900,10707.0
Hyundai,Tucson,2009,127209,2012-10-17,Gaz,Manuelle,200,Euro 3,Blanc,SUV,France,35000,16555.0
Citroen,C4,2024,171133,2024-12-30,Gaz,Automatique,150,Euro 6,Bleu,SUV,Italie,24000,24070.0
Volkswagen,Golf,2007,106809,2010-09-27,Diesel,Manuelle,150,Euro 3,Noir,Break,Espagne,25000,10335.0
Volkswagen,Passat,2015,142332,2015-01-27,Essence,Automatique,90,Euro 5,Rouge,Break,Allemagne,36000,22361.0
Toyota,RAV4,2014,231787,2017-04-26,Essence,Automatique,90,Euro 4,Bleu,Berline,Allemagne,37000,18283.0
Mercedes,Classe A,2014,28397,2017-06-02,Diesel,Automatique,130,Euro 4,Blanc,Monospace,USA,38000,28084.0
Peugeot,208,2006,119430,2007-03-23,Diesel,Manuelle,150,Euro 3,Bleu,Monospace,USA,18000,6825.0
Citroen,C4,2005,216932,2005-04-12,Essence,Automatique,110,Euro 3,Gris,Crossover,Espagne,24000,5742.0
Dacia,Spring,2014,220235,2015-07-04,Essence,Manuelle,150,Euro 4,Noir,SUV,Espagne,22000,10800.0
Tesla,Model S,2021,133593,2022-01-27,Electrique,Automatique,110,Euro 1,Bleu,Crossover,USA,95000,80418.0
Mercedes,GLC,2019,223310,2022-11-17,Essence,Manuelle,90,Euro 5,Gris,Berline,Japon,85000,53487.0
Peugeot,208,2009,160621,2012-09-22,Diesel,Manuelle,200,Euro 3,Noir,Break,Italie,18000,7800.0
Kia,Ceed,2015,34934,2017-09-14,Hybride,Manuelle,130,Euro 1,Noir,Berline,France,23000,19110.0
Toyota,Hilux,2010,95524,2011-04-26,Hybride,Automatique,110,Euro 1,Bleu,Berline,Espagne,45000,25039.0
Dacia,Duster,2023,217407,2023-02-15,Essence,Automatique,200,Euro 6,Blanc,Berline,Japon,19900,17404.0
Audi,Q5,2008,227634,2009-05-14,Diesel,Manuelle,110,Euro 3,Bleu,Monospace,France,65000,19830.0
Citroen,C5 Aircross,2012,188058,2014-05-15,Gaz,Automatique,90,Euro 4,Gris,Berline,Japon,35000,18124.0
Tesla,Model S,2020,27446,2021-11-15,Hybride,Manuelle,200,Euro 1,Bleu,Berline,Espagne,95000,86000.0
Toyota,Corolla,2024,144169,2025-02-14,Essence,Manuelle,130,Euro 6,Rouge,SUV,USA,28000,24338.0
Renault,Megane,2014,110766,2014-10-01,Gaz,Manuelle,200,Euro 4,Noir,Crossover,Japon,25000,16815.0
Ford,Focus,2009,188666,2009-05-09,Essence,Manuelle,200,Euro 3,Gris,SUV,Espagne,26000,9990.0
Renault,Clio,2016,204121,2017-12-20,Essence,Automatique,150,Euro 5,Blanc,Monospace,Allemagne,17000,10920.0
Dacia,Sandero,2022,90278,2023-12-19,Electrique,Automatique,90,Euro 1,Noir,SUV,France,15900,20230.0
Citroen,C4,2014,246126,2017-05-28,Diesel,Manuelle,150,Euro 4,Blanc,Berline,Allemagne,24000,11730.0
BMW,Serie 1,2012,24090,2015-11-24,Hybride,Automatique,90,Euro 1,Bleu,Berline,Espagne,35000,25358.0
BMW,X5,2005,70096,2008-03-25,Essence,Automatique,150,Euro 3,Noir,Crossover,Allemagne,80000,29700.0
Ford,Focus,2009,239127,2009-04-02,Diesel,Automatique,90,Euro 3,Rouge,Crossover,France,26000,9248.0
Mercedes,Classe C,2020,160320,2023-12-08,Hybride,Manuelle,90,Euro 1,Blanc,Crossover,Italie,55000,42408.0
Renault,Clio,2015,43556,2016-08-06,Hybride,Automatique,150,Euro 1,Noir,Break,Espagne,17000,16215.0
Audi,A4,2013,122461,2015-11-13,Hybride,Automatique,200,Euro 1,Gris,Crossover,Japon,48000,30250.0
Hyundai,i30,2023,221018,2026-09-17,Gaz,Automatique,200,Euro 6,Gris,Monospace,Japon,22000,20625.0
Mercedes,Classe E,2012,197433,2014-12-30,Essence,Automatique,130,Euro 4,Blanc,Monospace,Italie,75000,34785.0
Audi,A3,2011,212027,2013-08-31,Hybride,Automatique,90,Euro 1,Blanc,Monospace,Japon,34000,15960.0
Audi,A6,2014,186842,2015-07-06,Hybride,Automatique,130,Euro 1,Noir,Berline,Allemagne,72000,40716.0
Toyota,Corolla,2013,211510,2013-06-25,Essence,Automatique,90,Euro 4,Gris,Monospace,Allemagne,28000,13754.0
Toyota,Corolla,2013,115376,2015-06-16,Hybride,Automatique,110,Euro 1,Gris,SUV,France,28000,19096.0
Toyota,Corolla,2017,203120,2020-01-11,Essence,Automatique,110,Euro 5,Noir,SUV,USA,28000,17759.0
Toyota,RAV4,2011,244034,2011-09-10,Diesel,Automatique,130,Euro 4,Noir,Break,Japon,37000,14911.0
Hyundai,i30,2006,138005,2007-04-09,Essence,Automatique,150,Euro 3,Bleu,Break,Japon,22000,8085.0
Mercedes,GLC,2007,212840,2010-01-06,Diesel,Manuelle,110,Euro 3,Blanc,Break,France,85000,24108.0
Dacia,Sandero,2020,177635,2021-11-26,Electrique,Manuelle,90,Euro 1,Rouge,SUV,Espagne,15900,15478.0
Citroen,C3,2005,248397,2006-10-26,Gaz,Manuelle,110,Euro 3,Blanc,Monospace,Italie,16000,3534.0
Tesla,Model X,2018,173666,2021-03-24,Diesel,Manuelle,90,Euro 5,Blanc,Crossover,Italie,120000,78585.0
Mercedes,GLC,2008,245151,2009-06-11,Gaz,Manuelle,110,Euro 3,Bleu,Berline,USA,85000,24528.0
Mercedes,Classe E,2020,169498,2023-07-07,Gaz,Manuelle,110,Euro 6,Gris,Berline,France,75000,55872.0
Dacia,Duster,2010,152429,2013-08-24,Hybride,Manuelle,90,Euro 1,Bleu,SUV,Espagne,19900,10234.0
Hyundai,i20,2016,91543,2018-09-10,Hybride,Manuelle,200,Euro 1,Bleu,Monospace,Allemagne,19500,16415.0
Kia,Ceed,2022,36760,2025-03-13,Diesel,Manuelle,150,Euro 6,Noir,Crossover,Espagne,23000,22295.0
Citroen,C3,2009,223692,2011-12-28,Gaz,Automatique,200,Euro 3,Blanc,SUV,Espagne,16000,7095.0
Peugeot,5008,2015,214575,2018-11-07,Gaz,Automatique,200,Euro 5,Rouge,Crossover,USA,42000,24700.0
Tesla,Model 3,2019,128163,2019-05-24,Gaz,Manuelle,200,Euro 5,Rouge,Crossover,Allemagne,45000,35405.0
Toyota,RAV4,2019,50820,2022-12-08,Diesel,Automatique,90,Euro 5,Bleu,Crossover,USA,37000,31920.0
Tesla,Model 3,2014,224512,2016-01-14,Gaz,Manuelle,90,Euro 4,Gris,SUV,USA,45000,22752.0
Mercedes,Classe C,2011,37548,2013-04-29,Essence,Automatique,200,Euro 4,Bleu,Monospace,Allemagne,55000,33640.0
Kia,Rio,2019,204933,2022-06-12,Diesel,Manuelle,130,Euro 5,Noir,Monospace,Espagne,18900,13130.0
Tesla,Model X,2009,62923,2011-05-29,Diesel,Manuelle,90,Euro 3,Noir,Break,Espagne,120000,59241.0
Volkswagen,Golf,2007,204979,2007-11-19,Essence,Automatique,200,Euro 3,Gris,Break,Japon,25000,8120.0
Citroen,C3,2022,154323,2022-08-23,Diesel,Automatique,90,Euro 6,Gris,Break,Allemagne,16000,14931.0
Hyundai,i20,2022,94867,2022-04-02,Hybride,Manuelle,200,Euro 1,Noir,Berline,Japon,19500,20825.0
BMW,Serie 5,2020,221035,2022-05-21,Essence,Manuelle,150,Euro 6,Noir,Berline,Allemagne,65000,43230.0
Mercedes,Classe A,2017,126588,2018-03-07,Hybride,Automatique,90,Euro 1,Noir,Crossover,Allemagne,38000,29413.0
Tesla,Model S,2019,188669,2021-10-26,Gaz,Automatique,130,Euro 5,Blanc,SUV,France,95000,66866.0
Ford,Focus,2023,157780,2026-09-10,Diesel,Automatique,90,Euro 6,Rouge,SUV,USA,26000,23698.0
Dacia,Duster,2007,212812,2008-08-08,Diesel,Automatique,130,Euro 3,Bleu,Crossover,Espagne,19900,6496.0
Toyota,RAV4,2018,205083,2021-03-17,Hybride,Manuelle,150,Euro 1,Noir,Berline,Allemagne,37000,25730.0
BMW,Serie 1,2022,22311,2023-08-25,Gaz,Manuelle,150,Euro 6,Noir,Monospace,Japon,35000,34960.0
Dacia,Duster,2008,81051,2009-10-11,Diesel,Automatique,200,Euro 3,Noir,Monospace,France,19900,10516.0
Peugeot,308,2015,20039,2015-04-22,Essence,Automatique,110,Euro 5,Noir,Break,USA,30000,22791.0
Mercedes,Classe C,2007,27246,2007-02-15,Essence,Automatique,110,Euro 3,Bleu,Crossover,France,55000,26837.0
Hyundai,i30,2011,221442,2014-04-28,Diesel,Manuelle,200,Euro 4,Bleu,Monospace,Italie,22000,9360.0
Kia,Ceed,2018,126137,2018-05-24,Gaz,Manuelle,150,Euro 5,Gris,Monospace,Japon,23000,18200.0
Hyundai,i30,2006,204024,2009-09-09,Gaz,Automatique,110,Euro 3,Bleu,Berline,France,22000,6916.0
Toyota,RAV4,2005,37032,2005-09-25,Essence,Automatique,200,Euro 3,Bleu,Break,Allemagne,37000,16000.0
Renault,Captur,2006,169375,2007-06-14,Gaz,Manuelle,150,Euro 3,Bleu,Monospace,USA,28000,9300.0
Mercedes,Classe E,2005,185599,2008-08-21,Essence,Manuelle,150,Euro 3,Blanc,Break,Espagne,75000,18875.0
Citroen,C4,2020,12447,2020-12-18,Gaz,Automatique,110,Euro 6,Rouge,Break,France,24000,24882.0
Peugeot,308,2014,60380,2015-06-09,Gaz,Automatique,90,Euro 4,Noir,Crossover,Espagne,30000,22016.0
Citroen,C3,2017,73261,2017-12-05,Diesel,Manuelle,110,Euro 5,Rouge,Crossover,Japon,16000,12312.0
BMW,Serie 1,2021,178684,2024-06-23,Diesel,Manuelle,130,Euro 6,Gris,Break,USA,35000,26862.0
Toyota,Corolla,2020,189570,2021-12-15,Gaz,Automatique,200,Euro 6,Bleu,Crossover,Japon,28000,23450.0
Audi,A3,2011,53113,2011-06-10,Essence,Manuelle,150,Euro 4,Noir,Crossover,France,34000,19320.0
Toyota,Yaris,2023,156062,2023-06-07,Diesel,Automatique,90,Euro 6,Gris,Crossover,Espagne,19000,17958.0
Volkswagen,Arteon,2017,150981,2017-07-29,Essence,Automatique,110,Euro 5,Rouge,Berline,USA,48000,32064.0
Toyota,RAV4,2017,73398,2017-08-05,Gaz,Manuelle,200,Euro 5,Noir,Break,Allemagne,37000,29160.0
BMW,Serie 5,2007,211794,2008-08-31,Diesel,Automatique,110,Euro 3,Gris,Berline,Italie,65000,19068.0
Hyundai,i30,2012,51885,2012-08-13,Gaz,Manuelle,110,Euro 4,Rouge,Break,Allemagne,22000,14514.0
Tesla,Model 3,2017,162129,2020-12-02,Diesel,Manuelle,200,Euro 5,Blanc,Break,USA,45000,29610.0
Renault,Clio,2010,57775,2011-08-19,Essence,Manuelle,130,Euro 4,Gris,Break,Japon,17000,9169.0
Toyota,Corolla,2017,247606,2017-03-12,Gaz,Automatique,150,Euro 5,Rouge,Crossover,Japon,28000,18150.0
BMW,X5,2019,248829,2020-06-15,Essence,Manuelle,110,Euro 5,Gris,SUV,Allemagne,80000,48861.0
Peugeot,3008,2007,149352,2007-10-02,Diesel,Manuelle,150,Euro 3,Noir,SUV,Japon,35000,12775.0
Citroen,C3,2020,147766,2020-02-12,Electrique,Automatique,200,Euro 1,Blanc,SUV,Allemagne,16000,18500.0
Hyundai,i30,2017,216988,2020-01-01,Gaz,Manuelle,110,Euro 5,Rouge,Berline,Japon,22000,14268.0
Audi,A3,2016,226478,2019-09-01,Essence,Automatique,200,Euro 5,Gris,SUV,Japon,34000,19980.0
Audi,A6,2019,118630,2021-06-11,Hybride,Automatique,90,Euro 1,Rouge,Break,Italie,72000,57646.0
Hyundai,Tucson,2020,227781,2022-10-08,Essence,Manuelle,110,Euro 6,Noir,Berline,USA,35000,23166.0
Renault,Megane,2015,235788,2015-11-28,Hybride,Automatique,200,Euro 1,Gris,Berline,Allemagne,25000,16000.0
Kia,Sportage,2005,100348,2007-01-15,Gaz,Manuelle,150,Euro 3,Gris,Berline,Allemagne,34000,12210.0
Dacia,Sandero,2005,35823,2008-01-07,Gaz,Automatique,130,Euro 3,Blanc,Break,Japon,15900,8280.0
Mercedes,Classe C,2023,136587,2026-06-09,Gaz,Automatique,90,Euro 6,Blanc,Monospace,USA,55000,49896.0
BMW,X5,2022,148465,2024-12-29,Gaz,Automatique,90,Euro 6,Blanc,SUV,USA,80000,67520.0
Citroen,C4,2010,141351,2011-05-13,Essence,Manuelle,110,Euro 4,Rouge,Break,Espagne,24000,10604.0
Peugeot,5008,2009,89466,2012-04-16,Diesel,Manuelle,200,Euro 3,Gris,SUV,France,42000,20680.0
Renault,Captur,2019,213824,2019-05-14,Essence,Automatique,150,Euro 5,Blanc,Monospace,USA,28000,19520.0
BMW,Serie 1,2013,107233,2016-06-28,Hybride,Manuelle,130,Euro 1,Rouge,Crossover,Allemagne,35000,22401.0
Ford,Focus,2018,64850,2020-09-12,Gaz,Manuelle,90,Euro 5,Blanc,Break,Espagne,26000,21584.0
Toyota,RAV4,2018,89437,2020-06-19,Diesel,Automatique,110,Euro 5,Bleu,Monospace,Japon,37000,29674.0
Citroen,C5 Aircross,2012,173150,2014-06-08,Gaz,Automatique,90,Euro 4,Noir,Crossover,Italie,35000,18518.0
Toyota,Corolla,2009,103053,2012-11-06,Gaz,Automatique,150,Euro 3,Noir,SUV,USA,28000,14850.0
Renault,Captur,2020,60466,2022-10-13,Hybride,Automatique,150,Euro 1,Blanc,Monospace,Japon,28000,28290.0
Toyota,Yaris,2005,50157,2006-09-30,Diesel,Automatique,130,Euro 3,Gris,Break,Italie,19000,8474.0
Toyota,RAV4,2024,28145,2026-09-20,Electrique,Manuelle,200,Euro 1,Bleu,SUV,Espagne,37000,43120.0
Hyundai,Tucson,2022,87108,2023-11-25,Essence,Manuelle,150,Euro 6,Blanc,SUV,USA,35000,30530.0
Volkswagen,Golf,2015,135300,2016-06-10,Diesel,Manuelle,200,Euro 5,Gris,Monospace,Allemagne,25000,16200.0
Hyundai,i30,2005,172952,2005-01-08,Gaz,Automatique,200,Euro 3,Gris,Monospace,USA,22000,7150.0
Volkswagen,Arteon,2020,53338,2021-09-21,Hybride,Automatique,90,Euro 1,Bleu,SUV,Allemagne,48000,44737.0
Dacia,Sandero,2024,153476,2026-02-16,Diesel,Manuelle,110,Euro 6,Bleu,Crossover,Espagne,15900,14450.0
Toyota,Hilux,2018,50928,2018-01-09,Gaz,Automatique,90,Euro 5,Blanc,Break,Japon,45000,38038.0
Dacia,Spring,2007,132359,2010-05-21,Gaz,Automatique,150,Euro 3,Blanc,Berline,Allemagne,22000,9720.0
Kia,Ceed,2016,13617,2018-05-03,Essence,Manuelle,110,Euro 5,Noir,Monospace,Italie,23000,17325.0
Peugeot,308,2007,185567,2010-09-11,Essence,Automatique,150,Euro 3,Rouge,SUV,France,30000,10075.0
Volkswagen,Golf,2021,71298,2022-11-06,Essence,Automatique,150,Euro 6,Bleu,Break,Espagne,25000,23100.0
Kia,Rio,2014,244699,2016-07-19,Hybride,Automatique,130,Euro 1,Rouge,Monospace,Allemagne,18900,11592.0
Hyundai,i20,2010,101064,2011-12-07,Essence,Automatique,90,Euro 4,Gris,Berline,Espagne,19500,10272.0
Mercedes,Classe A,2010,99232,2012-10-23,Hybride,Automatique,90,Euro 1,Gris,SUV,Italie,38000,21511.0
Peugeot,5008,2019,147458,2021-07-23,Essence,Automatique,110,Euro 5,Rouge,Crossover,Italie,42000,31311.0
Mercedes,Classe E,2016,217883,2017-11-26,Hybride,Manuelle,150,Euro 1,Blanc,Monospace,Italie,75000,43725.0
Tesla,Model S,2016,204414,2018-11-14,Essence,Automatique,90,Euro 5,Bleu,Berline,USA,95000,54264.0
Renault,Captur,2021,47084,2023-01-25,Essence,Manuelle,110,Euro 6,Bleu,SUV,France,28000,24447.0
Tesla,Model S,2019,94135,2020-08-02,Essence,Automatique,90,Euro 5,Gris,Crossover,USA,95000,73644.0
BMW,Serie 5,2016,118520,2019-10-28,Diesel,Automatique,90,Euro 5,Gris,Berline,France,65000,44135.0
Volkswagen,Arteon,2024,177075,2027-09-07,Gaz,Manuelle,90,Euro 6,Rouge,Crossover,Japon,48000,41832.0
Renault,Megane,2016,85201,2017-05-01,Gaz,Automatique,130,Euro 5,Blanc,Monospace,Italie,25000,20264.0
Ford,Kuga,2022,18851,2024-03-16,Hybride,Manuelle,90,Euro 1,Gris,Crossover,Allemagne,34000,35247.0
Ford,Kuga,2007,85873,2008-03-24,Essence,Automatique,110,Euro 3,Blanc,Berline,Italie,34000,14801.0
BMW,Serie 3,2005,147430,2007-07-20,Gaz,Manuelle,110,Euro 3,Gris,Berline,Espagne,45000,13804.0
Audi,Q5,2018,131834,2020-04-30,Hybride,Manuelle,110,Euro 1,Bleu,Break,Allemagne,65000,47679.0
Renault,Clio,2015,92039,2018-06-17,Gaz,Automatique,90,Euro 5,Rouge,Berline,Japon,17000,13696.0
Ford,Fiesta,2022,245220,2025-04-20,Essence,Automatique,150,Euro 6,Noir,Break,Allemagne,18000,14350.0
Volkswagen,Tiguan,2014,224355,2014-01-13,Diesel,Automatique,130,Euro 4,Blanc,Break,Italie,40000,20784.0
BMW,Serie 1,2017,130427,2018-11-28,Gaz,Automatique,200,Euro 5,Rouge,Break,Espagne,35000,26730.0
Ford,Focus,2022,179630,2023-01-28,Diesel,Manuelle,90,Euro 6,Blanc,Monospace,Allemagne,26000,20713.0
Dacia,Spring,2018,185292,2018-07-27,Electrique,Automatique,130,Euro 1,Bleu,Monospace,Japon,22000,19392.0
Toyota,Yaris,2008,142759,2008-02-08,Essence,Manuelle,130,Euro 3,Blanc,Monospace,Italie,19000,7334.0
Audi,Q5,2010,176853,2013-04-27,Diesel,Manuelle,150,Euro 4,Rouge,Monospace,Italie,65000,27265.0
BMW,Serie 1,2016,43148,2017-11-16,Essence,Automatique,150,Euro 5,Noir,SUV,Japon,35000,27000.0
BMW,Serie 3,2018,98361,2021-09-06,Hybride,Manuelle,150,Euro 1,Bleu,Break,Espagne,45000,36135.0
Citroen,C3,2016,235586,2016-05-03,Diesel,Manuelle,110,Euro 5,Noir,SUV,USA,16000,9063.0
Citroen,C5 Aircross,2010,38648,2013-05-01,Essence,Manuelle,90,Euro 4,Blanc,Crossover,Japon,35000,19195.0
Audi,A4,2013,148601,2013-04-07,Essence,Manuelle,130,Euro 4,Bleu,Monospace,Espagne,48000,25599.0
Citroen,C3,2005,147568,2005-12-24,Essence,Automatique,110,Euro 3,Rouge,SUV,USA,16000,5249.0
Toyota,Hilux,2008,196310,2011-03-06,Gaz,Manuelle,200,Euro 3,Gris,Monospace,Espagne,45000,16005.0
Renault,Captur,2016,31077,2017-08-29,Hybride,Automatique,150,Euro 1,Bleu,Break,Japon,28000,25185.0
Kia,Rio,2006,99953,2007-06-12,Diesel,Automatique,90,Euro 3,Gris,SUV,Italie,18900,8066.0
Audi,Q5,2012,239191,2012-07-20,Hybride,Automatique,150,Euro 1,Bleu,Break,Allemagne,65000,29315.0
Renault,Talisman,2009,126649,2012-10-31,Diesel,Manuelle,130,Euro 3,Gris,Monospace,USA,40000,17759.0
Peugeot,308,2008,216450,2011-11-14,Essence,Automatique,130,Euro 3,Bleu,Monospace,France,30000,10013.0
Ford,Fiesta,2009,22092,2011-08-11,Essence,Manuelle,150,Euro 3,Rouge,Break,Italie,18000,9805.0
Citroen,C3,2011,81070,2013-02-25,Diesel,Manuelle,150,Euro 4,Bleu,Berline,Japon,16000,9275.0
Ford,Fiesta,2021,149008,2021-06-07,Diesel,Manuelle,150,Euro 6,Rouge,Crossover,Allemagne,18000,15015.0
Hyundai,Tucson,2015,139380,2017-09-02,Gaz,Manuelle,150,Euro 5,Blanc,Crossover,USA,35000,22800.0
Hyundai,i20,2019,165405,2022-08-14,Hybride,Automatique,110,Euro 1,Bleu,Crossover,Allemagne,19500,17664.0
Volkswagen,Passat,2012,182375,2015-12-07,Diesel,Automatique,90,Euro 4,Gris,Break,Espagne,36000,17894.0
Toyota,Hilux,2011,131412,2013-01-04,Gaz,Automatique,150,Euro 4,Bleu,Crossover,France,45000,24000.0
BMW,Serie 5,2012,108684,2015-04-16,Gaz,Manuelle,130,Euro 4,Rouge,SUV,Italie,65000,36612.0
Hyundai,i20,2014,215611,2017-04-25,Gaz,Automatique,200,Euro 4,Gris,Berline,Allemagne,19500,12250.0
Tesla,Model S,2021,200789,2024-02-08,Electrique,Manuelle,130,Euro 1,Gris,Berline,Espagne,95000,71923.0
Peugeot,5008,2024,17082,2025-03-01,Diesel,Automatique,130,Euro 6,Gris,Monospace,Japon,42000,44847.0
BMW,X5,2015,235810,2016-10-19,Diesel,Automatique,90,Euro 5,Gris,Crossover,USA,80000,41450.0
Ford,Focus,2024,233587,2027-02-21,Hybride,Manuelle,110,Euro 1,Gris,Monospace,Allemagne,26000,23177.0
Tesla,Model 3,2010,97269,2011-07-14,Diesel,Manuelle,130,Euro 4,Rouge,Crossover,Allemagne,45000,22687.0
Hyundai,i20,2009,16827,2012-08-14,Diesel,Automatique,90,Euro 3,Noir,Monospace,USA,19500,12096.0
Audi,A3,2018,155786,2018-02-09,Gaz,Manuelle,200,Euro 5,Rouge,Berline,Espagne,34000,25125.0
Volkswagen,Golf,2013,245142,2015-07-20,Hybride,Manuelle,90,Euro 1,Gris,SUV,Espagne,25000,12427.0
Toyota,RAV4,2009,169984,2012-04-03,Essence,Automatique,90,Euro 3,Gris,Monospace,Japon,37000,15171.0
Citroen,C5 Aircross,2009,23345,2012-10-19,Essence,Manuelle,110,Euro 3,Blanc,SUV,Espagne,35000,18603.0
Kia,Ceed,2021,104170,2023-08-29,Hybride,Manuelle,150,Euro 1,Gris,SUV,Japon,23000,22275.0
Ford,Kuga,2018,70290,2021-10-29,Electrique,Manuelle,90,Euro 1,Noir,Crossover,Espagne,34000,29925.0
Citroen,C3,2011,211192,2012-08-25,Hybride,Manuelle,200,Euro 1,Blanc,Berline,USA,16000,8400.0
Hyundai,i20,2006,204224,2006-05-08,Essence,Automatique,150,Euro 3,Blanc,Berline,Italie,19500,5720.0
Ford,Focus,2013,103931,2016-11-12,Hybride,Manuelle,130,Euro 1,Rouge,SUV,Japon,26000,17271.0
Tesla,Model X,2020,71999,2020-06-18,Hybride,Manuelle,90,Euro 1,Rouge,Break,Espagne,120000,100359.0
Mercedes,GLC,2010,222063,2013-11-28,Gaz,Automatique,150,Euro 4,Gris,Berline,Allemagne,85000,32400.0
BMW,Serie 1,2010,29261,2011-09-13,Essence,Manuelle,110,Euro 4,Blanc,SUV,Italie,35000,19656.0
Toyota,RAV4,2023,243928,2026-12-31,Hybride,Manuelle,150,Euro 1,Rouge,Monospace,Japon,37000,30295.0
Tesla,Model S,2012,121240,2013-04-19,Gaz,Manuelle,110,Euro 4,Bleu,SUV,Italie,95000,50752.0
Audi,Q5,2019,31926,2021-12-09,Diesel,Automatique,150,Euro 5,Gris,Crossover,USA,65000,56170.0
Kia,Sportage,2021,207072,2021-05-20,Essence,Automatique,90,Euro 6,Blanc,Berline,Italie,34000,25489.0
Renault,Megane,2020,245275,2021-09-28,Essence,Automatique,130,Euro 6,Rouge,SUV,Allemagne,25000,17472.0
Toyota,Yaris,2005,132722,2006-11-16,Essence,Manuelle,110,Euro 3,Rouge,Crossover,France,19000,5730.0
Tesla,Model S,2012,218896,2014-10-04,Hybride,Manuelle,90,Euro 1,Blanc,SUV,France,95000,42527.0
Renault,Talisman,2005,221856,2007-05-20,Gaz,Manuelle,90,Euro 3,Gris,Crossover,Espagne,40000,8904.0
Hyundai,i20,2016,95654,2019-03-17,Gaz,Automatique,150,Euro 5,Gris,Berline,Espagne,19500,16415.0
Ford,Kuga,2021,14362,2021-08-14,Electrique,Manuelle,130,Euro 1,Blanc,Monospace,Espagne,34000,36270.0
Mercedes,Classe C,2010,239145,2011-02-22,Gaz,Manuelle,150,Euro 4,Rouge,Break,Italie,55000,20300.0
Toyota,Yaris,2005,153221,2005-05-29,Gaz,Manuelle,130,Euro 3,Noir,Berline,France,19000,6104.0
BMW,Serie 1,2018,215969,2021-06-17,Gaz,Automatique,110,Euro 5,Blanc,Crossover,Allemagne,35000,24156.0
Tesla,Model S,2007,143913,2010-12-08,Diesel,Manuelle,200,Euro 3,Gris,Berline,USA,95000,33950.0
BMW,Serie 5,2011,86856,2013-03-11,Diesel,Manuelle,110,Euro 4,Noir,Monospace,Espagne,65000,35033.0
Mercedes,Classe A,2014,230521,2016-04-24,Hybride,Automatique,130,Euro 1,Gris,Break,France,38000,20821.0
Toyota,Hilux,2014,190716,2015-02-08,Essence,Automatique,150,Euro 4,Gris,Berline,France,45000,24225.0
Ford,Kuga,2017,175023,2019-09-07,Hybride,Manuelle,90,Euro 1,Rouge,Berline,France,34000,23498.0
Peugeot,208,2013,120448,2013-10-26,Essence,Manuelle,90,Euro 4,Gris,Berline,France,18000,9845.0
BMW,Serie 5,2020,141807,2020-06-30,Diesel,Automatique,150,Euro 6,Gris,Berline,Espagne,65000,50690.0
Audi,A4,2008,82000,2010-04-28,Essence,Manuelle,200,Euro 3,Bleu,SUV,Allemagne,48000,21560.0
Volkswagen,Arteon,2023,228743,2026-11-18,Gaz,Manuelle,90,Euro 6,Gris,Break,Allemagne,48000,37800.0
Audi,A6,2023,28733,2024-01-15,Gaz,Automatique,110,Euro 6,Blanc,Berline,USA,72000,72770.0
BMW,Serie 3,2011,227527,2014-02-24,Gaz,Manuelle,110,Euro 4,Blanc,Break,Espagne,45000,18564.0
Hyundai,Tucson,2021,93819,2024-12-14,Diesel,Automatique,90,Euro 6,Blanc,SUV,Espagne,35000,31078.0
Volkswagen,Tiguan,2024,15886,2025-03-11,Electrique,Manuelle,200,Euro 1,Bleu,Monospace,Allemagne,40000,46530.0
Ford,Fiesta,2016,140878,2017-01-28,Diesel,Automatique,90,Euro 5,Rouge,Berline,Espagne,18000,12958.0
Renault,Megane,2020,99767,2021-01-27,Essence,Manuelle,150,Euro 6,Gris,Crossover,Espagne,25000,20145.0
Renault,Megane,2018,73317,2019-02-08,Gaz,Manuelle,130,Euro 5,Noir,Crossover,Japon,25000,20850.0
Mercedes,Classe A,2009,71343,2011-05-18,Gaz,Automatique,90,Euro 3,Noir,Crossover,Allemagne,38000,20352.0
Audi,A4,2019,86787,2022-02-02,Gaz,Automatique,130,Euro 5,Blanc,Break,Italie,48000,40656.0
Peugeot,5008,2020,215595,2021-08-15,Essence,Manuelle,110,Euro 6,Bleu,Monospace,France,42000,28207.0
BMW,Serie 1,2016,140749,2017-07-11,Essence,Automatique,90,Euro 5,Rouge,Berline,France,35000,22878.0
Tesla,Model X,2019,71629,2021-11-10,Electrique,Manuelle,200,Euro 1,Gris,Monospace,Allemagne,120000,99060.0
Toyota,Hilux,2023,117963,2023-04-23,Diesel,Automatique,130,Euro 6,Blanc,Crossover,Italie,45000,41538.0
Volkswagen,Passat,2019,175681,2019-01-26,Essence,Automatique,130,Euro 5,Rouge,Monospace,Espagne,36000,26044.0
Toyota,RAV4,2012,206295,2013-01-08,Essence,Manuelle,200,Euro 4,Rouge,Break,Japon,37000,16720.0
Citroen,C4,2010,44338,2011-07-29,Essence,Manuelle,200,Euro 4,Noir,SUV,Espagne,24000,13500.0
Citroen,C4,2015,99942,2016-09-05,Gaz,Automatique,150,Euro 5,Bleu,SUV,France,24000,18560.0
Dacia,Duster,2023,235636,2023-01-16,Diesel,Automatique,110,Euro 6,Noir,SUV,Espagne,19900,17020.0
Hyundai,Tucson,2024,60056,2024-07-02,Diesel,Automatique,150,Euro 6,Gris,Berline,Allemagne,35000,36190.0
Renault,Megane,2006,133109,2008-07-21,Diesel,Manuelle,90,Euro 3,Gris,Monospace,Japon,25000,8547.0
Tesla,Model X,2005,142546,2005-02-03,Diesel,Automatique,110,Euro 3,Blanc,Crossover,Italie,120000,35699.0
Peugeot,5008,2019,198189,2022-09-18,Gaz,Automatique,110,Euro 5,Rouge,Monospace,Espagne,42000,30756.0
Peugeot,208,2013,92419,2013-11-22,Hybride,Automatique,150,Euro 1,Rouge,Berline,Espagne,18000,14210.0
Citroen,C5 Aircross,2023,70220,2026-07-20,Hybride,Manuelle,90,Euro 1,Gris,Monospace,Japon,35000,35010.0
Toyota,Corolla,2008,24272,2009-11-06,Gaz,Manuelle,150,Euro 3,Noir,Break,Japon,28000,15500.0
BMW,Serie 5,2007,102009,2007-04-12,Diesel,Automatique,150,Euro 3,Rouge,Break,France,65000,26715.0
Toyota,RAV4,2008,236109,2008-12-06,Gaz,Manuelle,90,Euro 3,Gris,Break,France,37000,11426.0
Kia,Sportage,2019,176897,2022-10-08,Electrique,Manuelle,130,Euro 1,Noir,Monospace,Japon,34000,27404.0
Citroen,C4,2022,22430,2025-06-01,Hybride,Automatique,130,Euro 1,Blanc,Crossover,France,24000,27876.0
Volkswagen,Passat,2019,27830,2022-02-27,Essence,Manuelle,110,Euro 5,Gris,Break,Japon,36000,29963.0
Volkswagen,Arteon,2015,120321,2017-10-22,Essence,Automatique,150,Euro 5,Rouge,Break,USA,48000,30805.0
Citroen,C3,2013,35841,2014-02-19,Diesel,Manuelle,110,Euro 4,Noir,Crossover,Italie,16000,10944.0
Citroen,C5 Aircross,2022,94425,2023-11-05,Essence,Automatique,200,Euro 6,Bleu,SUV,France,35000,32300.0
Volkswagen,Tiguan,2015,178354,2015-11-20,Gaz,Automatique,90,Euro 5,Gris,Crossover,Italie,40000,24864.0
Audi,A4,2020,63451,2023-04-09,Essence,Manuelle,200,Euro 6,Rouge,Break,France,48000,40180.0
Renault,Megane,2018,129923,2020-07-31,Diesel,Automatique,200,Euro 5,Noir,Crossover,Italie,25000,20300.0
Ford,Fiesta,2005,232824,2006-01-29,Essence,Automatique,110,Euro 3,Gris,Crossover,Espagne,18000,4020.0
Toyota,RAV4,2023,77682,2024-09-14,Essence,Manuelle,90,Euro 6,Rouge,Break,Espagne,37000,33210.0
Mercedes,Classe A,2016,51341,2017-09-13,Gaz,Manuelle,90,Euro 5,Rouge,Break,France,38000,28684.0
Toyota,Hilux,2014,89424,2017-06-29,Gaz,Automatique,150,Euro 4,Rouge,Berline,Japon,45000,31000.0
Peugeot,5008,2022,88126,2024-10-11,Hybride,Manuelle,130,Euro 1,Blanc,Crossover,Espagne,42000,39818.0
Mercedes,Classe E,2012,171873,2015-01-09,Gaz,Automatique,150,Euro 4,Blanc,Berline,France,75000,37600.0
BMW,Serie 1,2010,175323,2013-07-13,Hybride,Automatique,110,Euro 1,Gris,Monospace,France,35000,16851.0
Peugeot,3008,2008,116319,2010-03-28,Gaz,Automatique,150,Euro 3,Noir,Break,Japon,35000,16400.0
Volkswagen,Tiguan,2024,122140,2024-08-16,Hybride,Automatique,130,Euro 1,Gris,SUV,Espagne,40000,40744.0
Peugeot,308,2007,38805,2009-02-15,Diesel,Automatique,110,Euro 3,Gris,Break,Japon,30000,15226.0
Toyota,Yaris,2021,15528,2022-02-08,Gaz,Automatique,150,Euro 6,Rouge,Crossover,Japon,19000,21600.0
BMW,X5,2006,206119,2006-02-11,Essence,Automatique,110,Euro 3,Rouge,Crossover,Allemagne,80000,21346.0
Toyota,Corolla,2008,164830,2009-12-09,Gaz,Automatique,130,Euro 3,Rouge,Break,France,28000,11808.0
Tesla,Model 3,2014,177906,2014-05-11,Gaz,Manuelle,90,Euro 4,Gris,Crossover,USA,45000,25122.0
Toyota,Yaris,2023,205411,2025-08-24,Essence,Automatique,110,Euro 6,Bleu,SUV,USA,19000,16247.0
BMW,Serie 1,2018,175985,2021-09-04,Essence,Automatique,200,Euro 5,Gris,Break,France,35000,24700.0
Tesla,Model S,2011,211675,2012-09-30,Diesel,Automatique,150,Euro 4,Blanc,SUV,Espagne,95000,39400.0
Peugeot,308,2012,145228,2012-11-27,Essence,Automatique,130,Euro 4,Bleu,Monospace,Japon,30000,16150.0
Hyundai,i30,2005,216873,2007-06-04,Diesel,Manuelle,200,Euro 3,Blanc,Berline,France,22000,5280.0
Hyundai,i20,2024,200292,2025-07-19,Electrique,Manuelle,130,Euro 1,Blanc,Berline,Allemagne,19500,20640.0
BMW,Serie 1,2009,177146,2009-03-26,Gaz,Manuelle,150,Euro 3,Noir,Berline,Italie,35000,14440.0
Ford,Focus,2015,25446,2015-07-26,Gaz,Manuelle,110,Euro 5,Blanc,Monospace,Espagne,26000,20306.0
Hyundai,i20,2015,189078,2018-11-25,Gaz,Manuelle,200,Euro 5,Noir,Break,Allemagne,19500,12650.0
Peugeot,5008,2023,217627,2026-07-02,Essence,Automatique,200,Euro 6,Rouge,Break,Espagne,42000,34200.0
Mercedes,Classe E,2008,174147,2011-05-12,Essence,Manuelle,130,Euro 3,Rouge,Monospace,France,75000,26355.0
Dacia,Duster,2009,16889,2012-06-03,Gaz,Manuelle,90,Euro 3,Rouge,Crossover,USA,19900,12042.0
Kia,Sportage,2010,195760,2010-12-23,Gaz,Manuelle,150,Euro 4,Noir,Break,Espagne,34000,14430.0
Audi,A4,2011,150074,2014-05-21,Diesel,Automatique,150,Euro 4,Gris,Break,Espagne,48000,23690.0
Peugeot,308,2013,53462,2013-11-21,Gaz,Automatique,90,Euro 4,Noir,Crossover,Japon,30000,21328.0
Kia,Ceed,2023,131698,2023-05-06,Gaz,Manuelle,150,Euro 6,Blanc,Monospace,Allemagne,23000,21840.0
BMW,Serie 3,2020,43473,2023-10-04,Hybride,Manuelle,110,Euro 1,Bleu,Monospace,France,45000,41244.0
Hyundai,Tucson,2024,242297,2024-04-19,Diesel,Manuelle,110,Euro 6,Blanc,SUV,Japon,35000,27436.0
Volkswagen,Arteon,2007,108238,2008-04-04,Gaz,Automatique,130,Euro 3,Bleu,Crossover,Allemagne,48000,20592.0
Audi,A4,2013,151046,2014-08-25,Gaz,Automatique,150,Euro 4,Rouge,SUV,France,48000,27560.0
Audi,Q5,2005,104353,2005-11-12,Diesel,Manuelle,130,Euro 3,Rouge,Break,Espagne,65000,21879.0
Volkswagen,Golf,2020,222440,2021-02-02,Gaz,Manuelle,200,Euro 6,Gris,SUV,Japon,25000,18810.0
Dacia,Duster,2014,229722,2017-01-13,Hybride,Automatique,150,Euro 1,Gris,Berline,France,19900,12672.0
Dacia,Spring,2023,166523,2026-09-05,Essence,Automatique,130,Euro 6,Blanc,SUV,USA,22000,19683.0
Tesla,Model X,2007,144254,2009-07-07,Essence,Automatique,90,Euro 3,Blanc,Crossover,Espagne,120000,42665.0
Citroen,C5 Aircross,2013,51712,2016-12-09,Gaz,Automatique,130,Euro 4,Bleu,Break,France,35000,24676.0
Mercedes,Classe A,2014,244202,2017-02-23,Gaz,Automatique,110,Euro 4,Rouge,Break,Allemagne,38000,19596.0
Ford,Fiesta,2014,11043,2016-01-18,Diesel,Automatique,130,Euro 4,Noir,SUV,France,18000,14697.0
Audi,A4,2020,49231,2023-11-20,Gaz,Manuelle,200,Euro 6,Blanc,Crossover,Espagne,48000,43260.0
Ford,Kuga,2007,80745,2008-07-22,Gaz,Automatique,130,Euro 3,Bleu,Berline,France,34000,15908.0
Citroen,C5 Aircross,2023,242312,2024-10-21,Essence,Automatique,150,Euro 6,Rouge,Berline,Allemagne,35000,27375.0
Kia,Rio,2005,195641,2008-01-13,Diesel,Automatique,200,Euro 3,Noir,SUV,Allemagne,18900,5496.0
Dacia,Spring,2015,204980,2017-07-31,Diesel,Automatique,130,Euro 5,Noir,Monospace,Allemagne,22000,13409.0
Toyota,RAV4,2024,234067,2027-11-04,Essence,Automatique,110,Euro 6,Blanc,Monospace,France,37000,30107.0
Dacia,Sandero,2008,44866,2008-09-02,Diesel,Manuelle,90,Euro 3,Noir,Berline,Allemagne,15900,8064.0
Volkswagen,Golf,2005,71516,2008-12-06,Essence,Manuelle,110,Euro 3,Gris,SUV,USA,25000,9036.0
BMW,X5,2024,53147,2027-01-03,Essence,Automatique,90,Euro 6,Bleu,Break,Italie,80000,77805.0
Mercedes,Classe C,2016,44990,2018-05-05,Diesel,Automatique,110,Euro 5,Gris,SUV,Allemagne,55000,41832.0
Kia,Rio,2011,186097,2013-12-01,Hybride,Automatique,130,Euro 1,Blanc,Crossover,France,18900,10836.0
Kia,Rio,2006,65501,2009-06-24,Diesel,Manuelle,130,Euro 3,Blanc,Berline,Italie,18900,8080.0
Audi,Q5,2009,38503,2010-02-22,Diesel,Manuelle,110,Euro 3,Noir,Crossover,Allemagne,65000,34372.0
Peugeot,208,2007,109485,2007-05-18,Gaz,Manuelle,110,Euro 3,Rouge,Berline,Italie,18000,8034.0
Audi,Q5,2017,71140,2018-08-14,Diesel,Automatique,130,Euro 5,Blanc,Berline,USA,65000,49176.0
Renault,Talisman,2018,89109,2021-07-26,Diesel,Automatique,150,Euro 5,Rouge,Monospace,Allemagne,40000,32190.0
Citroen,C4,2016,86228,2017-12-21,Gaz,Automatique,200,Euro 5,Rouge,Monospace,France,24000,20060.0
Citroen,C5 Aircross,2015,47557,2017-06-11,Diesel,Automatique,110,Euro 5,Rouge,Crossover,France,35000,26289.0
Kia,Sportage,2016,65246,2019-12-22,Hybride,Automatique,130,Euro 1,Noir,Monospace,USA,34000,28210.0
Peugeot,3008,2011,175017,2012-04-08,Essence,Manuelle,130,Euro 4,Gris,Monospace,Italie,35000,15532.0
Ford,Fiesta,2018,11704,2018-01-27,Gaz,Manuelle,150,Euro 5,Gris,Crossover,USA,18000,17010.0
BMW,Serie 1,2022,247311,2023-11-02,Hybride,Manuelle,200,Euro 1,Noir,Break,Espagne,35000,28000.0
Volkswagen,Passat,2007,29180,2008-05-11,Essence,Automatique,200,Euro 3,Blanc,Berline,Allemagne,36000,18330.0
Mercedes,Classe E,2016,202142,2019-04-14,Hybride,Manuelle,150,Euro 1,Rouge,Monospace,Japon,75000,44520.0
Kia,Ceed,2021,21623,2022-01-19,Hybride,Manuelle,130,Euro 1,Noir,Break,Italie,23000,24297.0
Volkswagen,Golf,2010,20134,2010-06-03,Gaz,Automatique,110,Euro 4,Blanc,Monospace,France,25000,16576.0
Kia,Ceed,2008,142535,2008-12-05,Diesel,Automatique,90,Euro 3,Gris,Berline,Italie,23000,9842.0
Peugeot,3008,2008,38942,2011-02-05,Essence,Automatique,110,Euro 3,Noir,Break,Allemagne,35000,18179.0
Audi,A4,2014,164087,2015-10-18,Hybride,Manuelle,150,Euro 1,Bleu,Crossover,USA,48000,28350.0
Volkswagen,Tiguan,2005,195452,2005-06-20,Essence,Manuelle,90,Euro 3,Noir,SUV,USA,40000,9576.0
Kia,Rio,2011,135457,2013-02-23,Essence,Automatique,130,Euro 4,Rouge,Monospace,Japon,18900,10176.0
Toyota,RAV4,2018,86453,2020-10-08,Essence,Automatique,150,Euro 5,Bleu,Monospace,France,37000,29230.0
Ford,Focus,2015,31146,2016-02-29,Essence,Manuelle,110,Euro 5,Blanc,Break,Espagne,26000,18270.0
Audi,Q5,2020,100059,2023-12-15,Gaz,Automatique,90,Euro 6,Noir,SUV,Espagne,65000,54132.0
Dacia,Sandero,2019,56060,2019-11-05,Gaz,Manuelle,150,Euro 5,Blanc,Berline,Italie,15900,15120.0
Peugeot,208,2018,66871,2018-10-21,Essence,Manuelle,130,Euro 5,Blanc,Break,Allemagne,18000,13908.0
Hyundai,i20,2024,87422,2026-07-15,Gaz,Automatique,150,Euro 6,Noir,Monospace,Italie,19500,22540.0
Toyota,Hilux,2016,38419,2017-11-23,Gaz,Automatique,130,Euro 5,Noir,Monospace,Allemagne,45000,36354.0
Renault,Clio,2008,161569,2011-10-19,Diesel,Automatique,90,Euro 3,Bleu,SUV,Allemagne,17000,7164.0
BMW,Serie 1,2011,163185,2012-01-16,Hybride,Manuelle,200,Euro 1,Gris,Monospace,Japon,35000,18000.0
Mercedes,Classe A,2014,199723,2015-01-07,Gaz,Automatique,110,Euro 4,Noir,SUV,USA,38000,21726.0
Hyundai,Tucson,2015,26459,2016-07-13,Essence,Manuelle,200,Euro 5,Rouge,Monospace,Allemagne,35000,25560.0
Volkswagen,Passat,2022,75569,2023-06-05,Diesel,Automatique,110,Euro 6,Bleu,Break,France,36000,34017.0
Toyota,RAV4,2021,141326,2024-04-16,Essence,Manuelle,200,Euro 6,Blanc,Break,France,37000,29260.0
Ford,Fiesta,2017,237860,2020-07-01,Diesel,Automatique,200,Euro 5,Bleu,Berline,USA,18000,12320.0
Peugeot,5008,2010,149616,2012-08-07,Diesel,Automatique,130,Euro 4,Noir,Berline,Japon,42000,19932.0
Hyundai,i30,2021,212333,2021-09-05,Hybride,Manuelle,150,Euro 1,Rouge,SUV,France,22000,18550.0
Kia,Rio,2018,197018,2019-07-06,Hybride,Automatique,90,Euro 1,Noir,Berline,Allemagne,18900,15624.0
Mercedes,GLC,2017,132989,2019-03-31,Essence,Automatique,200,Euro 5,Rouge,Break,Espagne,85000,58080.0
Peugeot,5008,2012,125156,2015-07-24,Hybride,Automatique,90,Euro 1,Blanc,Crossover,Italie,42000,24908.0
Ford,Fiesta,2016,42673,2018-04-22,Gaz,Automatique,200,Euro 5,Bleu,Break,Espagne,18000,16920.0
Citroen,C5 Aircross,2017,175474,2020-04-19,Essence,Manuelle,110,Euro 5,Rouge,Crossover,Japon,35000,21762.0
Mercedes,Classe C,2022,126760,2025-02-22,Electrique,Automatique,110,Euro 1,Noir,SUV,Espagne,55000,51742.0
BMW,Serie 3,2014,234334,2015-01-15,Hybride,Manuelle,150,Euro 1,Blanc,SUV,USA,45000,23265.0
Mercedes,GLC,2019,169996,2021-12-23,Hybride,Automatique,200,Euro 1,Noir,Monospace,France,85000,63480.0
Mercedes,Classe C,2015,41909,2016-09-24,Diesel,Automatique,110,Euro 5,Gris,SUV,Espagne,55000,40089.0
BMW,X5,2020,51290,2021-09-17,Essence,Manuelle,90,Euro 6,Noir,Crossover,USA,80000,66317.0
Ford,Fiesta,2012,146552,2012-03-03,Essence,Automatique,200,Euro 4,Blanc,SUV,France,18000,10500.0
Toyota,Yaris,2012,19161,2012-03-23,Gaz,Manuelle,150,Euro 4,Noir,SUV,Espagne,19000,13860.0
Renault,Clio,2014,127618,2014-04-29,Diesel,Manuelle,130,Euro 4,Gris,Berline,Italie,17000,10614.0
Mercedes,Classe C,2007,28667,2008-05-01,Essence,Automatique,150,Euro 3,Gris,Monospace,Allemagne,55000,27025.0
Mercedes,Classe C,2021,211872,2022-12-26,Gaz,Automatique,110,Euro 6,Bleu,Break,Japon,55000,41720.0
Toyota,Yaris,2011,236617,2012-04-01,Gaz,Automatique,90,Euro 4,Gris,Monospace,Japon,19000,8892.0
Citroen,C3,2017,152756,2019-03-09,Hybride,Manuelle,110,Euro 1,Noir,Monospace,Espagne,16000,12864.0
Audi,A4,2016,110182,2019-05-23,Gaz,Automatique,150,Euro 5,Rouge,Break,USA,48000,34450.0
Tesla,Model 3,2007,248952,2010-02-10,Diesel,Automatique,150,Euro 3,Rouge,Berline,USA,45000,12125.0
Volkswagen,Golf,2020,192487,2021-07-13,Electrique,Manuelle,130,Euro 1,Noir,Break,Espagne,25000,21597.0
BMW,X5,2009,32347,2011-05-03,Gaz,Automatique,130,Euro 3,Rouge,Break,Japon,80000,44096.0
Renault,Talisman,2005,25353,2008-03-30,Gaz,Automatique,90,Euro 3,Bleu,Berline,France,40000,18204.0
Kia,Rio,2018,233840,2021-09-24,Gaz,Automatique,90,Euro 5,Blanc,Berline,Japon,18900,13747.0
Tesla,Model X,2019,52554,2020-04-02,Hybride,Automatique,150,Euro 1,Gris,Berline,Espagne,120000,101200.0
Peugeot,3008,2008,76107,2010-07-03,Essence,Automatique,130,Euro 3,Blanc,SUV,Italie,35000,16785.0
Peugeot,208,2014,170511,2015-01-12,Essence,Automatique,200,Euro 4,Gris,Berline,Espagne,18000,11130.0
Peugeot,208,2006,88101,2007-05-29,Gaz,Manuelle,110,Euro 3,Noir,Monospace,Japon,18000,7828.0
Tesla,Model X,2022,125428,2025-02-06,Diesel,Automatique,130,Euro 6,Bleu,Break,France,120000,101106.0
Mercedes,GLC,2012,23377,2012-04-25,Hybride,Automatique,200,Euro 1,Bleu,SUV,USA,85000,57040.0
Kia,Rio,2016,182217,2016-11-07,Diesel,Manuelle,90,Euro 5,Rouge,Monospace,Espagne,18900,11484.0
BMW,Serie 5,2016,190895,2016-04-22,Diesel,Automatique,150,Euro 5,Rouge,Break,Espagne,65000,39045.0
Kia,Sportage,2017,88785,2018-04-21,Hybride,Manuelle,110,Euro 1,Noir,Monospace,Japon,34000,27051.0
Toyota,Corolla,2006,59082,2007-05-28,Gaz,Automatique,90,Euro 3,Noir,Monospace,France,28000,13284.0
Peugeot,308,2010,167907,2013-08-03,Diesel,Automatique,150,Euro 4,Gris,SUV,USA,30000,14070.0
BMW,Serie 1,2014,195205,2016-10-27,Diesel,Automatique,200,Euro 4,Bleu,Monospace,Japon,35000,19890.0
Ford,Kuga,2015,72594,2016-12-12,Essence,Automatique,90,Euro 5,Rouge,Crossover,Allemagne,34000,23694.0
Dacia,Sandero,2010,49438,2012-05-01,Essence,Automatique,130,Euro 4,Gris,SUV,Italie,15900,9828.0
Renault,Clio,2011,147472,2013-02-18,Gaz,Manuelle,200,Euro 4,Rouge,Break,Italie,17000,9635.0
Kia,Sportage,2024,112115,2025-04-07,Gaz,Automatique,130,Euro 6,Rouge,Break,Allemagne,34000,34532.0
Hyundai,i20,2006,87213,2007-09-28,Gaz,Manuelle,150,Euro 3,Rouge,Monospace,USA,19500,8550.0
Dacia,Duster,2009,168272,2011-11-06,Gaz,Automatique,150,Euro 3,Rouge,Break,Espagne,19900,9711.0
Kia,Sportage,2011,68727,2013-10-20,Hybride,Manuelle,110,Euro 1,Blanc,Break,Japon,34000,20955.0
BMW,Serie 5,2013,53047,2014-03-08,Gaz,Manuelle,150,Euro 4,Gris,SUV,Espagne,65000,42160.0
Volkswagen,Passat,2023,104669,2025-10-23,Gaz,Manuelle,200,Euro 6,Blanc,SUV,Italie,36000,34365.0
Peugeot,208,2015,133939,2015-12-01,Diesel,Manuelle,200,Euro 5,Rouge,Monospace,Italie,18000,12000.0
Peugeot,3008,2014,104942,2017-09-24,Diesel,Manuelle,130,Euro 4,Noir,Break,France,35000,21780.0
Volkswagen,Tiguan,2013,39675,2014-06-25,Essence,Automatique,130,Euro 4,Rouge,Break,Japon,40000,27072.0
Mercedes,Classe A,2006,132781,2009-05-25,Essence,Automatique,130,Euro 3,Gris,SUV,France,38000,13299.0
BMW,X5,2009,144043,2009-05-23,Diesel,Manuelle,150,Euro 3,Blanc,SUV,Japon,80000,33415.0
Hyundai,i20,2010,61228,2012-10-07,Diesel,Automatique,130,Euro 4,Gris,Break,Allemagne,19500,11856.0
Dacia,Duster,2018,200903,2021-09-17,Hybride,Manuelle,150,Euro 1,Gris,Berline,USA,19900,15128.0
Toyota,Yaris,2008,113461,2010-02-21,Essence,Automatique,130,Euro 3,Gris,Berline,Allemagne,19000,8733.0
Hyundai,i30,2011,111269,2013-09-29,Diesel,Automatique,110,Euro 4,Gris,Berline,Italie,22000,12550.0
Dacia,Sandero,2012,129371,2014-07-04,Diesel,Manuelle,110,Euro 4,Bleu,Break,USA,15900,8840.0
Toyota,Corolla,2017,94362,2018-01-28,Diesel,Manuelle,110,Euro 5,Blanc,Crossover,Espagne,28000,20370.0
Renault,Captur,2006,43828,2009-04-27,Diesel,Manuelle,90,Euro 3,Blanc,SUV,USA,28000,12138.0
Tesla,Model S,2014,167494,2014-04-08,Essence,Automatique,150,Euro 4,Noir,Crossover,France,95000,52650.0
Renault,Clio,2010,182092,2011-05-09,Essence,Automatique,90,Euro 4,Rouge,Crossover,Espagne,17000,7560.0
Dacia,Sandero,2005,116667,2007-07-26,Gaz,Automatique,200,Euro 3,Blanc,Break,Espagne,15900,6848.0
Citroen,C5 Aircross,2018,142375,2019-10-13,Hybride,Automatique,90,Euro 1,Rouge,SUV,Espagne,35000,27812.0
Mercedes,Classe C,2007,242037,2008-02-21,Diesel,Manuelle,90,Euro 3,Blanc,Monospace,Italie,55000,13975.0
Renault,Megane,2021,203037,2024-07-13,Essence,Automatique,90,Euro 6,Noir,Berline,Italie,25000,19099.0
Citroen,C3,2015,209617,2016-09-02,Diesel,Automatique,110,Euro 5,Noir,SUV,Japon,16000,10123.0
Audi,A3,2017,100430,2019-08-12,Gaz,Automatique,90,Euro 5,Blanc,Break,Allemagne,34000,26496.0
Audi,A4,2020,173261,2020-04-08,Gaz,Manuelle,150,Euro 6,Noir,Monospace,Japon,48000,36210.0
Ford,Fiesta,2019,186834,2019-10-12,Gaz,Manuelle,90,Euro 5,Bleu,Berline,Allemagne,18000,13668.0
Citroen,C5 Aircross,2007,216931,2010-01-05,Diesel,Automatique,90,Euro 3,Noir,Monospace,Japon,35000,10612.0
BMW,Serie 5,2024,94627,2025-06-18,Electrique,Automatique,200,Euro 1,Rouge,SUV,USA,65000,67340.0
Toyota,Hilux,2007,198275,2007-04-17,Gaz,Manuelle,130,Euro 3,Gris,Monospace,Allemagne,45000,14340.0
Volkswagen,Arteon,2006,163334,2009-12-27,Diesel,Automatique,150,Euro 3,Bleu,SUV,Japon,48000,15450.0
Toyota,Yaris,2014,137920,2017-07-30,Hybride,Manuelle,130,Euro 1,Bleu,Berline,Allemagne,19000,13281.0
Kia,Sportage,2015,235911,2015-07-09,Essence,Automatique,200,Euro 5,Noir,Break,Japon,34000,18500.0
Ford,Kuga,2005,141153,2006-10-07,Diesel,Automatique,90,Euro 3,Blanc,Berline,Espagne,34000,10701.0
Mercedes,GLC,2012,177306,2014-05-19,Essence,Automatique,90,Euro 4,Blanc,Crossover,France,85000,40843.0
Renault,Captur,2013,139015,2013-03-19,Essence,Manuelle,110,Euro 4,Noir,Break,Allemagne,28000,15174.0
BMW,X5,2023,65003,2025-08-29,Gaz,Manuelle,150,Euro 6,Rouge,Monospace,Allemagne,80000,75530.0
Toyota,Corolla,2016,61834,2018-05-04,Gaz,Automatique,90,Euro 5,Noir,Crossover,Italie,28000,22680.0
Volkswagen,Tiguan,2009,67855,2011-03-22,Essence,Automatique,200,Euro 3,Blanc,Break,Espagne,40000,21070.0
Peugeot,5008,2023,126603,2024-03-06,Hybride,Automatique,150,Euro 1,Bleu,Monospace,Espagne,42000,41225.0
BMW,Serie 5,2008,147992,2010-09-02,Essence,Manuelle,200,Euro 3,Blanc,Monospace,Espagne,65000,25080.0
Ford,Fiesta,2014,248488,2016-07-06,Hybride,Manuelle,200,Euro 1,Noir,SUV,Espagne,18000,10580.0
Ford,Focus,2019,52405,2019-02-19,Diesel,Manuelle,110,Euro 5,Noir,Monospace,Italie,26000,21680.0
Kia,Ceed,2010,108609,2013-03-19,Essence,Manuelle,200,Euro 4,Bleu,Break,France,23000,11520.0
Renault,Talisman,2007,232223,2009-09-27,Gaz,Manuelle,150,Euro 3,Rouge,Crossover,Italie,40000,11180.0
BMW,Serie 5,2017,51735,2018-05-28,Hybride,Automatique,150,Euro 1,Rouge,Break,France,65000,52910.0
Kia,Sportage,2006,233091,2009-11-27,Essence,Manuelle,150,Euro 3,Noir,SUV,Japon,34000,7935.0
Peugeot,308,2006,130608,2007-02-06,Diesel,Manuelle,150,Euro 3,Blanc,Berline,USA,30000,10395.0
Volkswagen,Golf,2022,164047,2022-01-25,Diesel,Automatique,150,Euro 6,Bleu,SUV,France,25000,22230.0
Renault,Talisman,2015,194625,2015-06-06,Diesel,Automatique,110,Euro 5,Blanc,SUV,Espagne,40000,23274.0
Dacia,Duster,2013,58392,2013-01-20,Diesel,Automatique,150,Euro 4,Noir,Berline,France,19900,14508.0
Volkswagen,Arteon,2019,121660,2019-01-30,Electrique,Automatique,150,Euro 1,Noir,Break,Japon,48000,41245.0
Ford,Fiesta,2018,69714,2021-02-22,Electrique,Automatique,200,Euro 1,Blanc,Monospace,Espagne,18000,20520.0
Volkswagen,Arteon,2012,202114,2013-02-02,Gaz,Manuelle,90,Euro 4,Rouge,Crossover,USA,48000,22176.0
BMW,Serie 5,2012,20820,2015-01-12,Gaz,Automatique,110,Euro 4,Gris,Crossover,Espagne,65000,43152.0
Renault,Clio,2022,153648,2023-03-19,Essence,Manuelle,110,Euro 6,Rouge,Berline,Espagne,17000,13509.0
Tesla,Model 3,2007,249518,2007-04-19,Diesel,Automatique,150,Euro 3,Rouge,Berline,France,45000,12125.0
Citroen,C3,2015,178613,2015-03-20,Essence,Automatique,150,Euro 5,Noir,Berline,France,16000,10360.0
Volkswagen,Golf,2019,19194,2019-01-03,Electrique,Manuelle,110,Euro 1,Noir,Monospace,Allemagne,25000,26124.0
Ford,Focus,2021,228766,2022-04-04,Electrique,Manuelle,150,Euro 1,Noir,Break,USA,26000,22425.0
Citroen,C3,2016,148062,2017-01-01,Diesel,Automatique,110,Euro 5,Bleu,Crossover,USA,16000,11842.0
Hyundai,Tucson,2007,11717,2009-11-27,Gaz,Automatique,130,Euro 3,Blanc,Break,Allemagne,35000,19104.0
Mercedes,Classe E,2023,186670,2024-02-26,Hybride,Manuelle,90,Euro 1,Blanc,Crossover,France,75000,62331.0
Kia,Sportage,2017,162849,2019-12-22,Hybride,Manuelle,200,Euro 1,Bleu,Crossover,Italie,34000,24570.0
Mercedes,GLC,2012,180974,2012-01-23,Hybride,Automatique,150,Euro 1,Blanc,Break,USA,85000,42090.0
Ford,Fiesta,2005,62778,2007-12-17,Gaz,Automatique,110,Euro 3,Gris,Break,USA,18000,8362.0
Hyundai,Tucson,2018,85564,2020-09-02,Essence,Automatique,200,Euro 5,Bleu,Berline,Allemagne,35000,28120.0
BMW,Serie 3,2017,16102,2020-09-18,Diesel,Manuelle,110,Euro 5,Noir,Break,France,45000,35958.0
Toyota,RAV4,2015,228980,2016-11-05,Hybride,Manuelle,110,Euro 1,Blanc,Monospace,Italie,37000,20961.0
Renault,Captur,2015,235869,2018-04-08,Diesel,Automatique,90,Euro 5,Bleu,Crossover,Japon,28000,15450.0
Audi,A3,2005,93585,2007-12-24,Essence,Automatique,130,Euro 3,Blanc,SUV,USA,34000,12342.0
Hyundai,i20,2014,41294,2015-04-19,Hybride,Automatique,130,Euro 1,Rouge,Crossover,Japon,19500,17028.0
Mercedes,Classe E,2016,225503,2019-05-25,Essence,Manuelle,90,Euro 5,Noir,Berline,Japon,75000,40446.0
Hyundai,i30,2009,19692,2011-06-07,Essence,Manuelle,130,Euro 3,Gris,Crossover,Japon,22000,12042.0
Audi,A3,2007,41102,2010-05-01,Diesel,Manuelle,130,Euro 3,Noir,Monospace,Italie,34000,15885.0
Ford,Fiesta,2021,201877,2021-06-15,Diesel,Automatique,110,Euro 6,Bleu,Berline,Espagne,18000,14981.0
Citroen,C3,2012,156100,2014-05-15,Essence,Manuelle,110,Euro 4,Rouge,Break,Espagne,16000,7889.0
Volkswagen,Arteon,2019,75804,2022-01-27,Diesel,Manuelle,150,Euro 5,Bleu,Crossover,Allemagne,48000,38610.0
Renault,Talisman,2021,79373,2021-04-08,Gaz,Automatique,150,Euro 6,Gris,Monospace,France,40000,37800.0
Hyundai,i30,2007,151820,2010-11-28,Essence,Automatique,130,Euro 3,Bleu,Crossover,Japon,22000,8262.0
Peugeot,5008,2018,174053,2019-01-14,Gaz,Manuelle,150,Euro 5,Gris,Crossover,France,42000,29250.0
Kia,Sportage,2009,240953,2012-09-26,Gaz,Manuelle,110,Euro 3,Noir,SUV,France,34000,11346.0
Ford,Fiesta,2008,63848,2011-04-23,Essence,Automatique,130,Euro 3,Noir,Monospace,France,18000,9338.0
Citroen,C5 Aircross,2015,20962,2015-04-15,Gaz,Manuelle,90,Euro 5,Bleu,Crossover,Allemagne,35000,26554.0
Mercedes,Classe C,2024,69466,2026-12-13,Essence,Manuelle,110,Euro 6,Gris,Berline,Espagne,55000,51794.0
Mercedes,Classe E,2019,33717,2021-07-18,Essence,Manuelle,150,Euro 5,Bleu,Break,USA,75000,61910.0
Mercedes,Classe C,2005,29492,2006-04-24,Gaz,Manuelle,200,Euro 3,Bleu,Break,Italie,55000,23985.0
Toyota,Corolla,2016,173568,2016-05-02,Hybride,Automatique,110,Euro 1,Rouge,SUV,Allemagne,28000,20119.0
Audi,Q5,2018,40040,2018-04-26,Electrique,Automatique,90,Euro 1,Blanc,Break,Allemagne,65000,56862.0
Dacia,Duster,2014,45115,2016-09-02,Diesel,Automatique,130,Euro 4,Bleu,SUV,Espagne,19900,15312.0
BMW,Serie 5,2018,138422,2018-11-06,Electrique,Automatique,130,Euro 1,Noir,Monospace,Allemagne,65000,50577.0
BMW,Serie 5,2015,82782,2016-07-10,Essence,Automatique,110,Euro 5,Rouge,Break,France,65000,43615.0
Peugeot,5008,2018,162545,2021-03-18,Gaz,Manuelle,130,Euro 5,Noir,Berline,Italie,42000,29568.0
Ford,Fiesta,2018,240464,2019-09-14,Electrique,Automatique,90,Euro 1,Rouge,Crossover,USA,18000,15022.0
Hyundai,Tucson,2014,205528,2016-09-02,Gaz,Manuelle,150,Euro 4,Noir,Break,Espagne,35000,19000.0
Peugeot,308,2010,165711,2012-10-15,Diesel,Automatique,200,Euro 4,Noir,Break,Japon,30000,14280.0
Hyundai,i20,2006,182328,2007-11-28,Essence,Manuelle,200,Euro 3,Bleu,Break,USA,19500,5740.0
Audi,A3,2021,90274,2022-12-30,Electrique,Automatique,110,Euro 1,Noir,Crossover,Espagne,34000,34522.0
Dacia,Duster,2014,22585,2014-10-11,Gaz,Manuelle,130,Euro 4,Blanc,Break,Japon,19900,15436.0
Kia,Ceed,2020,196987,2022-06-24,Hybride,Manuelle,90,Euro 1,Blanc,SUV,USA,23000,18561.0
Audi,A6,2005,117998,2007-05-21,Essence,Automatique,150,Euro 3,Noir,Berline,Espagne,72000,23840.0
Toyota,Corolla,2023,72331,2025-04-09,Essence,Manuelle,150,Euro 6,Bleu,Crossover,Allemagne,28000,25650.0
Toyota,Yaris,2007,33493,2010-09-05,Gaz,Automatique,110,Euro 3,Blanc,Break,Japon,19000,10856.0
BMW,X5,2006,96238,2007-03-16,Essence,Automatique,90,Euro 3,Noir,SUV,Allemagne,80000,30303.0
Volkswagen,Arteon,2009,37598,2011-03-22,Gaz,Automatique,150,Euro 3,Blanc,SUV,Allemagne,48000,27560.0
Peugeot,208,2014,112049,2015-09-06,Essence,Manuelle,110,Euro 4,Blanc,Monospace,USA,18000,10679.0
Toyota,Hilux,2017,34031,2017-03-06,Gaz,Automatique,90,Euro 5,Gris,Crossover,USA,45000,37544.0
Dacia,Spring,2013,43314,2015-09-17,Hybride,Manuelle,150,Euro 1,Rouge,Crossover,Japon,22000,16695.0
BMW,Serie 1,2015,167350,2018-02-26,Hybride,Manuelle,110,Euro 1,Rouge,Monospace,Italie,35000,22287.0
Kia,Rio,2020,168869,2022-06-02,Gaz,Automatique,110,Euro 6,Bleu,SUV,USA,18900,16920.0
Citroen,C4,2008,109495,2009-06-05,Diesel,Manuelle,130,Euro 3,Blanc,Crossover,Espagne,24000,10626.0
BMW,Serie 1,2011,181783,2012-10-06,Diesel,Manuelle,130,Euro 4,Blanc,Berline,Italie,35000,15609.0
Tesla,Model X,2024,90180,2027-03-02,Gaz,Automatique,110,Euro 6,Gris,SUV,Italie,120000,113386.0
Audi,A3,2011,165246,2013-04-11,Essence,Automatique,90,Euro 4,Rouge,Monospace,France,34000,16155.0
Ford,Fiesta,2014,44695,2014-06-20,Gaz,Manuelle,200,Euro 4,Bleu,SUV,France,18000,14190.0
Kia,Ceed,2019,108240,2022-08-15,Gaz,Manuelle,90,Euro 5,Bleu,Break,Allemagne,23000,19050.0
Hyundai,Tucson,2010,44899,2010-12-21,Diesel,Manuelle,200,Euro 4,Gris,Monospace,Japon,35000,19980.0
Tesla,Model X,2020,142516,2020-10-28,Electrique,Automatique,90,Euro 1,Blanc,Monospace,Espagne,120000,94646.0
Tesla,Model S,2019,118187,2019-07-24,Electrique,Automatique,110,Euro 1,Blanc,Crossover,Allemagne,95000,76294.0
Hyundai,i20,2021,10416,2024-11-25,Gaz,Manuelle,110,Euro 6,Gris,Crossover,USA,19500,19890.0
Volkswagen,Passat,2020,94876,2021-03-13,Essence,Automatique,200,Euro 6,Gris,SUV,Italie,36000,30810.0
BMW,Serie 3,2019,225007,2021-01-13,Hybride,Manuelle,150,Euro 1,Noir,SUV,USA,45000,31185.0
Tesla,Model S,2018,145453,2020-08-09,Hybride,Automatique,200,Euro 1,Noir,Crossover,Espagne,95000,69360.0
Hyundai,Tucson,2012,47534,2013-12-17,Diesel,Automatique,130,Euro 4,Noir,Crossover,Italie,35000,22980.0
Audi,A4,2008,146610,2011-08-05,Diesel,Automatique,200,Euro 3,Gris,Crossover,Japon,48000,19760.0
Renault,Captur,2009,148571,2010-03-04,Diesel,Manuelle,90,Euro 3,Gris,Crossover,Japon,28000,11849.0
Volkswagen,Golf,2011,232897,2011-11-05,Diesel,Automatique,130,Euro 4,Noir,SUV,Japon,25000,10754.0
Dacia,Sandero,2019,138699,2020-05-12,Gaz,Automatique,130,Euro 5,Rouge,Break,France,15900,14904.0
Audi,A4,2011,34738,2011-01-08,Essence,Manuelle,110,Euro 4,Rouge,Berline,Japon,48000,27898.0
Audi,A4,2012,101355,2014-04-10,Diesel,Automatique,130,Euro 4,Bleu,Break,Espagne,48000,27702.0
Renault,Megane,2013,184394,2014-11-07,Hybride,Automatique,150,Euro 1,Bleu,Crossover,Japon,25000,15435.0
Tesla,Model X,2018,51243,2021-06-24,Diesel,Automatique,150,Euro 5,Gris,Berline,France,120000,95095.0
Tesla,Model S,2020,19634,2022-11-15,Essence,Automatique,110,Euro 6,Gris,Monospace,Japon,95000,84477.0
Tesla,Model 3,2015,105114,2016-07-15,Hybride,Automatique,90,Euro 1,Bleu,Berline,France,45000,32067.0
Volkswagen,Arteon,2006,30502,2007-12-13,Essence,Manuelle,110,Euro 3,Blanc,Berline,France,48000,20683.0
Kia,Sportage,2023,117410,2024-11-14,Essence,Automatique,110,Euro 6,Gris,Berline,France,34000,31046.0
Audi,A6,2021,26077,2024-05-13,Diesel,Manuelle,90,Euro 6,Blanc,Crossover,Japon,72000,64881.0
Peugeot,3008,2014,198245,2017-06-24,Essence,Automatique,200,Euro 4,Rouge,SUV,USA,35000,19380.0
Kia,Sportage,2020,216252,2020-08-04,Hybride,Manuelle,150,Euro 1,Gris,Break,France,34000,25795.0
Citroen,C4,2010,195980,2012-08-02,Gaz,Automatique,110,Euro 4,Gris,Monospace,France,24000,11154.0
BMW,Serie 3,2013,215367,2013-04-15,Hybride,Automatique,90,Euro 1,Bleu,Monospace,Japon,45000,23414.0
Volkswagen,Passat,2011,33752,2012-01-03,Hybride,Automatique,150,Euro 1,Gris,Break,USA,36000,24650.0
Mercedes,Classe A,2017,51736,2017-06-06,Diesel,Manuelle,130,Euro 5,Bleu,Crossover,Japon,38000,29082.0
Toyota,Corolla,2012,47459,2014-05-09,Essence,Manuelle,90,Euro 4,Bleu,Berline,Espagne,28000,16740.0
BMW,Serie 3,2005,35410,2005-02-19,Essence,Automatique,110,Euro 3,Gris,Break,Espagne,45000,18840.0
Peugeot,308,2022,19419,2022-07-03,Hybride,Manuelle,200,Euro 1,Noir,SUV,Japon,30000,32550.0
Kia,Sportage,2015,25542,2017-01-28,Hybride,Manuelle,200,Euro 1,Gris,Monospace,USA,34000,27690.0
Dacia,Duster,2018,74536,2019-11-19,Hybride,Manuelle,90,Euro 1,Noir,Break,France,19900,17850.0
Audi,A6,2010,193354,2010-02-15,Gaz,Manuelle,150,Euro 4,Rouge,Monospace,USA,72000,29250.0
Renault,Megane,2012,120795,2015-09-12,Hybride,Automatique,110,Euro 1,Noir,Crossover,Espagne,25000,16172.0
Audi,Q5,2015,95071,2016-01-17,Diesel,Automatique,200,Euro 5,Blanc,SUV,Allemagne,65000,44160.0
Citroen,C5 Aircross,2010,150318,2013-04-18,Gaz,Automatique,90,Euro 4,Rouge,Crossover,Espagne,35000,16942.0
Peugeot,5008,2017,34102,2018-10-07,Gaz,Manuelle,110,Euro 5,Gris,SUV,Espagne,42000,33896.0
Volkswagen,Passat,2020,91030,2023-12-04,Electrique,Automatique,110,Euro 1,Gris,Monospace,Allemagne,36000,34839.0
Renault,Talisman,2023,214387,2026-06-30,Hybride,Manuelle,90,Euro 1,Bleu,Berline,Japon,40000,33364.0
Hyundai,Tucson,2023,229740,2024-06-01,Gaz,Manuelle,130,Euro 6,Rouge,Crossover,Espagne,35000,28350.0
Audi,A4,2022,145314,2022-10-21,Diesel,Manuelle,130,Euro 6,Gris,SUV,Italie,48000,39440.0
Kia,Ceed,2022,73340,2025-10-30,Diesel,Manuelle,200,Euro 6,Bleu,Monospace,USA,23000,21750.0
Tesla,Model S,2021,225005,2023-03-31,Gaz,Manuelle,200,Euro 6,Blanc,Crossover,Espagne,95000,67965.0
Renault,Clio,2007,61416,2009-03-10,Gaz,Automatique,110,Euro 3,Gris,Berline,Japon,17000,9288.0
Renault,Clio,2022,35923,2022-12-15,Gaz,Automatique,110,Euro 6,Rouge,SUV,USA,17000,19656.0
Renault,Megane,2014,32769,2016-01-14,Diesel,Automatique,90,Euro 4,Rouge,SUV,Japon,25000,18693.0
BMW,Serie 1,2016,115599,2019-05-15,Hybride,Automatique,200,Euro 1,Gris,SUV,Allemagne,35000,27300.0
Kia,Rio,2017,34059,2020-05-14,Gaz,Manuelle,200,Euro 5,Bleu,Monospace,Japon,18900,17024.0
Hyundai,i20,2011,73146,2013-08-22,Essence,Manuelle,110,Euro 4,Noir,SUV,Japon,19500,10584.0
Peugeot,5008,2020,84002,2023-02-22,Diesel,Manuelle,90,Euro 6,Gris,Monospace,France,42000,34320.0
Mercedes,GLC,2014,58948,2015-04-07,Diesel,Manuelle,90,Euro 4,Bleu,Berline,USA,85000,55835.0
Dacia,Spring,2011,139293,2013-05-10,Hybride,Automatique,130,Euro 1,Blanc,Monospace,France,22000,13584.0
Dacia,Spring,2016,205594,2019-12-16,Hybride,Automatique,150,Euro 1,Gris,Monospace,Allemagne,22000,15960.0
Audi,A3,2006,135357,2006-10-18,Diesel,Manuelle,90,Euro 3,Blanc,SUV,Italie,34000,11517.0
Tesla,Model X,2022,157740,2022-01-31,Electrique,Automatique,110,Euro 1,Gris,Crossover,France,120000,101199.0
Audi,A6,2016,118949,2016-02-15,Diesel,Manuelle,110,Euro 5,Bleu,Break,USA,72000,47515.0
Audi,A3,2009,31926,2012-12-25,Essence,Manuelle,90,Euro 3,Gris,Monospace,Japon,34000,17628.0
Audi,Q5,2024,134165,2025-09-26,Diesel,Manuelle,130,Euro 6,Noir,Monospace,Italie,65000,57681.0
Mercedes,Classe A,2015,43003,2018-10-04,Gaz,Manuelle,130,Euro 5,Blanc,SUV,USA,38000,28152.0
Hyundai,Tucson,2024,99984,2024-04-24,Gaz,Manuelle,90,Euro 6,Blanc,Crossover,Allemagne,35000,34034.0
Renault,Clio,2010,31102,2013-10-10,Diesel,Manuelle,110,Euro 4,Bleu,Break,Italie,17000,9955.0
Ford,Fiesta,2021,104764,2022-06-08,Hybride,Manuelle,200,Euro 1,Gris,Break,USA,18000,18630.0
Renault,Captur,2013,53843,2013-05-02,Diesel,Automatique,90,Euro 4,Gris,Berline,Espagne,28000,19158.0
Audi,Q5,2018,24677,2018-02-04,Diesel,Manuelle,150,Euro 5,Noir,SUV,USA,65000,53200.0
Audi,A4,2010,211828,2010-07-01,Hybride,Manuelle,200,Euro 1,Bleu,Monospace,Italie,48000,19610.0
Renault,Talisman,2013,191305,2013-09-12,Hybride,Automatique,200,Euro 1,Blanc,Crossover,USA,40000,22560.0
Tesla,Model S,2018,62613,2020-09-15,Electrique,Manuelle,110,Euro 1,Gris,Break,Espagne,95000,76836.0
Audi,A6,2017,228536,2018-03-09,Diesel,Manuelle,200,Euro 5,Gris,Berline,Espagne,72000,42180.0
Renault,Clio,2012,125607,2014-05-22,Gaz,Automatique,110,Euro 4,Bleu,SUV,Japon,17000,11232.0
BMW,X5,2020,135835,2023-09-10,Diesel,Automatique,110,Euro 6,Bleu,Break,USA,80000,62325.0
BMW,Serie 5,2014,219094,2014-02-17,Essence,Manuelle,90,Euro 4,Bleu,Break,France,65000,31801.0
Audi,A3,2018,50744,2018-12-13,Essence,Manuelle,110,Euro 5,Noir,Break,Italie,34000,26257.0
Dacia,Sandero,2008,100968,2010-04-19,Essence,Manuelle,90,Euro 3,Gris,SUV,France,15900,6636.0
Toyota,RAV4,2010,107712,2012-11-08,Hybride,Manuelle,110,Euro 1,Bleu,Berline,Italie,37000,19728.0
Mercedes,Classe E,2022,195963,2023-08-25,Hybride,Automatique,150,Euro 1,Rouge,Berline,Allemagne,75000,61125.0
BMW,Serie 1,2023,163749,2023-12-14,Diesel,Automatique,110,Euro 6,Blanc,SUV,Espagne,35000,30861.0
Toyota,RAV4,2010,238515,2013-08-16,Hybride,Automatique,130,Euro 1,Gris,SUV,France,37000,15155.0
Citroen,C4,2017,246612,2020-07-02,Essence,Automatique,200,Euro 5,Gris,Berline,France,24000,14850.0
Volkswagen,Passat,2024,56995,2026-11-26,Electrique,Manuelle,200,Euro 1,Noir,Berline,Italie,36000,40850.0
Citroen,C4,2014,92298,2016-03-30,Essence,Manuelle,110,Euro 4,Gris,Break,France,24000,14701.0
Kia,Ceed,2021,169915,2023-12-26,Gaz,Manuelle,150,Euro 6,Gris,Crossover,France,23000,19500.0
Audi,A3,2019,205433,2020-02-18,Gaz,Manuelle,150,Euro 5,Noir,Berline,Allemagne,34000,24050.0
Volkswagen,Arteon,2011,201737,2014-10-04,Essence,Manuelle,130,Euro 4,Noir,Crossover,USA,48000,19803.0
Mercedes,GLC,2021,161383,2024-01-19,Hybride,Automatique,150,Euro 1,Rouge,Crossover,Japon,85000,68625.0
Hyundai,Tucson,2009,32851,2012-03-20,Diesel,Automatique,130,Euro 3,Gris,Monospace,Japon,35000,19916.0
Renault,Captur,2017,233012,2018-04-22,Gaz,Manuelle,200,Euro 5,Rouge,Berline,Allemagne,28000,17640.0
Audi,A4,2014,208215,2016-05-09,Gaz,Manuelle,200,Euro 4,Rouge,Monospace,USA,48000,25750.0
BMW,Serie 3,2015,222420,2017-11-20,Diesel,Manuelle,200,Euro 5,Blanc,Monospace,USA,45000,23970.0
Volkswagen,Arteon,2006,158644,2009-03-21,Diesel,Manuelle,110,Euro 3,Noir,Crossover,Italie,48000,15221.0
Audi,A3,2021,14644,2021-08-17,Electrique,Automatique,110,Euro 1,Noir,Berline,Italie,34000,37890.0
Hyundai,i30,2023,48061,2026-11-30,Electrique,Automatique,150,Euro 1,Blanc,Crossover,France,22000,28365.0
Volkswagen,Passat,2018,47636,2020-01-24,Essence,Manuelle,150,Euro 5,Gris,Crossover,Espagne,36000,28470.0
Peugeot,3008,2014,162787,2015-02-05,Gaz,Manuelle,90,Euro 4,Noir,SUV,Espagne,35000,20196.0
Peugeot,5008,2016,37128,2016-08-03,Diesel,Automatique,110,Euro 5,Gris,Break,USA,42000,32923.0
BMW,Serie 3,2018,64742,2021-06-29,Electrique,Automatique,200,Euro 1,Gris,Monospace,Espagne,45000,41040.0
Mercedes,Classe E,2023,75504,2026-11-13,Hybride,Manuelle,130,Euro 1,Bleu,Berline,Allemagne,75000,71370.0
BMW,Serie 1,2021,242148,2022-07-02,Diesel,Automatique,90,Euro 6,Blanc,Break,France,35000,25393.0
Kia,Ceed,2013,226391,2015-02-02,Gaz,Manuelle,130,Euro 4,Blanc,Monospace,Italie,23000,11610.0
Kia,Ceed,2011,189046,2014-10-18,Diesel,Manuelle,90,Euro 4,Gris,SUV,Japon,23000,10277.0
Volkswagen,Tiguan,2021,242758,2022-02-22,Electrique,Automatique,110,Euro 1,Rouge,Berline,USA,40000,32227.0
Audi,Q5,2016,246412,2019-11-16,Essence,Manuelle,90,Euro 5,Blanc,Monospace,Espagne,65000,33748.0
Audi,A6,2005,45836,2006-11-30,Essence,Automatique,90,Euro 3,Gris,Berline,France,72000,28821.0
Hyundai,i30,2021,150801,2022-04-24,Gaz,Manuelle,150,Euro 6,Gris,SUV,Italie,22000,19000.0
Toyota,RAV4,2023,192538,2025-07-18,Diesel,Automatique,200,Euro 6,Blanc,SUV,USA,37000,31980.0
Peugeot,3008,2015,141489,2016-07-12,Hybride,Manuelle,90,Euro 1,Gris,SUV,Italie,35000,22951.0
Audi,A6,2006,71222,2009-08-15,Gaz,Manuelle,200,Euro 3,Gris,SUV,Allemagne,72000,29445.0
Tesla,Model 3,2015,190012,2016-03-12,Hybride,Manuelle,150,Euro 1,Blanc,Crossover,Japon,45000,26730.0
Toyota,Yaris,2016,165736,2019-02-17,Hybride,Automatique,90,Euro 1,Gris,Crossover,Italie,19000,14940.0
Ford,Kuga,2024,202270,2027-02-24,Essence,Manuelle,200,Euro 6,Rouge,SUV,Espagne,34000,28000.0
Mercedes,Classe C,2019,216764,2020-03-25,Diesel,Automatique,150,Euro 5,Rouge,SUV,Allemagne,55000,37440.0
Kia,Ceed,2007,182187,2008-10-23,Diesel,Automatique,130,Euro 3,Gris,SUV,Japon,23000,8153.0
Kia,Sportage,2021,190695,2022-01-17,Hybride,Manuelle,200,Euro 1,Bleu,SUV,Espagne,34000,28080.0
Volkswagen,Tiguan,2023,70638,2026-07-09,Essence,Automatique,110,Euro 6,Gris,SUV,Japon,40000,37890.0
Tesla,Model S,2022,133445,2023-05-27,Diesel,Automatique,90,Euro 6,Gris,Monospace,Allemagne,95000,79299.0
Ford,Fiesta,2008,189918,2010-05-13,Essence,Manuelle,110,Euro 3,Bleu,Monospace,Japon,18000,6154.0
Kia,Ceed,2013,19461,2016-01-13,Gaz,Manuelle,90,Euro 4,Rouge,Break,Italie,23000,16764.0
Citroen,C5 Aircross,2022,232299,2024-12-31,Gaz,Automatique,90,Euro 6,Blanc,Berline,USA,35000,27974.0
Toyota,Yaris,2024,23099,2024-06-19,Hybride,Manuelle,90,Euro 1,Bleu,Break,Italie,19000,22442.0
Citroen,C3,2019,75407,2022-11-27,Gaz,Automatique,90,Euro 5,Gris,Berline,France,16000,15912.0
Tesla,Model S,2023,127437,2023-05-05,Electrique,Manuelle,200,Euro 1,Gris,SUV,Allemagne,95000,86700.0
Tesla,Model S,2010,186942,2011-01-25,Gaz,Automatique,200,Euro 4,Gris,Crossover,Espagne,95000,40200.0
Kia,Rio,2013,211656,2016-02-03,Gaz,Manuelle,90,Euro 4,Bleu,Berline,USA,18900,9798.0
BMW,Serie 5,2015,49979,2018-01-13,Hybride,Automatique,110,Euro 1,Bleu,Monospace,Italie,65000,49059.0
Citroen,C4,2021,131842,2021-07-11,Gaz,Manuelle,110,Euro 6,Bleu,SUV,Espagne,24000,20748.0
Hyundai,Tucson,2018,178584,2020-05-30,Diesel,Manuelle,200,Euro 5,Rouge,Monospace,France,35000,24050.0
BMW,Serie 5,2015,61864,2015-12-17,Gaz,Automatique,90,Euro 5,Bleu,Break,Italie,65000,46498.0
Dacia,Duster,2016,88914,2017-08-07,Hybride,Manuelle,90,Euro 1,Noir,Break,France,19900,16184.0
Volkswagen,Arteon,2014,19629,2016-10-01,Essence,Automatique,110,Euro 4,Rouge,Berline,Espagne,48000,34569.0
Citroen,C5 Aircross,2013,162856,2015-03-03,Diesel,Automatique,130,Euro 4,Noir,Crossover,Japon,35000,19533.0
Ford,Kuga,2007,183853,2009-07-18,Essence,Manuelle,130,Euro 3,Rouge,Break,France,34000,10633.0
Peugeot,308,2012,199908,2013-04-13,Hybride,Manuelle,110,Euro 1,Rouge,Break,Italie,30000,15345.0
Renault,Captur,2015,53037,2015-11-27,Essence,Automatique,150,Euro 5,Blanc,Break,Espagne,28000,20740.0
BMW,Serie 1,2021,103367,2024-09-18,Diesel,Automatique,200,Euro 6,Rouge,SUV,Italie,35000,31590.0
Hyundai,i30,2015,16532,2018-12-16,Gaz,Manuelle,130,Euro 5,Noir,Break,Italie,22000,17856.0
Tesla,Model S,2019,41082,2019-02-28,Gaz,Automatique,150,Euro 5,Gris,Break,USA,95000,81000.0
Ford,Fiesta,2011,234359,2012-09-02,Hybride,Manuelle,150,Euro 1,Noir,Berline,France,18000,8550.0
Mercedes,Classe E,2013,185075,2014-05-16,Hybride,Manuelle,200,Euro 1,Blanc,SUV,USA,75000,39200.0
Audi,Q5,2011,228250,2013-08-04,Diesel,Automatique,110,Euro 4,Bleu,Berline,Allemagne,65000,26559.0
BMW,X5,2006,60962,2009-12-11,Gaz,Automatique,150,Euro 3,Gris,Monospace,France,80000,34000.0
Audi,A4,2015,10561,2015-04-08,Gaz,Automatique,110,Euro 5,Gris,Break,USA,48000,37872.0
Kia,Sportage,2014,47827,2017-05-09,Hybride,Automatique,90,Euro 1,Gris,Monospace,Allemagne,34000,26334.0
Mercedes,Classe A,2006,105935,2008-03-29,Gaz,Manuelle,130,Euro 3,Noir,Crossover,Espagne,38000,14688.0
Citroen,C4,2012,193139,2012-04-18,Hybride,Manuelle,200,Euro 1,Bleu,Monospace,Japon,24000,13050.0
Citroen,C4,2018,156865,2021-06-03,Hybride,Manuelle,200,Euro 1,Noir,Crossover,Italie,24000,19430.0
BMW,Serie 3,2023,73493,2026-10-11,Diesel,Automatique,130,Euro 6,Bleu,SUV,Allemagne,45000,43470.0
Peugeot,5008,2021,221250,2023-03-02,Hybride,Automatique,130,Euro 1,Rouge,Crossover,Italie,42000,33327.0
Toyota,Yaris,2020,235045,2021-11-24,Electrique,Manuelle,90,Euro 1,Gris,Berline,USA,19000,16185.0
Toyota,RAV4,2017,162228,2019-12-09,Gaz,Automatique,200,Euro 5,Gris,Berline,Italie,37000,26775.0
Hyundai,i20,2006,163582,2006-05-02,Essence,Automatique,110,Euro 3,Blanc,Break,USA,19500,6480.0
Ford,Kuga,2021,28353,2021-05-15,Gaz,Manuelle,150,Euro 6,Bleu,Berline,Allemagne,34000,32930.0
Volkswagen,Arteon,2013,112386,2013-04-11,Essence,Automatique,110,Euro 4,Bleu,SUV,USA,48000,28056.0
Dacia,Duster,2012,166105,2012-04-17,Hybride,Manuelle,200,Euro 1,Blanc,Monospace,Espagne,19900,11952.0
Mercedes,Classe C,2011,135574,2014-04-17,Hybride,Manuelle,90,Euro 1,Bleu,Berline,Japon,55000,28272.0
Tesla,Model 3,2019,124929,2020-01-19,Hybride,Manuelle,90,Euro 1,Noir,Crossover,Italie,45000,35697.0
Dacia,Sandero,2021,157778,2023-06-30,Diesel,Automatique,110,Euro 6,Noir,Berline,Allemagne,15900,14440.0
Hyundai,i30,2023,166005,2024-09-30,Gaz,Automatique,200,Euro 6,Bleu,Crossover,Espagne,22000,22275.0
Toyota,Hilux,2008,190387,2010-06-14,Diesel,Automatique,200,Euro 3,Noir,Crossover,Espagne,45000,16170.0
Toyota,Yaris,2021,160121,2023-01-27,Hybride,Automatique,200,Euro 1,Noir,Crossover,Espagne,19000,19500.0
Tesla,Model S,2011,124455,2011-04-06,Diesel,Manuelle,110,Euro 4,Blanc,Monospace,Allemagne,95000,47089.0
Kia,Ceed,2014,112288,2016-07-16,Diesel,Automatique,200,Euro 4,Rouge,SUV,Allemagne,23000,15930.0
Peugeot,5008,2022,152651,2022-10-06,Hybride,Automatique,110,Euro 1,Bleu,Berline,Japon,42000,37999.0
Dacia,Spring,2011,112653,2013-08-22,Diesel,Automatique,200,Euro 4,Blanc,Monospace,Espagne,22000,13000.0
Peugeot,208,2021,156996,2022-11-27,Gaz,Automatique,130,Euro 6,Bleu,Crossover,Allemagne,18000,17328.0
Renault,Captur,2015,104885,2018-02-28,Hybride,Manuelle,200,Euro 1,Gris,Break,France,28000,20790.0
Hyundai,i20,2013,128067,2015-07-28,Essence,Manuelle,110,Euro 4,Noir,SUV,Espagne,19500,10780.0
Volkswagen,Arteon,2007,76490,2009-08-05,Essence,Automatique,90,Euro 3,Rouge,SUV,Italie,48000,20958.0
Dacia,Spring,2017,143124,2018-01-17,Gaz,Automatique,130,Euro 5,Noir,SUV,France,22000,17420.0
Peugeot,5008,2016,124731,2016-04-30,Gaz,Manuelle,130,Euro 5,Blanc,Break,Japon,42000,28672.0
Ford,Focus,2015,162499,2015-06-22,Essence,Manuelle,200,Euro 5,Bleu,Monospace,Italie,26000,15390.0
Audi,A3,2021,120339,2024-01-01,Gaz,Manuelle,110,Euro 6,Noir,SUV,USA,34000,28914.0
Peugeot,208,2005,241034,2007-11-24,Gaz,Manuelle,110,Euro 3,Noir,Monospace,USA,18000,3914.0
Volkswagen,Golf,2020,199078,2021-03-28,Electrique,Automatique,200,Euro 1,Gris,Break,Allemagne,25000,23460.0
Kia,Ceed,2015,246712,2017-01-15,Essence,Automatique,130,Euro 5,Noir,SUV,USA,23000,12397.0
Audi,Q5,2010,163022,2011-06-07,Gaz,Automatique,110,Euro 4,Blanc,SUV,France,65000,29232.0
Toyota,Hilux,2005,117191,2005-10-13,Gaz,Manuelle,130,Euro 3,Blanc,SUV,USA,45000,15296.0
Hyundai,i20,2013,185459,2014-01-23,Hybride,Manuelle,90,Euro 1,Noir,Crossover,Japon,19500,11466.0
Toyota,Yaris,2008,238405,2008-06-15,Diesel,Manuelle,150,Euro 3,Noir,Crossover,Espagne,19000,5945.0
Citroen,C5 Aircross,2009,242305,2010-09-22,Essence,Manuelle,110,Euro 3,Bleu,Break,Espagne,35000,10881.0
BMW,Serie 5,2005,231849,2008-12-22,Diesel,Automatique,150,Euro 3,Bleu,Monospace,USA,65000,13700.0
Ford,Focus,2016,129042,2017-09-20,Essence,Automatique,150,Euro 5,Noir,SUV,Allemagne,26000,18240.0
Audi,A4,2020,128621,2022-11-24,Diesel,Automatique,110,Euro 6,Gris,Crossover,Allemagne,48000,38836.0
Hyundai,i20,2009,146414,2010-01-22,Diesel,Manuelle,130,Euro 3,Rouge,Break,Italie,19500,8528.0
Citroen,C5 Aircross,2020,172555,2020-07-28,Hybride,Manuelle,90,Euro 1,Bleu,Crossover,France,35000,27619.0
Peugeot,5008,2015,121978,2017-04-22,Hybride,Automatique,130,Euro 1,Noir,Crossover,France,42000,29463.0
Dacia,Duster,2012,116816,2014-06-22,Gaz,Automatique,90,Euro 4,Blanc,Monospace,Japon,19900,12879.0
Mercedes,Classe C,2024,166315,2026-07-29,Hybride,Automatique,200,Euro 1,Blanc,Crossover,Espagne,55000,52080.0
Kia,Ceed,2013,118625,2016-02-18,Essence,Manuelle,200,Euro 4,Noir,Berline,Italie,23000,13440.0
Audi,A4,2020,94623,2023-06-30,Gaz,Manuelle,130,Euro 6,Bleu,SUV,Espagne,48000,40132.0
Citroen,C3,2012,47630,2015-02-20,Diesel,Automatique,130,Euro 4,Blanc,Break,Allemagne,16000,11580.0
Volkswagen,Golf,2017,58612,2018-05-12,Gaz,Automatique,110,Euro 5,Gris,Crossover,Italie,25000,21904.0
Kia,Rio,2024,205626,2026-11-19,Essence,Manuelle,150,Euro 6,Gris,Crossover,USA,18900,15520.0
Toyota,Corolla,2012,153922,2014-11-04,Hybride,Manuelle,200,Euro 1,Blanc,Monospace,Allemagne,28000,16170.0
Citroen,C4,2016,193359,2019-01-03,Essence,Automatique,130,Euro 5,Blanc,SUV,Italie,24000,14991.0
Kia,Ceed,2016,38635,2016-11-03,Essence,Manuelle,110,Euro 5,Bleu,Monospace,USA,23000,16863.0
BMW,Serie 1,2019,132035,2019-11-03,Electrique,Manuelle,110,Euro 1,Noir,Berline,France,35000,29592.0
Hyundai,i30,2015,173935,2017-02-17,Diesel,Automatique,110,Euro 5,Noir,Monospace,Japon,22000,14056.0
BMW,Serie 1,2024,98555,2026-04-22,Gaz,Automatique,110,Euro 6,Rouge,Berline,Japon,35000,36036.0
Citroen,C3,2019,65624,2021-03-11,Electrique,Automatique,150,Euro 1,Gris,Break,USA,16000,19355.0
Ford,Fiesta,2019,148128,2020-03-25,Essence,Automatique,90,Euro 5,Gris,SUV,USA,18000,14129.0
Ford,Fiesta,2015,166378,2017-08-03,Essence,Manuelle,90,Euro 5,Bleu,SUV,Japon,18000,10203.0
Ford,Fiesta,2013,246069,2014-03-22,Gaz,Manuelle,130,Euro 4,Bleu,Break,USA,18000,8944.0
Renault,Clio,2005,26947,2008-05-22,Essence,Manuelle,110,Euro 3,Blanc,Crossover,France,17000,7011.0
Renault,Clio,2018,245974,2018-02-22,Gaz,Manuelle,110,Euro 5,Noir,SUV,Allemagne,17000,11368.0
Dacia,Spring,2008,247328,2010-06-13,Gaz,Manuelle,150,Euro 3,Blanc,Monospace,USA,22000,7000.0
BMW,Serie 5,2020,235064,2020-11-26,Essence,Manuelle,90,Euro 6,Bleu,Monospace,France,65000,42185.0
Mercedes,Classe C,2009,215595,2010-10-21,Essence,Automatique,110,Euro 3,Bleu,Crossover,Japon,55000,19414.0
Volkswagen,Tiguan,2010,71494,2012-07-23,Gaz,Automatique,90,Euro 4,Noir,Monospace,USA,40000,22644.0
BMW,Serie 5,2014,135966,2014-06-23,Essence,Manuelle,150,Euro 4,Blanc,Break,Espagne,65000,37335.0
Citroen,C5 Aircross,2024,142710,2027-07-07,Hybride,Automatique,90,Euro 1,Blanc,Break,Espagne,35000,35174.0
Tesla,Model X,2022,183870,2024-05-17,Electrique,Automatique,200,Euro 1,Blanc,SUV,Allemagne,120000,98040.0
Peugeot,3008,2005,111559,2005-07-01,Diesel,Automatique,90,Euro 3,Gris,Break,France,35000,12128.0
Tesla,Model S,2006,98436,2009-11-08,Essence,Automatique,110,Euro 3,Blanc,Crossover,France,95000,35927.0
Audi,A4,2011,106150,2014-10-20,Essence,Automatique,110,Euro 4,Rouge,Break,Japon,48000,25551.0
Hyundai,Tucson,2005,66432,2008-01-04,Essence,Automatique,110,Euro 3,Noir,Crossover,Allemagne,35000,13727.0
Volkswagen,Tiguan,2012,67265,2015-04-06,Gaz,Automatique,90,Euro 4,Blanc,Crossover,France,40000,25752.0
Peugeot,208,2015,205783,2015-01-30,Essence,Automatique,200,Euro 5,Gris,Berline,Italie,18000,11130.0
Citroen,C5 Aircross,2021,41933,2023-04-16,Gaz,Automatique,150,Euro 6,Noir,Berline,Japon,35000,34800.0
Hyundai,i30,2008,54397,2009-08-26,Gaz,Automatique,200,Euro 3,Gris,SUV,France,22000,12925.0
Toyota,Corolla,2006,234218,2006-02-20,Essence,Automatique,90,Euro 3,Blanc,Break,USA,28000,6877.0
Volkswagen,Arteon,2022,149712,2022-06-12,Gaz,Automatique,150,Euro 6,Rouge,Monospace,France,48000,42400.0
Ford,Focus,2016,138764,2018-05-02,Diesel,Manuelle,200,Euro 5,Blanc,Berline,Japon,26000,17640.0
BMW,Serie 1,2016,43178,2018-01-13,Diesel,Manuelle,130,Euro 5,Noir,SUV,Italie,35000,26136.0
Renault,Megane,2011,222082,2012-01-08,Gaz,Manuelle,130,Euro 4,Blanc,Berline,Italie,25000,10842.0
Peugeot,308,2008,169822,2011-02-05,Gaz,Automatique,150,Euro 3,Gris,Berline,Italie,30000,12600.0
Citroen,C4,2014,149662,2017-02-27,Diesel,Automatique,130,Euro 4,Gris,Monospace,USA,24000,15288.0
Toyota,RAV4,2010,223066,2013-12-18,Essence,Automatique,110,Euro 4,Gris,SUV,Japon,37000,14076.0
Peugeot,308,2018,236526,2020-06-25,Electrique,Manuelle,110,Euro 1,Blanc,Berline,Allemagne,30000,21299.0
Toyota,Corolla,2014,171885,2014-05-26,Diesel,Automatique,150,Euro 4,Bleu,SUV,USA,28000,16695.0
Mercedes,GLC,2020,57987,2020-05-11,Hybride,Automatique,110,Euro 1,Bleu,Monospace,Japon,85000,75613.0
Peugeot,208,2011,172208,2012-08-01,Gaz,Automatique,90,Euro 4,Noir,Break,Italie,18000,9856.0
Toyota,Yaris,2013,237692,2016-07-31,Diesel,Manuelle,90,Euro 4,Rouge,Crossover,France,19000,8756.0
Kia,Sportage,2008,68756,2010-08-23,Essence,Automatique,150,Euro 3,Blanc,Berline,Allemagne,34000,16790.0
Renault,Talisman,2010,115959,2013-03-04,Gaz,Automatique,150,Euro 4,Rouge,SUV,Italie,40000,21150.0
Citroen,C3,2006,41765,2007-05-27,Essence,Manuelle,130,Euro 3,Gris,Berline,Japon,16000,6846.0
Peugeot,3008,2012,75951,2014-01-05,Hybride,Manuelle,200,Euro 1,Gris,SUV,Espagne,35000,22800.0
Toyota,Yaris,2009,51257,2010-01-09,Gaz,Automatique,150,Euro 3,Gris,Berline,Japon,19000,12000.0
Dacia,Sandero,2005,150294,2005-05-29,Diesel,Automatique,90,Euro 3,Gris,SUV,France,15900,5264.0
Dacia,Spring,2022,13123,2023-03-05,Diesel,Manuelle,150,Euro 6,Gris,Crossover,Espagne,22000,21855.0
Mercedes,Classe C,2024,153796,2025-10-17,Electrique,Manuelle,130,Euro 1,Blanc,Break,France,55000,52105.0
Citroen,C3,2018,132803,2020-10-06,Essence,Automatique,90,Euro 5,Blanc,SUV,France,16000,12351.0
Hyundai,Tucson,2005,20566,2005-08-16,Essence,Manuelle,90,Euro 3,Rouge,Monospace,Allemagne,35000,14309.0
Ford,Fiesta,2022,244644,2022-11-15,Electrique,Manuelle,200,Euro 1,Noir,SUV,Allemagne,18000,17500.0
Volkswagen,Passat,2012,130119,2012-04-13,Essence,Automatique,110,Euro 4,Rouge,Crossover,USA,36000,19431.0
Kia,Sportage,2008,108756,2010-08-07,Gaz,Automatique,200,Euro 3,Gris,Crossover,USA,34000,16590.0
Tesla,Model 3,2019,195115,2019-04-09,Gaz,Manuelle,200,Euro 5,Blanc,Break,Espagne,45000,32010.0
Mercedes,Classe C,2021,201531,2023-09-13,Diesel,Automatique,110,Euro 6,Rouge,SUV,Allemagne,55000,41251.0
Audi,A3,2022,63191,2024-11-12,Diesel,Manuelle,90,Euro 6,Rouge,Berline,Allemagne,34000,30712.0
BMW,Serie 5,2007,205365,2010-07-20,Essence,Automatique,200,Euro 3,Bleu,Crossover,Allemagne,65000,19720.0
Ford,Focus,2017,240011,2018-06-02,Diesel,Automatique,150,Euro 5,Noir,Break,France,26000,16225.0
Volkswagen,Tiguan,2011,229733,2014-03-28,Diesel,Automatique,90,Euro 4,Bleu,Break,Italie,40000,16731.0
Dacia,Duster,2015,12732,2015-08-12,Hybride,Automatique,110,Euro 1,Bleu,Monospace,France,19900,18720.0
Ford,Focus,2007,59165,2009-09-28,Diesel,Manuelle,200,Euro 3,Gris,Monospace,Japon,26000,12320.0
Audi,A4,2024,46242,2026-04-04,Electrique,Automatique,150,Euro 1,Rouge,Berline,USA,48000,54240.0
Dacia,Spring,2022,50099,2024-02-24,Diesel,Automatique,90,Euro 6,Gris,SUV,Allemagne,22000,22161.0
Audi,A6,2005,238206,2005-02-13,Gaz,Automatique,200,Euro 3,Gris,Crossover,Allemagne,72000,15500.0
Kia,Sportage,2011,240040,2011-06-11,Gaz,Automatique,150,Euro 4,Blanc,SUV,Allemagne,34000,14430.0
Kia,Ceed,2008,135373,2009-02-08,Essence,Manuelle,90,Euro 3,Rouge,Crossover,USA,23000,8931.0
Peugeot,208,2016,99158,2018-05-18,Hybride,Manuelle,110,Euro 1,Rouge,Crossover,Allemagne,18000,14807.0
Citroen,C5 Aircross,2022,92129,2023-02-03,Diesel,Automatique,90,Euro 6,Rouge,SUV,USA,35000,32215.0
Dacia,Sandero,2021,23739,2021-10-16,Hybride,Automatique,150,Euro 1,Noir,Crossover,Italie,15900,19936.0
Ford,Focus,2012,245419,2014-01-14,Gaz,Automatique,110,Euro 4,Noir,Crossover,Italie,26000,12240.0
BMW,Serie 1,2010,172240,2010-07-24,Hybride,Manuelle,110,Euro 1,Noir,Berline,Italie,35000,16031.0
Toyota,RAV4,2005,192253,2005-07-18,Essence,Manuelle,90,Euro 3,Blanc,Berline,Espagne,37000,8856.0
Kia,Ceed,2013,200747,2016-05-14,Diesel,Manuelle,90,Euro 4,Rouge,Crossover,France,23000,11233.0
Toyota,Hilux,2005,222414,2008-01-05,Essence,Manuelle,90,Euro 3,Noir,SUV,Espagne,45000,9429.0
Kia,Rio,2007,70895,2008-03-27,Gaz,Manuelle,110,Euro 3,Bleu,Crossover,Japon,18900,9030.0
Citroen,C3,2006,179878,2006-07-10,Gaz,Manuelle,130,Euro 3,Gris,Crossover,Japon,16000,5452.0
Ford,Kuga,2014,199482,2014-09-21,Gaz,Automatique,150,Euro 4,Gris,SUV,Japon,34000,19890.0
Ford,Kuga,2023,152027,2023-03-19,Electrique,Automatique,200,Euro 1,Blanc,Break,USA,34000,35260.0
Mercedes,GLC,2022,23488,2023-03-13,Diesel,Automatique,90,Euro 6,Blanc,Monospace,Japon,85000,80868.0
Peugeot,5008,2015,116383,2016-03-27,Essence,Automatique,110,Euro 5,Rouge,Monospace,Japon,42000,27342.0
Renault,Megane,2018,199721,2018-01-26,Essence,Automatique,110,Euro 5,Gris,Crossover,Allemagne,25000,17073.0
Mercedes,Classe E,2016,102236,2016-02-04,Diesel,Manuelle,200,Euro 5,Gris,Crossover,USA,75000,50820.0
Peugeot,3008,2021,40107,2022-07-10,Diesel,Manuelle,130,Euro 6,Blanc,Monospace,USA,35000,31581.0
Peugeot,308,2015,186422,2015-05-31,Essence,Manuelle,200,Euro 5,Gris,Berline,France,30000,17050.0
Toyota,Corolla,2008,51331,2009-11-04,Diesel,Automatique,130,Euro 3,Rouge,Crossover,USA,28000,14711.0
Tesla,Model X,2024,152434,2024-05-13,Hybride,Manuelle,150,Euro 1,Rouge,Break,Japon,120000,105825.0
Dacia,Sandero,2009,218295,2012-01-20,Gaz,Manuelle,130,Euro 3,Noir,Monospace,USA,15900,6358.0
Citroen,C4,2020,194472,2022-07-31,Diesel,Automatique,150,Euro 6,Noir,Berline,Allemagne,24000,18975.0
Dacia,Sandero,2013,34494,2016-04-08,Hybride,Manuelle,150,Euro 1,Bleu,Monospace,Japon,15900,13056.0
Peugeot,5008,2017,206399,2020-03-19,Essence,Manuelle,130,Euro 5,Bleu,Break,Espagne,42000,24957.0
Tesla,Model X,2016,237958,2019-09-10,Gaz,Manuelle,110,Euro 5,Blanc,Break,Espagne,120000,64978.0
Toyota,RAV4,2024,65785,2024-06-21,Essence,Manuelle,130,Euro 6,Noir,Berline,Espagne,37000,35062.0
BMW,X5,2024,26110,2026-08-07,Essence,Automatique,150,Euro 6,Blanc,Monospace,Italie,80000,80850.0
Renault,Clio,2020,79336,2020-01-17,Hybride,Manuelle,130,Euro 1,Gris,SUV,Espagne,17000,17253.0
Ford,Focus,2021,110252,2023-08-10,Essence,Automatique,130,Euro 6,Noir,Crossover,Allemagne,26000,22640.0
Kia,Sportage,2023,192821,2026-06-16,Electrique,Automatique,110,Euro 1,Blanc,SUV,Allemagne,34000,32838.0
Renault,Clio,2013,41940,2014-11-12,Gaz,Automatique,150,Euro 4,Noir,SUV,Allemagne,17000,13860.0
Dacia,Spring,2006,206964,2006-05-04,Gaz,Manuelle,110,Euro 3,Bleu,Break,Espagne,22000,6396.0
Audi,A4,2010,106300,2012-08-20,Diesel,Manuelle,150,Euro 4,Blanc,Crossover,France,48000,23760.0
Peugeot,308,2006,123584,2008-02-20,Diesel,Automatique,130,Euro 3,Bleu,Crossover,Espagne,30000,11322.0
Ford,Fiesta,2022,242125,2025-08-03,Gaz,Manuelle,110,Euro 6,Bleu,SUV,Japon,18000,14420.0
Volkswagen,Passat,2022,134412,2024-01-20,Gaz,Automatique,150,Euro 6,Bleu,SUV,USA,36000,33210.0
Tesla,Model X,2011,112177,2012-08-19,Gaz,Automatique,90,Euro 4,Noir,Crossover,Espagne,120000,62200.0
Dacia,Spring,2008,232980,2010-08-02,Gaz,Automatique,110,Euro 3,Blanc,Crossover,USA,22000,7714.0
Hyundai,i20,2012,46665,2014-06-02,Gaz,Automatique,110,Euro 4,Blanc,Break,USA,19500,14460.0
Toyota,Hilux,2008,218997,2008-04-11,Diesel,Manuelle,130,Euro 3,Gris,SUV,Espagne,45000,14353.0
Mercedes,Classe E,2013,82896,2013-04-07,Hybride,Manuelle,150,Euro 1,Gris,Crossover,Italie,75000,46905.0
Citroen,C5 Aircross,2024,79609,2026-05-03,Essence,Manuelle,110,Euro 6,Gris,Berline,Allemagne,35000,32643.0
Mercedes,Classe C,2006,78956,2008-07-01,Diesel,Manuelle,90,Euro 3,Blanc,Crossover,Japon,55000,21801.0
Hyundai,i30,2022,148089,2025-07-02,Essence,Automatique,200,Euro 6,Gris,Crossover,France,22000,20000.0
Ford,Fiesta,2011,220316,2013-01-08,Diesel,Manuelle,130,Euro 4,Noir,Berline,Japon,18000,7527.0
Mercedes,Classe E,2009,16977,2012-07-15,Essence,Manuelle,200,Euro 3,Noir,Monospace,France,75000,41040.0
Dacia,Sandero,2021,136352,2022-01-27,Essence,Manuelle,90,Euro 6,Gris,Berline,France,15900,12324.0
Kia,Ceed,2021,190197,2022-04-10,Electrique,Automatique,110,Euro 1,Gris,SUV,France,23000,22392.0
BMW,Serie 3,2015,63056,2018-04-27,Hybride,Automatique,150,Euro 1,Bleu,SUV,Allemagne,45000,34505.0
Audi,A6,2024,76526,2025-06-09,Gaz,Automatique,110,Euro 6,Bleu,Break,Italie,72000,71238.0
Tesla,Model S,2007,222177,2009-03-02,Gaz,Automatique,200,Euro 3,Rouge,Break,Espagne,95000,27135.0
Kia,Sportage,2006,47167,2006-08-30,Diesel,Manuelle,200,Euro 3,Blanc,Monospace,Japon,34000,15120.0
Toyota,Hilux,2022,187471,2023-11-20,Diesel,Automatique,90,Euro 6,Bleu,Crossover,USA,45000,36404.0
Toyota,RAV4,2021,81432,2021-02-05,Diesel,Manuelle,90,Euro 6,Gris,Break,Espagne,37000,31457.0
Ford,Kuga,2006,221108,2008-09-05,Gaz,Automatique,200,Euro 3,Gris,Crossover,Espagne,34000,9480.0
Hyundai,i30,2014,192097,2014-11-07,Diesel,Automatique,150,Euro 4,Noir,Monospace,Espagne,22000,13005.0
Tesla,Model S,2022,111538,2022-01-31,Essence,Automatique,130,Euro 6,Noir,SUV,Italie,95000,80759.0
Tesla,Model X,2017,69450,2018-08-08,Hybride,Automatique,150,Euro 1,Noir,Monospace,Italie,120000,92345.0
Peugeot,5008,2015,132445,2015-11-17,Diesel,Automatique,90,Euro 5,Rouge,Break,Allemagne,42000,26940.0
Renault,Captur,2014,184615,2014-11-29,Gaz,Automatique,90,Euro 4,Noir,Crossover,Japon,28000,16848.0
Ford,Focus,2011,49588,2012-10-28,Essence,Automatique,200,Euro 4,Gris,Crossover,Allemagne,26000,16530.0
Audi,A6,2015,148672,2015-03-30,Hybride,Automatique,110,Euro 1,Bleu,SUV,Italie,72000,46079.0
Tesla,Model S,2017,129383,2019-01-18,Essence,Manuelle,130,Euro 5,Noir,Monospace,Italie,95000,63851.0
Toyota,Yaris,2020,126476,2023-09-04,Diesel,Automatique,90,Euro 6,Rouge,Monospace,France,19000,16644.0
Toyota,Hilux,2016,27467,2017-03-06,Hybride,Automatique,130,Euro 1,Rouge,Break,Espagne,45000,37962.0
Toyota,Yaris,2012,34009,2012-06-26,Hybride,Manuelle,130,Euro 1,Rouge,Berline,USA,19000,14213.0
Kia,Rio,2024,74353,2025-10-16,Diesel,Manuelle,110,Euro 6,Noir,Break,Espagne,18900,18600.0
Kia,Sportage,2015,13722,2016-03-16,Gaz,Manuelle,90,Euro 5,Bleu,Berline,Japon,34000,26208.0
Citroen,C3,2016,208545,2018-02-14,Essence,Manuelle,90,Euro 5,Blanc,Break,Italie,16000,8904.0
Audi,A4,2016,61279,2019-06-18,Gaz,Manuelle,200,Euro 5,Bleu,Break,Espagne,48000,36050.0
Hyundai,i20,2006,118502,2008-02-29,Diesel,Manuelle,90,Euro 3,Bleu,Monospace,Japon,19500,7140.0
Kia,Sportage,2022,222843,2024-03-19,Hybride,Manuelle,110,Euro 1,Gris,SUV,Japon,34000,27432.0
Ford,Focus,2006,108914,2008-04-20,Diesel,Automatique,150,Euro 3,Gris,Crossover,Italie,26000,10620.0
Ford,Kuga,2012,96765,2014-09-22,Hybride,Automatique,130,Euro 1,Gris,Monospace,USA,34000,22165.0
Dacia,Spring,2014,155371,2017-08-14,Diesel,Automatique,110,Euro 4,Gris,SUV,Italie,22000,13805.0
Mercedes,Classe C,2017,210826,2020-06-23,Diesel,Manuelle,130,Euro 5,Gris,SUV,Allemagne,55000,32654.0
Ford,Focus,2018,183625,2019-10-19,Essence,Automatique,130,Euro 5,Bleu,Berline,USA,26000,18112.0
Tesla,Model S,2010,192963,2011-10-20,Diesel,Manuelle,200,Euro 4,Bleu,Monospace,Espagne,95000,37830.0
Hyundai,i30,2019,126486,2022-07-10,Hybride,Manuelle,110,Euro 1,Gris,Berline,Italie,22000,19053.0
Ford,Focus,2006,107876,2007-08-30,Gaz,Manuelle,150,Euro 3,Rouge,Break,France,26000,10440.0
Hyundai,i20,2015,11586,2015-06-24,Essence,Automatique,90,Euro 5,Bleu,Break,Allemagne,19500,15408.0
Kia,Ceed,2012,196867,2015-03-31,Gaz,Automatique,200,Euro 4,Bleu,Monospace,France,23000,12825.0
Volkswagen,Golf,2005,62512,2005-05-29,Diesel,Automatique,130,Euro 3,Gris,Break,USA,25000,10471.0
Toyota,Hilux,2018,140929,2018-10-08,Essence,Automatique,90,Euro 5,Gris,Monospace,Japon,45000,31892.0
Hyundai,Tucson,2023,20440,2023-11-24,Essence,Automatique,200,Euro 6,Blanc,Break,Espagne,35000,36100.0
BMW,Serie 5,2020,200628,2022-06-08,Essence,Manuelle,130,Euro 6,Bleu,Monospace,Japon,65000,44404.0
Kia,Rio,2005,206522,2007-09-22,Gaz,Automatique,200,Euro 3,Noir,Crossover,Japon,18900,5612.0
Tesla,Model 3,2023,163564,2025-05-27,Essence,Automatique,200,Euro 6,Bleu,Monospace,France,45000,38880.0
Volkswagen,Passat,2022,202166,2025-10-24,Hybride,Manuelle,200,Euro 1,Noir,Monospace,Allemagne,36000,30340.0
Tesla,Model 3,2024,136867,2027-04-06,Electrique,Automatique,200,Euro 1,Gris,Monospace,Italie,45000,46980.0
Volkswagen,Golf,2010,215557,2010-09-14,Hybride,Manuelle,110,Euro 1,Blanc,SUV,USA,25000,10767.0
Mercedes,Classe C,2021,246055,2023-05-10,Electrique,Manuelle,200,Euro 1,Rouge,Monospace,Japon,55000,41540.0
Mercedes,GLC,2006,214619,2006-06-01,Diesel,Manuelle,130,Euro 3,Bleu,Crossover,France,85000,21575.0
BMW,X5,2015,216631,2018-03-07,Gaz,Manuelle,150,Euro 5,Gris,Break,Japon,80000,43160.0
Peugeot,3008,2017,39199,2020-12-17,Hybride,Manuelle,90,Euro 1,Gris,Break,Italie,35000,29564.0
Tesla,Model X,2008,98932,2009-04-14,Diesel,Automatique,110,Euro 3,Gris,Crossover,France,120000,52933.0
Citroen,C3,2006,58171,2008-05-01,Diesel,Automatique,110,Euro 3,Blanc,Monospace,Allemagne,16000,7831.0
Kia,Ceed,2009,114901,2011-07-23,Essence,Manuelle,150,Euro 3,Rouge,Break,Japon,23000,10340.0
Hyundai,i20,2019,71526,2022-03-04,Gaz,Automatique,200,Euro 5,Rouge,Break,France,19500,19500.0
BMW,X5,2018,149891,2021-09-18,Essence,Automatique,110,Euro 5,Noir,Break,France,80000,55828.0
Tesla,Model S,2020,110366,2021-05-21,Electrique,Manuelle,110,Euro 1,Noir,Crossover,Italie,95000,77847.0
Renault,Captur,2007,93488,2010-12-06,Gaz,Automatique,150,Euro 3,Rouge,Monospace,Japon,28000,13200.0
Dacia,Duster,2008,34019,2011-09-11,Diesel,Manuelle,150,Euro 3,Gris,Monospace,Allemagne,19900,10486.0
Toyota,Hilux,2017,24925,2020-12-03,Hybride,Automatique,90,Euro 1,Blanc,Berline,USA,45000,39193.0
Volkswagen,Tiguan,2016,126850,2017-10-01,Gaz,Automatique,130,Euro 5,Bleu,Monospace,Allemagne,40000,28672.0
Kia,Sportage,2008,136745,2009-03-15,Diesel,Manuelle,150,Euro 3,Rouge,Crossover,Allemagne,34000,13845.0
Ford,Focus,2024,231815,2027-01-09,Hybride,Manuelle,110,Euro 1,Gris,SUV,France,26000,23177.0
Mercedes,Classe E,2011,94291,2011-08-05,Diesel,Manuelle,90,Euro 4,Noir,SUV,France,75000,39468.0
Peugeot,3008,2024,114328,2025-10-02,Hybride,Automatique,130,Euro 1,Blanc,Monospace,Allemagne,35000,36757.0
Volkswagen,Arteon,2009,26264,2011-05-08,Diesel,Manuelle,150,Euro 3,Rouge,Break,Japon,48000,26235.0
Mercedes,Classe C,2015,136370,2016-10-20,Essence,Manuelle,110,Euro 5,Blanc,SUV,Italie,55000,33060.0
Audi,A4,2014,82889,2014-10-04,Essence,Automatique,130,Euro 4,Bleu,Monospace,France,48000,31186.0
Audi,Q5,2009,148032,2010-01-21,Diesel,Automatique,150,Euro 3,Gris,Monospace,Italie,65000,28085.0
Mercedes,Classe A,2011,124104,2013-03-04,Hybride,Manuelle,200,Euro 1,Gris,Break,USA,38000,21070.0
Toyota,RAV4,2024,191229,2027-07-26,Essence,Manuelle,150,Euro 6,Rouge,SUV,Italie,37000,30375.0
Tesla,Model X,2021,132491,2023-02-28,Hybride,Automatique,130,Euro 1,Noir,SUV,Italie,120000,98514.0
Kia,Ceed,2014,162546,2016-11-12,Essence,Manuelle,150,Euro 4,Bleu,Break,Espagne,23000,12690.0
Volkswagen,Arteon,2022,132691,2024-04-20,Gaz,Manuelle,130,Euro 6,Bleu,Monospace,Allemagne,48000,41148.0
Dacia,Spring,2011,103065,2011-04-30,Hybride,Manuelle,110,Euro 1,Gris,Berline,Japon,22000,13311.0
Renault,Clio,2008,46815,2009-10-11,Gaz,Manuelle,150,Euro 3,Noir,SUV,Italie,17000,9600.0
Hyundai,i30,2011,93091,2014-06-24,Gaz,Automatique,90,Euro 4,Blanc,Monospace,Espagne,22000,13728.0
Hyundai,Tucson,2012,79025,2015-02-05,Hybride,Manuelle,130,Euro 1,Rouge,SUV,USA,35000,22401.0
Toyota,RAV4,2005,60388,2005-12-09,Essence,Automatique,90,Euro 3,Gris,Berline,France,37000,14393.0
Toyota,Corolla,2009,237005,2011-09-23,Diesel,Automatique,130,Euro 3,Gris,Break,Italie,28000,10016.0
Volkswagen,Passat,2014,108167,2017-01-25,Essence,Manuelle,150,Euro 4,Rouge,Crossover,Japon,36000,21900.0
Kia,Sportage,2016,106277,2016-07-05,Essence,Manuelle,200,Euro 5,Rouge,Monospace,USA,34000,23100.0
Renault,Talisman,2017,127022,2019-10-02,Essence,Automatique,150,Euro 5,Bleu,SUV,USA,40000,28475.0
Toyota,Corolla,2023,124385,2025-01-23,Diesel,Manuelle,110,Euro 6,Noir,SUV,Allemagne,28000,24735.0
Kia,Sportage,2020,71714,2022-03-28,Hybride,Automatique,150,Euro 1,Bleu,Monospace,France,34000,32805.0
Kia,Rio,2011,194865,2013-02-03,Essence,Automatique,90,Euro 4,Gris,Berline,Italie,18900,8736.0
Renault,Talisman,2014,167030,2015-05-03,Hybride,Automatique,200,Euro 1,Noir,Monospace,USA,40000,25380.0
Volkswagen,Golf,2019,146438,2021-08-31,Hybride,Automatique,90,Euro 1,Blanc,SUV,Allemagne,25000,21939.0
Volkswagen,Golf,2009,219294,2010-11-26,Gaz,Manuelle,90,Euro 3,Rouge,SUV,Allemagne,25000,9316.0
Toyota,Yaris,2008,175400,2010-03-28,Diesel,Automatique,110,Euro 3,Noir,Crossover,Allemagne,19000,7735.0
Dacia,Duster,2005,196942,2006-05-30,Diesel,Automatique,90,Euro 3,Rouge,SUV,USA,19900,5472.0
Peugeot,308,2021,39764,2021-07-23,Electrique,Manuelle,150,Euro 1,Rouge,Crossover,Allemagne,30000,32120.0
Audi,A4,2005,169835,2005-10-08,Essence,Automatique,90,Euro 3,Rouge,SUV,Italie,48000,13473.0
Volkswagen,Golf,2016,198712,2016-12-27,Diesel,Automatique,150,Euro 5,Blanc,Berline,Japon,25000,16245.0
BMW,X5,2006,236534,2008-04-27,Gaz,Automatique,150,Euro 3,Noir,SUV,Italie,80000,19550.0
Citroen,C4,2013,35479,2016-08-27,Essence,Manuelle,150,Euro 4,Blanc,Break,USA,24000,15680.0
Kia,Sportage,2006,135395,2009-07-16,Diesel,Automatique,90,Euro 3,Bleu,SUV,USA,34000,12177.0
Renault,Captur,2020,200923,2020-12-14,Diesel,Automatique,110,Euro 6,Rouge,Berline,USA,28000,21148.0
Ford,Fiesta,2021,134244,2024-12-22,Hybride,Automatique,110,Euro 1,Rouge,SUV,USA,18000,18798.0
Hyundai,Tucson,2010,204622,2012-09-21,Hybride,Automatique,200,Euro 1,Bleu,Monospace,Allemagne,35000,15960.0
BMW,Serie 5,2006,111068,2009-08-20,Essence,Manuelle,110,Euro 3,Blanc,Monospace,Allemagne,65000,22785.0
Toyota,Corolla,2017,129763,2020-07-30,Gaz,Automatique,130,Euro 5,Noir,Break,USA,28000,21976.0
Toyota,Yaris,2024,145061,2024-11-20,Hybride,Manuelle,90,Euro 1,Noir,Monospace,Italie,19000,19694.0
Hyundai,Tucson,2024,43999,2025-11-27,Diesel,Automatique,150,Euro 6,Rouge,Break,Japon,35000,36960.0
Citroen,C4,2008,228836,2011-05-30,Essence,Manuelle,150,Euro 3,Rouge,Monospace,Japon,24000,7350.0
Kia,Ceed,2009,243820,2009-01-04,Diesel,Manuelle,130,Euro 3,Noir,Berline,Japon,23000,7533.0
Kia,Ceed,2020,59130,2023-04-12,Essence,Manuelle,90,Euro 6,Bleu,Berline,Espagne,23000,19007.0
Citroen,C5 Aircross,2006,210044,2007-01-22,Gaz,Automatique,110,Euro 3,Blanc,Break,Allemagne,35000,9900.0
Dacia,Sandero,2022,56083,2024-02-23,Diesel,Automatique,130,Euro 6,Blanc,Monospace,France,15900,17088.0
BMW,Serie 3,2009,186629,2009-06-21,Essence,Manuelle,110,Euro 3,Noir,Berline,Italie,45000,16687.0
Mercedes,Classe C,2006,64806,2007-11-14,Diesel,Automatique,200,Euro 3,Bleu,Monospace,Italie,55000,23600.0
Volkswagen,Arteon,2020,216594,2021-09-19,Essence,Automatique,200,Euro 6,Rouge,SUV,Allemagne,48000,34170.0
Kia,Rio,2023,47969,2026-09-24,Hybride,Manuelle,130,Euro 1,Blanc,Monospace,Italie,18900,21576.0
Toyota,RAV4,2006,79612,2009-05-02,Essence,Manuelle,130,Euro 3,Rouge,Break,France,37000,14547.0
Audi,Q5,2022,142058,2024-11-11,Electrique,Manuelle,150,Euro 1,Rouge,SUV,France,65000,57200.0
Ford,Kuga,2024,11407,2027-07-31,Diesel,Automatique,200,Euro 6,Noir,Berline,France,34000,37620.0
Toyota,RAV4,2006,144705,2009-08-10,Essence,Automatique,90,Euro 3,Noir,Break,USA,37000,12448.0
Volkswagen,Golf,2015,153546,2017-10-13,Hybride,Automatique,150,Euro 1,Noir,Crossover,USA,25000,18270.0
Mercedes,Classe E,2014,124506,2015-09-23,Diesel,Manuelle,110,Euro 4,Blanc,SUV,Espagne,75000,44138.0
Ford,Kuga,2014,72795,2017-03-23,Gaz,Manuelle,150,Euro 4,Gris,Break,Allemagne,34000,23310.0
Volkswagen,Tiguan,2014,53858,2016-03-23,Diesel,Manuelle,200,Euro 4,Blanc,Berline,France,40000,27300.0
BMW,Serie 1,2012,231019,2013-10-15,Diesel,Automatique,90,Euro 4,Rouge,SUV,USA,35000,15539.0
Dacia,Spring,2006,35206,2008-06-22,Diesel,Manuelle,130,Euro 3,Rouge,SUV,Italie,22000,10019.0
Citroen,C4,2022,168646,2022-11-26,Electrique,Automatique,90,Euro 1,Blanc,Monospace,USA,24000,24882.0
Tesla,Model X,2012,212872,2015-01-01,Diesel,Manuelle,200,Euro 4,Noir,Break,USA,120000,52460.0
Toyota,Yaris,2008,44981,2010-02-20,Diesel,Automatique,90,Euro 3,Blanc,Crossover,Japon,19000,10512.0
Renault,Megane,2021,148809,2022-07-25,Essence,Manuelle,90,Euro 6,Bleu,Break,USA,25000,19173.0
Volkswagen,Tiguan,2022,180517,2024-12-30,Gaz,Manuelle,90,Euro 6,Rouge,Berline,USA,40000,32224.0
Hyundai,i20,2020,147462,2023-07-31,Gaz,Manuelle,200,Euro 6,Rouge,Break,Italie,19500,17020.0
Peugeot,5008,2017,77744,2017-06-06,Diesel,Automatique,200,Euro 5,Blanc,Break,Japon,42000,33120.0
Hyundai,i20,2021,92146,2021-07-11,Gaz,Manuelle,110,Euro 6,Bleu,Berline,Japon,19500,18122.0
Volkswagen,Golf,2008,241286,2010-04-12,Diesel,Automatique,150,Euro 3,Rouge,SUV,USA,25000,7980.0
Volkswagen,Passat,2022,145241,2025-03-15,Diesel,Automatique,130,Euro 6,Bleu,Crossover,Japon,36000,31440.0
Audi,A4,2020,97293,2023-10-14,Electrique,Automatique,90,Euro 1,Gris,SUV,Espagne,48000,44161.0
BMW,Serie 5,2008,226846,2010-11-23,Gaz,Manuelle,200,Euro 3,Blanc,Break,Allemagne,65000,20550.0
Renault,Megane,2006,60594,2006-03-31,Essence,Manuelle,200,Euro 3,Gris,Monospace,Allemagne,25000,10400.0
Dacia,Spring,2008,49939,2010-05-13,Gaz,Manuelle,150,Euro 3,Bleu,Crossover,USA,22000,12000.0
Ford,Focus,2010,234960,2011-08-01,Essence,Manuelle,150,Euro 4,Rouge,Monospace,Allemagne,26000,9275.0
Citroen,C4,2017,83686,2019-01-20,Diesel,Manuelle,130,Euro 5,Noir,SUV,Espagne,24000,17963.0
Ford,Focus,2010,69275,2013-01-14,Hybride,Automatique,130,Euro 1,Bleu,Monospace,Allemagne,26000,16796.0
Audi,A3,2009,211511,2010-11-16,Gaz,Manuelle,130,Euro 3,Blanc,Monospace,Espagne,34000,12512.0
Volkswagen,Passat,2017,171358,2018-04-19,Gaz,Automatique,110,Euro 5,Rouge,Crossover,France,36000,25172.0
Volkswagen,Passat,2009,223822,2012-06-29,Gaz,Automatique,130,Euro 3,Rouge,Break,France,36000,13464.0
Volkswagen,Golf,2023,160586,2026-09-20,Electrique,Automatique,110,Euro 1,Rouge,SUV,Espagne,25000,26811.0
Mercedes,Classe C,2018,241943,2018-05-18,Gaz,Manuelle,150,Euro 5,Blanc,SUV,Allemagne,55000,33640.0
Citroen,C3,2017,103602,2019-06-23,Hybride,Automatique,200,Euro 1,Rouge,Break,France,16000,15870.0
BMW,Serie 1,2011,55967,2011-08-28,Diesel,Manuelle,110,Euro 4,Gris,Monospace,USA,35000,20216.0
Citroen,C3,2019,84795,2021-09-21,Diesel,Automatique,150,Euro 5,Blanc,Break,Allemagne,16000,15015.0
Citroen,C5 Aircross,2021,149084,2022-04-27,Gaz,Automatique,110,Euro 6,Rouge,SUV,France,35000,30492.0
Ford,Focus,2012,231515,2015-11-14,Essence,Automatique,90,Euro 4,Gris,Berline,France,26000,11439.0
Kia,Rio,2016,25147,2017-06-14,Diesel,Automatique,150,Euro 5,Bleu,Monospace,France,18900,16576.0
Volkswagen,Arteon,2024,133648,2025-08-06,Essence,Manuelle,90,Euro 6,Bleu,SUV,Japon,48000,41673.0
Mercedes,Classe C,2009,40498,2009-04-03,Diesel,Manuelle,110,Euro 3,Rouge,SUV,Italie,55000,28611.0
Tesla,Model 3,2018,170606,2020-07-05,Essence,Manuelle,130,Euro 5,Gris,Monospace,Italie,45000,29445.0
Dacia,Sandero,2010,114813,2011-09-13,Hybride,Manuelle,90,Euro 1,Gris,Monospace,Italie,15900,9306.0
Dacia,Sandero,2007,159197,2007-06-19,Essence,Automatique,90,Euro 3,Rouge,Break,USA,15900,6052.0
Tesla,Model 3,2012,219794,2015-02-17,Diesel,Manuelle,200,Euro 4,Blanc,Break,USA,45000,20210.0
Ford,Kuga,2015,244145,2017-05-12,Diesel,Manuelle,130,Euro 5,Bleu,Break,USA,34000,17297.0
Toyota,Hilux,2012,72213,2014-07-28,Hybride,Automatique,90,Euro 1,Rouge,Berline,USA,45000,29013.0
Dacia,Sandero,2021,241402,2023-07-09,Hybride,Automatique,110,Euro 1,Rouge,Monospace,Allemagne,15900,14740.0
Mercedes,GLC,2024,237738,2025-02-08,Electrique,Manuelle,130,Euro 1,Noir,Break,Espagne,85000,70301.0
Citroen,C5 Aircross,2008,10849,2009-07-26,Essence,Manuelle,150,Euro 3,Noir,SUV,Italie,35000,18105.0
Renault,Captur,2014,126168,2014-01-15,Essence,Automatique,90,Euro 4,Rouge,Crossover,Espagne,28000,17342.0
Audi,A4,2006,243264,2007-09-06,Essence,Manuelle,200,Euro 3,Noir,Crossover,France,48000,10780.0
Hyundai,i30,2012,100175,2013-06-26,Hybride,Manuelle,110,Euro 1,Bleu,SUV,Japon,22000,14094.0
Citroen,C5 Aircross,2018,139933,2021-07-27,Gaz,Automatique,130,Euro 5,Blanc,Crossover,USA,35000,27462.0
Peugeot,208,2021,23533,2021-08-12,Electrique,Manuelle,130,Euro 1,Bleu,Berline,Allemagne,18000,21627.0
Hyundai,i30,2022,31341,2022-08-23,Diesel,Automatique,200,Euro 6,Noir,Monospace,Japon,22000,23660.0
Citroen,C5 Aircross,2011,247712,2014-11-15,Diesel,Automatique,200,Euro 4,Gris,Break,Japon,35000,14430.0
Peugeot,3008,2007,11144,2010-12-02,Diesel,Manuelle,90,Euro 3,Bleu,Break,USA,35000,17232.0
Mercedes,Classe C,2007,102828,2009-11-04,Diesel,Manuelle,130,Euro 3,Bleu,Monospace,Allemagne,55000,21957.0
Ford,Fiesta,2018,10281,2021-08-02,Essence,Manuelle,90,Euro 5,Blanc,Berline,France,18000,14499.0
Renault,Talisman,2012,205549,2014-11-09,Diesel,Manuelle,130,Euro 4,Gris,Berline,Italie,40000,18172.0
Audi,Q5,2009,185959,2010-03-30,Gaz,Manuelle,90,Euro 3,Bleu,SUV,France,65000,24938.0
Audi,A6,2019,82133,2019-04-21,Essence,Manuelle,150,Euro 5,Gris,Break,Japon,72000,55825.0
Ford,Focus,2009,197656,2011-11-07,Gaz,Manuelle,90,Euro 3,Gris,Crossover,USA,26000,10224.0
Ford,Focus,2006,185474,2006-02-23,Essence,Automatique,150,Euro 3,Noir,Berline,USA,26000,7980.0
Renault,Talisman,2016,63770,2019-02-16,Hybride,Manuelle,90,Euro 1,Bleu,Break,Espagne,40000,30730.0
Toyota,Corolla,2022,123677,2025-07-10,Hybride,Automatique,90,Euro 1,Blanc,Break,Italie,28000,27798.0
Peugeot,208,2016,64026,2017-04-11,Gaz,Automatique,90,Euro 5,Blanc,SUV,USA,18000,15680.0
Hyundai,i30,2024,34442,2024-12-20,Diesel,Manuelle,110,Euro 6,Blanc,Berline,USA,22000,22407.0
Volkswagen,Arteon,2021,151911,2023-08-14,Gaz,Manuelle,150,Euro 6,Gris,Monospace,Espagne,48000,38760.0
Dacia,Sandero,2012,54016,2013-02-08,Gaz,Automatique,200,Euro 4,Rouge,Monospace,Allemagne,15900,12626.0
Renault,Clio,2016,82646,2016-07-07,Diesel,Automatique,200,Euro 5,Bleu,Berline,USA,17000,14280.0
Tesla,Model X,2012,209984,2013-12-28,Hybride,Manuelle,90,Euro 1,Blanc,Crossover,France,120000,54516.0
Renault,Megane,2009,208376,2010-05-29,Diesel,Manuelle,90,Euro 3,Blanc,SUV,France,25000,9065.0
Hyundai,Tucson,2016,174636,2017-09-28,Gaz,Automatique,90,Euro 5,Blanc,SUV,France,35000,23246.0
Volkswagen,Golf,2007,156543,2008-10-21,Essence,Manuelle,200,Euro 3,Blanc,Crossover,Italie,25000,8840.0
Hyundai,Tucson,2006,219395,2006-05-04,Diesel,Manuelle,110,Euro 3,Gris,Berline,Japon,35000,9025.0
Audi,A3,2019,79351,2020-09-25,Hybride,Automatique,200,Euro 1,Blanc,Monospace,Espagne,34000,31980.0
Peugeot,3008,2013,70056,2013-10-05,Gaz,Automatique,130,Euro 4,Bleu,Monospace,France,35000,23880.0
Hyundai,i30,2016,71364,2016-06-01,Essence,Automatique,90,Euro 5,Gris,Crossover,Japon,22000,16491.0
Tesla,Model 3,2016,97698,2018-12-08,Gaz,Automatique,90,Euro 5,Bleu,SUV,Italie,45000,33098.0
Renault,Megane,2018,202338,2021-03-15,Hybride,Manuelle,150,Euro 1,Bleu,Crossover,Allemagne,25000,18290.0
Volkswagen,Golf,2013,80828,2016-10-16,Diesel,Manuelle,110,Euro 4,Bleu,Break,USA,25000,15399.0
Audi,A6,2014,243997,2015-05-22,Hybride,Manuelle,130,Euro 1,Rouge,Monospace,Espagne,72000,35098.0
Renault,Megane,2006,173785,2007-05-08,Essence,Manuelle,110,Euro 3,Gris,Crossover,Espagne,25000,7279.0
Toyota,Corolla,2011,19129,2014-07-28,Diesel,Automatique,200,Euro 4,Noir,Monospace,Allemagne,28000,19200.0
Hyundai,Tucson,2015,59424,2016-01-19,Essence,Manuelle,110,Euro 5,Blanc,Berline,Espagne,35000,23868.0
Renault,Talisman,2022,79272,2023-04-01,Hybride,Manuelle,130,Euro 1,Bleu,Berline,Japon,40000,38541.0
Renault,Talisman,2019,125003,2020-11-21,Electrique,Automatique,130,Euro 1,Blanc,SUV,Italie,40000,35259.0
Tesla,Model S,2023,203268,2025-01-24,Gaz,Automatique,200,Euro 6,Blanc,Crossover,France,95000,77385.0
Citroen,C5 Aircross,2020,79228,2020-11-10,Diesel,Automatique,90,Euro 6,Gris,Monospace,Japon,35000,30699.0
Mercedes,Classe A,2019,99146,2022-05-04,Electrique,Automatique,90,Euro 1,Bleu,Break,France,38000,34884.0
BMW,X5,2018,170165,2018-05-03,Hybride,Automatique,200,Euro 1,Blanc,SUV,Espagne,80000,56550.0
Ford,Kuga,2015,37951,2015-02-16,Hybride,Automatique,200,Euro 1,Rouge,Crossover,France,34000,28700.0
Mercedes,Classe E,2021,137569,2023-04-17,Essence,Manuelle,200,Euro 6,Bleu,Crossover,Espagne,75000,59280.0
BMW,Serie 1,2023,100113,2023-05-08,Hybride,Manuelle,110,Euro 1,Noir,Berline,France,35000,34017.0
Hyundai,Tucson,2010,192518,2013-03-06,Gaz,Manuelle,200,Euro 4,Blanc,Monospace,Italie,35000,15015.0
BMW,Serie 1,2013,160978,2013-04-21,Gaz,Automatique,200,Euro 4,Blanc,Monospace,Allemagne,35000,20655.0
Ford,Kuga,2018,119813,2018-01-27,Essence,Manuelle,200,Euro 5,Noir,SUV,Espagne,34000,24850.0
Volkswagen,Passat,2012,247741,2012-07-16,Gaz,Manuelle,150,Euro 4,Rouge,Berline,USA,36000,15600.0
Mercedes,Classe A,2017,18542,2020-06-11,Essence,Manuelle,200,Euro 5,Blanc,Monospace,France,38000,30420.0
Hyundai,i20,2020,239078,2023-12-11,Hybride,Manuelle,200,Euro 1,Blanc,Berline,Espagne,19500,15925.0
Hyundai,Tucson,2019,170150,2022-11-12,Hybride,Manuelle,200,Euro 1,Noir,Break,USA,35000,27200.0
Kia,Ceed,2011,26150,2011-02-13,Essence,Automatique,130,Euro 4,Noir,Break,Allemagne,23000,14927.0
BMW,Serie 5,2020,127210,2023-11-27,Diesel,Manuelle,130,Euro 6,Gris,Berline,Allemagne,65000,50388.0
Ford,Fiesta,2012,40222,2013-03-01,Essence,Manuelle,130,Euro 4,Gris,Berline,Espagne,18000,10980.0
Audi,Q5,2022,38611,2023-09-15,Electrique,Automatique,200,Euro 1,Gris,Monospace,USA,65000,67340.0
Mercedes,Classe C,2006,136725,2006-10-13,Essence,Automatique,110,Euro 3,Bleu,Monospace,USA,55000,18843.0
Renault,Clio,2022,197768,2024-03-18,Hybride,Automatique,150,Euro 1,Blanc,Berline,Espagne,17000,17625.0
Toyota,Corolla,2016,66330,2017-05-02,Diesel,Manuelle,90,Euro 5,Blanc,SUV,USA,28000,20230.0
Dacia,Duster,2012,33547,2012-03-27,Essence,Manuelle,90,Euro 4,Rouge,Monospace,Japon,19900,12078.0
Peugeot,5008,2024,29584,2027-02-08,Diesel,Manuelle,130,Euro 6,Gris,Crossover,Allemagne,42000,42434.0
Toyota,Corolla,2005,33833,2006-06-29,Essence,Manuelle,150,Euro 3,Noir,Break,Japon,28000,11400.0
Peugeot,208,2005,217416,2005-03-23,Diesel,Automatique,110,Euro 3,Gris,SUV,Allemagne,18000,4642.0
BMW,Serie 1,2016,100240,2018-01-06,Hybride,Manuelle,130,Euro 1,Gris,SUV,Japon,35000,25938.0
Citroen,C5 Aircross,2013,110019,2015-09-03,Hybride,Automatique,90,Euro 1,Bleu,Crossover,Italie,35000,22904.0
Peugeot,308,2018,136061,2021-03-24,Diesel,Automatique,130,Euro 5,Rouge,Break,USA,30000,22977.0
BMW,X5,2008,87774,2010-03-03,Gaz,Manuelle,150,Euro 3,Rouge,Berline,France,80000,36520.0
Peugeot,308,2011,82375,2014-06-19,Essence,Manuelle,150,Euro 4,Gris,Monospace,Japon,30000,16165.0
Kia,Sportage,2006,51271,2006-03-11,Essence,Automatique,200,Euro 3,Bleu,Crossover,France,34000,15170.0
Volkswagen,Tiguan,2009,21001,2010-12-24,Diesel,Automatique,130,Euro 3,Gris,Monospace,France,40000,22949.0
Peugeot,3008,2021,189266,2024-09-04,Hybride,Manuelle,200,Euro 1,Noir,Monospace,France,35000,29200.0
Mercedes,Classe A,2016,111482,2019-11-24,Diesel,Manuelle,150,Euro 5,Noir,Crossover,France,38000,25675.0
Dacia,Duster,2008,100098,2008-10-03,Essence,Automatique,200,Euro 3,Rouge,Berline,Allemagne,19900,9618.0
Renault,Captur,2016,81614,2016-11-29,Hybride,Manuelle,90,Euro 1,Gris,Crossover,Japon,28000,21692.0
Citroen,C4,2020,152826,2023-05-10,Electrique,Automatique,150,Euro 1,Blanc,Crossover,Allemagne,24000,23725.0
Dacia,Duster,2022,159376,2022-02-07,Diesel,Manuelle,150,Euro 6,Bleu,Berline,Allemagne,19900,16906.0
Kia,Ceed,2014,75666,2017-09-27,Diesel,Manuelle,150,Euro 4,Gris,Break,Japon,23000,15435.0
Volkswagen,Tiguan,2007,165488,2010-11-11,Diesel,Manuelle,200,Euro 3,Bleu,Berline,Allemagne,40000,13860.0
Tesla,Model S,2018,113491,2021-11-12,Electrique,Manuelle,200,Euro 1,Rouge,SUV,Allemagne,95000,72420.0
Tesla,Model S,2020,101916,2022-10-20,Diesel,Automatique,110,Euro 6,Noir,Break,Espagne,95000,76518.0
Tesla,Model X,2021,79419,2023-08-11,Diesel,Manuelle,90,Euro 6,Gris,SUV,France,120000,101556.0
Audi,A4,2017,193948,2019-09-01,Essence,Manuelle,90,Euro 5,Blanc,SUV,Espagne,48000,28740.0
Toyota,Yaris,2023,50367,2023-02-10,Hybride,Manuelle,150,Euro 1,Blanc,Crossover,Allemagne,19000,21620.0
BMW,Serie 1,2023,210124,2025-12-08,Essence,Automatique,150,Euro 6,Bleu,SUV,France,35000,28500.0
Peugeot,208,2020,155366,2021-02-26,Hybride,Automatique,150,Euro 1,Gris,Monospace,Japon,18000,17885.0
Toyota,Corolla,2013,177242,2015-01-15,Diesel,Manuelle,200,Euro 4,Noir,Crossover,Allemagne,28000,15000.0
Audi,A6,2018,31498,2020-06-28,Diesel,Manuelle,110,Euro 5,Bleu,Break,Japon,72000,57749.0
Peugeot,5008,2012,170262,2014-06-22,Hybride,Manuelle,130,Euro 1,Bleu,Monospace,France,42000,21761.0
Renault,Talisman,2013,155638,2013-02-05,Essence,Automatique,90,Euro 4,Rouge,Monospace,USA,40000,21788.0
Hyundai,i30,2013,83023,2015-08-20,Hybride,Automatique,150,Euro 1,Gris,Break,Japon,22000,16815.0
Tesla,Model X,2010,179704,2011-11-03,Diesel,Manuelle,90,Euro 4,Noir,Berline,Allemagne,120000,49569.0
Audi,Q5,2018,172421,2019-10-05,Hybride,Manuelle,150,Euro 1,Rouge,Berline,USA,65000,45175.0
Audi,A3,2007,74897,2008-03-19,Diesel,Automatique,90,Euro 3,Gris,Crossover,Espagne,34000,15498.0
Volkswagen,Arteon,2020,77373,2021-09-15,Hybride,Manuelle,130,Euro 1,Bleu,Berline,Japon,48000,42363.0
Peugeot,3008,2019,172407,2020-07-28,Gaz,Manuelle,90,Euro 5,Bleu,Monospace,France,35000,25432.0
Tesla,Model S,2005,186631,2005-08-11,Essence,Manuelle,90,Euro 3,Blanc,Break,France,95000,23725.0
Audi,Q5,2020,212909,2022-12-13,Essence,Manuelle,90,Euro 6,Rouge,Monospace,USA,65000,43483.0
Citroen,C3,2007,198690,2009-09-22,Essence,Automatique,200,Euro 3,Bleu,Monospace,France,16000,5700.0
Peugeot,308,2015,133304,2017-07-27,Essence,Manuelle,110,Euro 5,Rouge,Crossover,USA,30000,18060.0
Toyota,Hilux,2010,51727,2012-01-17,Diesel,Automatique,200,Euro 4,Gris,Monospace,USA,45000,25970.0
Renault,Talisman,2005,92733,2008-02-19,Essence,Automatique,90,Euro 3,Blanc,Break,Espagne,40000,14246.0
Dacia,Duster,2018,232356,2021-04-15,Diesel,Automatique,90,Euro 5,Noir,Break,USA,19900,13452.0
Toyota,Corolla,2006,27487,2008-06-24,Diesel,Automatique,130,Euro 3,Rouge,Crossover,Italie,28000,13772.0
Dacia,Sandero,2009,109488,2009-01-24,Gaz,Manuelle,150,Euro 3,Noir,Crossover,USA,15900,8505.0
Dacia,Sandero,2019,88645,2021-01-01,Electrique,Automatique,130,Euro 1,Bleu,Monospace,Italie,15900,18634.0
Peugeot,208,2011,62355,2011-02-13,Gaz,Manuelle,200,Euro 4,Blanc,Crossover,Allemagne,18000,11825.0
Audi,A3,2006,73702,2006-11-26,Diesel,Manuelle,150,Euro 3,Bleu,Monospace,USA,34000,13845.0
Toyota,Hilux,2017,147823,2019-07-10,Diesel,Automatique,90,Euro 5,Blanc,SUV,USA,45000,31135.0
BMW,Serie 5,2023,41192,2024-04-09,Electrique,Manuelle,130,Euro 1,Rouge,SUV,Japon,65000,66309.0
Toyota,Corolla,2019,187360,2022-12-27,Essence,Automatique,110,Euro 5,Noir,Break,France,28000,20167.0
Volkswagen,Passat,2020,16994,2022-06-16,Gaz,Manuelle,150,Euro 6,Blanc,Monospace,France,36000,33930.0
Toyota,RAV4,2012,29148,2015-11-11,Hybride,Automatique,200,Euro 1,Blanc,SUV,Italie,37000,27280.0
Renault,Megane,2007,88509,2007-05-27,Diesel,Automatique,90,Euro 3,Noir,Crossover,Italie,25000,11439.0
Toyota,RAV4,2014,63295,2015-07-31,Hybride,Automatique,150,Euro 1,Blanc,Crossover,Italie,37000,27840.0
Ford,Focus,2020,184873,2023-11-09,Hybride,Manuelle,90,Euro 1,Blanc,Monospace,Japon,26000,20930.0
Audi,Q5,2014,230575,2016-06-26,Diesel,Automatique,150,Euro 4,Bleu,Crossover,Japon,65000,32195.0
Mercedes,Classe E,2007,218655,2008-03-19,Essence,Manuelle,90,Euro 3,Blanc,Monospace,USA,75000,20972.0
Citroen,C5 Aircross,2023,214474,2026-01-19,Gaz,Automatique,150,Euro 6,Noir,SUV,USA,35000,30400.0
Toyota,Yaris,2016,126275,2017-09-22,Gaz,Manuelle,200,Euro 5,Rouge,Berline,Espagne,19000,14400.0
Citroen,C3,2009,91853,2009-05-28,Gaz,Automatique,200,Euro 3,Noir,SUV,Allemagne,16000,9890.0
Ford,Fiesta,2016,95099,2016-05-27,Hybride,Manuelle,90,Euro 1,Noir,Berline,Espagne,18000,14673.0
Mercedes,Classe C,2011,148348,2011-12-13,Gaz,Manuelle,150,Euro 4,Gris,Berline,Espagne,55000,27260.0
Renault,Megane,2011,215653,2012-11-07,Diesel,Automatique,150,Euro 4,Noir,SUV,Espagne,25000,11400.0
Volkswagen,Arteon,2013,153644,2016-10-06,Gaz,Automatique,130,Euro 4,Bleu,SUV,Espagne,48000,27456.0
Audi,A3,2006,85995,2008-12-20,Gaz,Automatique,130,Euro 3,Bleu,Monospace,Italie,34000,14744.0
Kia,Rio,2017,93143,2017-01-23,Essence,Automatique,200,Euro 5,Gris,SUV,USA,18900,15330.0
Toyota,Hilux,2011,42734,2011-10-09,Hybride,Automatique,90,Euro 1,Bleu,Crossover,Italie,45000,29013.0
BMW,X5,2024,223598,2024-03-28,Diesel,Manuelle,110,Euro 6,Rouge,Berline,Allemagne,80000,63258.0
Tesla,Model X,2020,243104,2020-05-06,Hybride,Automatique,110,Euro 1,Noir,Berline,Italie,120000,80704.0
Dacia,Sandero,2024,49537,2024-07-04,Gaz,Manuelle,200,Euro 6,Noir,Crossover,Italie,15900,18624.0
Kia,Sportage,2013,130195,2013-08-10,Gaz,Automatique,150,Euro 4,Blanc,Berline,Japon,34000,21060.0
Renault,Megane,2005,210995,2008-09-05,Essence,Automatique,90,Euro 3,Blanc,Berline,Japon,25000,5918.0
Ford,Kuga,2008,144119,2010-04-22,Diesel,Manuelle,110,Euro 3,Noir,Berline,Italie,34000,13338.0
Kia,Rio,2012,205370,2015-04-08,Gaz,Manuelle,150,Euro 4,Gris,Crossover,Japon,18900,9636.0
Renault,Captur,2016,11238,2018-01-18,Diesel,Manuelle,200,Euro 5,Gris,Break,Allemagne,28000,22500.0
Toyota,Hilux,2010,13825,2011-10-24,Diesel,Automatique,110,Euro 4,Blanc,SUV,Italie,45000,27417.0
Citroen,C3,2016,162477,2018-04-27,Diesel,Manuelle,90,Euro 5,Bleu,SUV,Allemagne,16000,10140.0
Mercedes,GLC,2011,246608,2012-08-30,Diesel,Manuelle,110,Euro 4,Bleu,Monospace,Italie,85000,31857.0
Tesla,Model S,2015,29174,2015-02-19,Hybride,Automatique,150,Euro 1,Noir,Break,USA,95000,72065.0
Mercedes,GLC,2010,150982,2013-11-15,Hybride,Manuelle,200,Euro 1,Gris,Break,Allemagne,85000,38700.0
Toyota,Yaris,2011,32285,2011-02-07,Diesel,Manuelle,200,Euro 4,Bleu,Crossover,Allemagne,19000,12180.0
Audi,A6,2017,183668,2018-12-02,Essence,Manuelle,150,Euro 5,Bleu,Crossover,Italie,72000,44225.0
Citroen,C5 Aircross,2022,224584,2025-09-01,Electrique,Automatique,90,Euro 1,Blanc,Break,USA,35000,30888.0
BMW,Serie 1,2005,212755,2008-12-29,Gaz,Automatique,110,Euro 3,Bleu,Crossover,USA,35000,8712.0
Toyota,RAV4,2011,14593,2013-08-07,Essence,Manuelle,110,Euro 4,Gris,Berline,USA,37000,22260.0
Toyota,Corolla,2012,124518,2013-10-31,Diesel,Automatique,150,Euro 4,Blanc,SUV,Italie,28000,16380.0
Hyundai,i30,2019,208771,2021-08-31,Hybride,Automatique,90,Euro 1,Blanc,Monospace,Italie,22000,18135.0
Citroen,C3,2012,135314,2013-01-28,Hybride,Automatique,90,Euro 1,Noir,Break,France,16000,11169.0
Peugeot,3008,2009,94221,2011-04-03,Essence,Manuelle,200,Euro 3,Bleu,Crossover,Italie,35000,16560.0
Kia,Ceed,2016,133929,2019-03-04,Diesel,Manuelle,200,Euro 5,Noir,Berline,Japon,23000,15750.0
Citroen,C4,2023,33155,2024-01-11,Hybride,Manuelle,130,Euro 1,Bleu,Berline,Espagne,24000,26602.0
Audi,A4,2023,188907,2025-02-06,Gaz,Manuelle,110,Euro 6,Noir,Monospace,Allemagne,48000,39974.0
Mercedes,GLC,2016,60695,2016-01-23,Essence,Automatique,200,Euro 5,Noir,Break,Allemagne,85000,61600.0
Citroen,C3,2009,203335,2010-05-18,Gaz,Manuelle,90,Euro 3,Noir,Crossover,Japon,16000,6440.0
BMW,Serie 1,2016,52437,2016-09-24,Hybride,Automatique,110,Euro 1,Noir,Monospace,Allemagne,35000,29181.0
Mercedes,Classe C,2008,237759,2008-10-20,Essence,Automatique,90,Euro 3,Noir,Monospace,Italie,55000,16501.0
Peugeot,3008,2016,145369,2016-11-01,Gaz,Automatique,150,Euro 5,Gris,Monospace,USA,35000,24800.0
Toyota,Yaris,2023,119468,2025-02-15,Diesel,Automatique,90,Euro 6,Bleu,Monospace,Allemagne,19000,18834.0
Tesla,Model X,2010,12346,2010-09-15,Diesel,Automatique,200,Euro 4,Gris,Berline,Japon,120000,70680.0
BMW,Serie 5,2017,71967,2019-01-08,Essence,Automatique,110,Euro 5,Bleu,Berline,Espagne,65000,48312.0
Dacia,Duster,2005,50384,2006-08-22,Gaz,Manuelle,130,Euro 3,Rouge,Monospace,USA,19900,8626.0
Toyota,Yaris,2006,199735,2006-06-30,Essence,Automatique,130,Euro 3,Gris,Berline,France,19000,5751.0
Dacia,Spring,2020,154554,2022-01-06,Essence,Automatique,150,Euro 6,Gris,Berline,USA,22000,17885.0
BMW,Serie 1,2009,129125,2011-02-06,Diesel,Automatique,90,Euro 3,Gris,Monospace,Japon,35000,16297.0
Dacia,Sandero,2014,192124,2015-01-16,Gaz,Automatique,90,Euro 4,Rouge,Crossover,Japon,15900,10353.0
Ford,Kuga,2005,201350,2007-01-03,Diesel,Automatique,130,Euro 3,Gris,Crossover,Espagne,34000,8579.0
Toyota,Yaris,2014,204234,2017-04-04,Hybride,Manuelle,150,Euro 1,Gris,Berline,USA,19000,11750.0
Dacia,Sandero,2023,196153,2023-10-06,Gaz,Automatique,90,Euro 6,Noir,Monospace,Japon,15900,15834.0
BMW,Serie 3,2018,82074,2020-02-03,Diesel,Automatique,130,Euro 5,Rouge,Berline,Italie,45000,35742.0
Dacia,Spring,2016,93701,2019-10-13,Essence,Manuelle,90,Euro 5,Bleu,Break,USA,22000,14673.0
Toyota,Hilux,2024,243925,2027-11-22,Electrique,Manuelle,90,Euro 1,Gris,SUV,Allemagne,45000,38684.0
Mercedes,Classe E,2006,140672,2009-02-03,Gaz,Manuelle,110,Euro 3,Gris,Crossover,Allemagne,75000,24832.0
Renault,Captur,2021,73198,2024-07-23,Diesel,Automatique,150,Euro 6,Rouge,Berline,Italie,28000,26460.0
Audi,A4,2019,176169,2019-08-05,Gaz,Manuelle,110,Euro 5,Noir,Berline,Espagne,48000,34408.0
Tesla,Model 3,2010,162654,2011-02-04,Hybride,Automatique,110,Euro 1,Bleu,Monospace,France,45000,21462.0
Renault,Clio,2008,53275,2008-10-20,Diesel,Automatique,110,Euro 3,Noir,Crossover,Italie,17000,9447.0
Kia,Rio,2012,58785,2012-02-27,Gaz,Automatique,110,Euro 4,Bleu,Break,USA,18900,13865.0
Peugeot,308,2021,186832,2023-01-21,Diesel,Manuelle,200,Euro 6,Bleu,Berline,Espagne,30000,23360.0
Mercedes,Classe E,2024,163039,2024-09-29,Hybride,Manuelle,130,Euro 1,Bleu,Crossover,France,75000,66612.0
Mercedes,Classe C,2020,178333,2022-09-29,Hybride,Manuelle,110,Euro 1,Gris,Berline,France,55000,41961.0
Dacia,Spring,2016,20560,2018-04-25,Diesel,Manuelle,200,Euro 5,Noir,Berline,USA,22000,17760.0
Ford,Kuga,2012,101576,2014-12-07,Diesel,Manuelle,130,Euro 4,Blanc,Crossover,Allemagne,34000,19062.0
Kia,Rio,2006,119259,2006-12-09,Diesel,Manuelle,150,Euro 3,Blanc,Monospace,Italie,18900,7140.0
Audi,A4,2022,108994,2022-10-15,Gaz,Automatique,110,Euro 6,Bleu,SUV,Italie,48000,44184.0
Renault,Talisman,2012,85333,2014-10-03,Diesel,Automatique,130,Euro 4,Bleu,Crossover,Allemagne,40000,24248.0
Audi,A6,2006,193980,2007-04-09,Diesel,Manuelle,150,Euro 3,Rouge,Break,USA,72000,19845.0
Kia,Rio,2015,203019,2018-08-10,Gaz,Automatique,130,Euro 5,Rouge,SUV,Espagne,18900,12561.0
Toyota,Hilux,2019,116442,2019-12-18,Gaz,Manuelle,110,Euro 5,Blanc,Monospace,Japon,45000,35224.0
Renault,Clio,2006,36340,2008-03-27,Essence,Manuelle,200,Euro 3,Gris,Break,Italie,17000,7740.0
Mercedes,Classe E,2020,37989,2022-07-17,Hybride,Automatique,90,Euro 1,Rouge,Berline,Allemagne,75000,68765.0
Renault,Clio,2014,175841,2015-07-30,Gaz,Automatique,130,Euro 4,Blanc,Crossover,Allemagne,17000,11554.0
Peugeot,3008,2018,78291,2020-11-30,Essence,Manuelle,130,Euro 5,Bleu,Break,Allemagne,35000,26475.0
Tesla,Model X,2017,180027,2018-10-17,Essence,Automatique,90,Euro 5,Bleu,Break,Espagne,120000,74359.0
Toyota,RAV4,2006,116968,2008-10-20,Diesel,Manuelle,150,Euro 3,Noir,Break,USA,37000,13475.0
Toyota,Hilux,2006,245504,2009-05-13,Diesel,Automatique,110,Euro 3,Rouge,Break,Italie,45000,10582.0
Citroen,C5 Aircross,2018,184438,2020-09-10,Essence,Automatique,110,Euro 5,Gris,Berline,Italie,35000,23744.0
Renault,Clio,2009,241832,2010-06-09,Essence,Manuelle,150,Euro 3,Blanc,SUV,Espagne,17000,5425.0
Volkswagen,Tiguan,2012,113753,2014-05-02,Hybride,Manuelle,150,Euro 1,Noir,SUV,USA,40000,23585.0
Toyota,Corolla,2024,170445,2027-10-23,Essence,Automatique,150,Euro 6,Bleu,Crossover,Japon,28000,25315.0
Volkswagen,Arteon,2023,180323,2026-01-24,Gaz,Manuelle,110,Euro 6,Bleu,Monospace,USA,48000,39974.0
Renault,Clio,2014,109979,2015-10-20,Gaz,Manuelle,90,Euro 4,Rouge,Crossover,Italie,17000,11640.0
Ford,Kuga,2019,108681,2019-01-06,Gaz,Automatique,130,Euro 5,Rouge,Monospace,USA,34000,29100.0
Ford,Kuga,2020,29647,2021-06-29,Essence,Manuelle,130,Euro 6,Gris,Monospace,USA,34000,29498.0
Dacia,Spring,2022,58630,2025-12-20,Electrique,Automatique,200,Euro 1,Gris,Break,Espagne,22000,27590.0
Toyota,Yaris,2015,165237,2017-03-21,Gaz,Automatique,90,Euro 5,Noir,Monospace,Espagne,19000,13338.0
BMW,X5,2005,77024,2006-02-25,Diesel,Automatique,200,Euro 3,Rouge,Crossover,Espagne,80000,30240.0
Citroen,C5 Aircross,2014,140489,2015-09-16,Essence,Manuelle,150,Euro 4,Noir,Monospace,Allemagne,35000,19880.0
Audi,A4,2005,55220,2005-03-25,Diesel,Manuelle,200,Euro 3,Noir,Crossover,Allemagne,48000,19000.0
Ford,Fiesta,2017,116655,2018-08-24,Essence,Automatique,110,Euro 5,Gris,Crossover,Japon,18000,13668.0
Tesla,Model 3,2019,19265,2022-11-22,Electrique,Automatique,110,Euro 1,Noir,Berline,Espagne,45000,44604.0
Ford,Focus,2023,183529,2026-07-30,Hybride,Automatique,130,Euro 1,Bleu,Break,Espagne,26000,25517.0
Kia,Sportage,2020,101521,2023-02-05,Diesel,Automatique,130,Euro 6,Noir,Berline,France,34000,29094.0
Citroen,C4,2012,162078,2012-04-24,Diesel,Automatique,150,Euro 4,Gris,Monospace,France,24000,13200.0
Volkswagen,Tiguan,2023,207525,2023-06-29,Diesel,Automatique,200,Euro 6,Rouge,Monospace,France,40000,33880.0
Ford,Fiesta,2006,209865,2009-12-20,Gaz,Manuelle,130,Euro 3,Rouge,Berline,USA,18000,5408.0
Kia,Sportage,2018,84176,2018-11-18,Diesel,Manuelle,200,Euro 5,Blanc,Crossover,USA,34000,26640.0
Hyundai,Tucson,2019,74180,2020-06-02,Electrique,Automatique,200,Euro 1,Noir,SUV,France,35000,34320.0
Citroen,C3,2019,63907,2021-03-08,Essence,Automatique,110,Euro 5,Rouge,Berline,Japon,16000,14299.0
Citroen,C3,2015,182827,2016-08-15,Gaz,Automatique,90,Euro 5,Noir,Berline,Espagne,16000,11220.0
Tesla,Model 3,2008,131926,2011-07-04,Essence,Automatique,90,Euro 3,Noir,Berline,Japon,45000,18291.0
BMW,Serie 5,2015,81134,2017-03-06,Hybride,Manuelle,110,Euro 1,Blanc,Berline,Japon,65000,44915.0
Dacia,Duster,2014,52675,2016-12-21,Diesel,Manuelle,130,Euro 4,Noir,SUV,Italie,19900,13780.0
Mercedes,Classe A,2005,173009,2008-03-15,Diesel,Automatique,150,Euro 3,Noir,Crossover,France,38000,10790.0
BMW,X5,2014,43599,2015-09-23,Diesel,Manuelle,150,Euro 4,Bleu,Berline,Espagne,80000,53790.0
Hyundai,i30,2009,105299,2009-12-03,Gaz,Manuelle,200,Euro 3,Noir,Break,USA,22000,11475.0
BMW,X5,2021,77384,2023-07-25,Hybride,Manuelle,130,Euro 1,Gris,Crossover,USA,80000,70812.0
Peugeot,308,2013,153375,2014-11-19,Gaz,Automatique,150,Euro 4,Noir,Break,Italie,30000,18200.0
Audi,Q5,2020,192199,2023-12-31,Diesel,Automatique,110,Euro 6,Rouge,Break,Japon,65000,46989.0
Hyundai,i20,2022,142059,2025-06-25,Electrique,Automatique,90,Euro 1,Bleu,Break,Espagne,19500,21920.0
Citroen,C4,2008,47640,2010-02-14,Gaz,Manuelle,150,Euro 3,Rouge,Break,Japon,24000,12960.0
Dacia,Spring,2006,166939,2009-05-29,Diesel,Automatique,110,Euro 3,Gris,Break,Espagne,22000,7530.0
Hyundai,Tucson,2023,111997,2024-01-08,Hybride,Manuelle,150,Euro 1,Gris,Crossover,Espagne,35000,33970.0
Citroen,C3,2019,104508,2019-11-25,Gaz,Manuelle,110,Euro 5,Bleu,Break,Italie,16000,13950.0
Ford,Fiesta,2023,216693,2026-09-21,Gaz,Manuelle,150,Euro 6,Rouge,Berline,Espagne,18000,15960.0
Ford,Focus,2015,240236,2018-06-21,Diesel,Manuelle,150,Euro 5,Blanc,Berline,Italie,26000,13475.0
Kia,Sportage,2015,94292,2018-01-22,Diesel,Manuelle,200,Euro 5,Bleu,SUV,Japon,34000,23040.0
Hyundai,i30,2013,147108,2016-05-11,Diesel,Manuelle,110,Euro 4,Gris,Crossover,USA,22000,12243.0
Kia,Rio,2021,232243,2024-04-30,Electrique,Automatique,150,Euro 1,Blanc,Crossover,Allemagne,18900,18632.0
Renault,Clio,2019,113987,2022-06-15,Essence,Manuelle,90,Euro 5,Bleu,SUV,USA,17000,12506.0
BMW,X5,2019,175797,2021-07-09,Diesel,Automatique,110,Euro 5,Bleu,Crossover,France,80000,56508.0
Tesla,Model 3,2008,186843,2008-12-13,Essence,Automatique,200,Euro 3,Gris,Crossover,USA,45000,16320.0
Ford,Fiesta,2022,202873,2022-01-27,Gaz,Manuelle,200,Euro 6,Blanc,Break,USA,18000,15910.0
Citroen,C4,2015,138260,2017-05-25,Gaz,Automatique,90,Euro 5,Blanc,SUV,France,24000,17040.0
Audi,A3,2021,243822,2024-12-27,Diesel,Manuelle,110,Euro 6,Bleu,Break,France,34000,23517.0
Dacia,Spring,2014,111336,2017-09-18,Essence,Manuelle,90,Euro 4,Noir,SUV,Italie,22000,12921.0
Toyota,Yaris,2021,99880,2021-11-12,Essence,Automatique,110,Euro 6,Rouge,SUV,Italie,19000,17302.0
Dacia,Duster,2024,40018,2025-05-10,Electrique,Manuelle,200,Euro 1,Rouge,Berline,Italie,19900,25824.0
Hyundai,i30,2006,26165,2007-03-09,Essence,Automatique,130,Euro 3,Bleu,Crossover,Espagne,22000,10692.0
Ford,Kuga,2010,156578,2013-02-22,Hybride,Automatique,90,Euro 1,Noir,Monospace,Allemagne,34000,17157.0
Toyota,RAV4,2024,114579,2025-04-11,Essence,Manuelle,150,Euro 6,Noir,Break,Allemagne,37000,33375.0
Kia,Rio,2007,46717,2008-06-09,Essence,Automatique,90,Euro 3,Bleu,Berline,France,18900,9360.0
Mercedes,Classe A,2016,117753,2016-11-25,Hybride,Manuelle,110,Euro 1,Rouge,Berline,Allemagne,38000,27365.0
Kia,Rio,2014,153500,2015-05-27,Essence,Automatique,130,Euro 4,Rouge,SUV,France,18900,11660.0
Volkswagen,Tiguan,2022,114981,2023-03-04,Diesel,Manuelle,130,Euro 6,Gris,Monospace,USA,40000,34279.0
Kia,Ceed,2007,94593,2010-11-18,Gaz,Manuelle,110,Euro 3,Noir,Crossover,France,23000,10240.0
Dacia,Duster,2015,124913,2015-08-28,Essence,Manuelle,90,Euro 5,Noir,Crossover,Espagne,19900,12078.0
Tesla,Model 3,2015,55670,2015-05-02,Diesel,Manuelle,110,Euro 5,Rouge,Monospace,Italie,45000,31348.0
Hyundai,i30,2009,173558,2011-10-06,Essence,Manuelle,130,Euro 3,Blanc,Break,USA,22000,8474.0
Hyundai,i20,2011,229000,2013-11-10,Essence,Manuelle,130,Euro 4,Bleu,Crossover,Italie,19500,7722.0
Renault,Talisman,2011,144743,2012-02-08,Essence,Manuelle,130,Euro 4,Noir,Monospace,Allemagne,40000,18941.0
Hyundai,Tucson,2010,78679,2010-05-13,Gaz,Manuelle,110,Euro 4,Bleu,Break,France,35000,19176.0
BMW,X5,2016,99366,2017-08-14,Essence,Automatique,110,Euro 5,Noir,Berline,USA,80000,55007.0
Peugeot,5008,2009,51489,2010-03-16,Diesel,Manuelle,90,Euro 3,Rouge,SUV,Allemagne,42000,21450.0
Toyota,RAV4,2022,146221,2024-09-05,Diesel,Manuelle,130,Euro 6,Gris,SUV,Japon,37000,30640.0
Volkswagen,Tiguan,2013,130837,2014-12-04,Essence,Automatique,130,Euro 4,Rouge,Berline,USA,40000,22842.0
Renault,Clio,2006,188876,2007-11-29,Gaz,Manuelle,90,Euro 3,Gris,Crossover,USA,17000,5432.0
Hyundai,i30,2024,200880,2027-11-16,Essence,Automatique,130,Euro 6,Blanc,Crossover,Espagne,22000,19440.0
Mercedes,Classe C,2020,194241,2020-01-22,Essence,Manuelle,90,Euro 6,Bleu,SUV,Allemagne,55000,37881.0
BMW,Serie 1,2023,206097,2026-02-12,Gaz,Manuelle,150,Euro 6,Noir,SUV,Japon,35000,29260.0
Toyota,Yaris,2016,188089,2016-06-04,Diesel,Automatique,130,Euro 5,Gris,Break,Japon,19000,12934.0
BMW,Serie 5,2018,245767,2020-10-30,Essence,Automatique,110,Euro 5,Rouge,Break,Japon,65000,38918.0
Dacia,Sandero,2009,183791,2011-01-09,Gaz,Manuelle,150,Euro 3,Blanc,SUV,Italie,15900,6993.0
Ford,Fiesta,2015,209557,2015-10-05,Gaz,Manuelle,90,Euro 5,Blanc,SUV,Japon,18000,10812.0
Mercedes,GLC,2021,215606,2024-01-17,Essence,Automatique,90,Euro 6,Gris,Break,France,85000,60830.0
Citroen,C3,2009,236214,2009-10-29,Essence,Automatique,150,Euro 3,Bleu,Berline,France,16000,5920.0
Toyota,Yaris,2020,221708,2023-01-03,Essence,Automatique,130,Euro 6,Bleu,Break,France,19000,14058.0
Dacia,Spring,2017,50733,2018-03-15,Gaz,Manuelle,110,Euro 5,Gris,Crossover,USA,22000,18204.0
Ford,Focus,2015,199242,2018-09-15,Diesel,Manuelle,110,Euro 5,Bleu,Crossover,Allemagne,26000,14634.0
Ford,Focus,2018,103081,2021-06-27,Gaz,Automatique,110,Euro 5,Noir,Crossover,France,26000,22032.0
BMW,Serie 3,2016,163496,2016-10-12,Hybride,Automatique,130,Euro 1,Blanc,Break,USA,45000,30780.0
Renault,Talisman,2011,163810,2011-07-20,Hybride,Automatique,110,Euro 1,Blanc,Crossover,Allemagne,40000,20745.0
Volkswagen,Golf,2024,92858,2027-10-11,Electrique,Automatique,200,Euro 1,Blanc,Berline,Allemagne,25000,30940.0
Toyota,RAV4,2017,247677,2020-09-06,Gaz,Manuelle,130,Euro 5,Bleu,Monospace,France,37000,21890.0
Hyundai,Tucson,2008,73240,2011-08-29,Gaz,Automatique,90,Euro 3,Rouge,Crossover,Japon,35000,17730.0
Kia,Sportage,2023,82524,2024-07-28,Diesel,Manuelle,90,Euro 6,Rouge,Berline,Italie,34000,31061.0
Volkswagen,Golf,2023,36055,2025-06-16,Hybride,Manuelle,150,Euro 1,Noir,Berline,France,25000,27730.0
BMW,Serie 1,2020,101375,2023-01-24,Gaz,Manuelle,200,Euro 6,Bleu,Break,USA,35000,30030.0
Volkswagen,Arteon,2013,19412,2016-08-11,Gaz,Manuelle,200,Euro 4,Gris,Berline,Japon,48000,33990.0
Ford,Focus,2005,140857,2008-12-07,Gaz,Automatique,90,Euro 3,Bleu,Crossover,Allemagne,26000,8816.0
Mercedes,Classe E,2008,224546,2010-09-30,Gaz,Automatique,200,Euro 3,Noir,Monospace,USA,75000,24150.0
Peugeot,208,2019,241790,2019-02-08,Diesel,Manuelle,90,Euro 5,Rouge,Crossover,Italie,18000,11529.0
Mercedes,Classe A,2021,33078,2023-01-28,Diesel,Manuelle,150,Euro 6,Rouge,Break,USA,38000,34760.0
BMW,X5,2024,23892,2027-01-08,Diesel,Automatique,200,Euro 6,Noir,Break,USA,80000,82320.0
BMW,Serie 3,2015,10274,2018-03-30,Diesel,Manuelle,200,Euro 5,Blanc,SUV,USA,45000,33840.0
BMW,Serie 1,2013,21599,2013-05-04,Hybride,Automatique,90,Euro 1,Rouge,SUV,Espagne,35000,26585.0
Hyundai,i30,2011,39199,2013-01-30,Hybride,Manuelle,130,Euro 1,Blanc,Break,France,22000,15254.0
Volkswagen,Arteon,2017,80067,2018-02-10,Gaz,Manuelle,90,Euro 5,Blanc,Break,France,48000,35784.0
Kia,Sportage,2023,248160,2024-01-15,Gaz,Manuelle,90,Euro 6,Bleu,Monospace,Espagne,34000,26572.0
Citroen,C3,2007,181915,2009-12-21,Diesel,Manuelle,130,Euro 3,Gris,SUV,USA,16000,5363.0
Tesla,Model 3,2005,134160,2007-02-23,Essence,Manuelle,90,Euro 3,Noir,Berline,Italie,45000,13470.0
Audi,A3,2010,191557,2010-04-01,Hybride,Automatique,110,Euro 1,Bleu,SUV,USA,34000,15639.0
Audi,A3,2018,198454,2018-02-21,Hybride,Manuelle,110,Euro 1,Bleu,Monospace,France,34000,24003.0
Dacia,Sandero,2011,138792,2011-09-18,Essence,Automatique,130,Euro 4,Noir,Berline,USA,15900,8736.0
Ford,Focus,2021,11890,2022-06-29,Essence,Manuelle,110,Euro 6,Blanc,Berline,Japon,26000,23490.0
BMW,Serie 5,2015,82741,2018-01-29,Diesel,Manuelle,130,Euro 5,Bleu,SUV,Allemagne,65000,43095.0
Ford,Focus,2007,186435,2008-02-25,Essence,Manuelle,200,Euro 3,Gris,Break,USA,26000,8370.0
Peugeot,3008,2020,219350,2023-11-25,Diesel,Automatique,130,Euro 6,Bleu,SUV,Japon,35000,25661.0
Toyota,Hilux,2017,39264,2017-01-15,Gaz,Manuelle,150,Euro 5,Blanc,Monospace,Allemagne,45000,36480.0
Tesla,Model 3,2011,121945,2011-12-13,Essence,Automatique,150,Euro 4,Blanc,SUV,Italie,45000,23275.0
Renault,Captur,2010,226046,2012-09-11,Gaz,Automatique,200,Euro 4,Noir,Berline,Japon,28000,12060.0
Peugeot,308,2019,27714,2020-11-15,Gaz,Manuelle,130,Euro 5,Rouge,Monospace,Espagne,30000,27224.0
Kia,Rio,2023,179578,2025-11-04,Essence,Automatique,200,Euro 6,Bleu,Monospace,Allemagne,18900,17520.0
Mercedes,Classe C,2016,79491,2019-09-03,Gaz,Manuelle,90,Euro 5,Noir,Berline,USA,55000,39606.0
Renault,Clio,2011,152757,2014-05-06,Diesel,Automatique,130,Euro 4,Bleu,Berline,Italie,17000,9338.0
Peugeot,5008,2019,92542,2020-02-25,Electrique,Manuelle,130,Euro 1,Bleu,SUV,USA,42000,36708.0
Hyundai,i30,2007,127350,2008-06-06,Essence,Automatique,150,Euro 3,Noir,SUV,USA,22000,9065.0
Tesla,Model 3,2011,78553,2014-12-15,Hybride,Manuelle,90,Euro 1,Gris,Break,France,45000,26406.0
Audi,Q5,2012,149870,2015-11-29,Hybride,Automatique,130,Euro 1,Rouge,Break,Italie,65000,35650.0
Kia,Sportage,2008,246103,2008-01-28,Gaz,Automatique,90,Euro 3,Bleu,SUV,USA,34000,10752.0
Toyota,Yaris,2016,81279,2016-03-03,Gaz,Manuelle,90,Euro 5,Gris,Break,Italie,19000,14552.0
Audi,A3,2015,123960,2015-07-03,Gaz,Automatique,130,Euro 5,Blanc,Monospace,Allemagne,34000,23668.0
Hyundai,i20,2010,60067,2012-06-07,Gaz,Manuelle,200,Euro 4,Blanc,SUV,France,19500,11960.0
Dacia,Sandero,2012,62838,2012-04-21,Hybride,Manuelle,110,Euro 1,Bleu,SUV,Japon,15900,11600.0
Peugeot,308,2020,35155,2021-06-27,Diesel,Automatique,200,Euro 6,Rouge,Break,France,30000,28900.0
Kia,Ceed,2021,117287,2022-12-15,Diesel,Automatique,130,Euro 6,Rouge,Monospace,France,23000,21040.0
Peugeot,308,2007,228078,2008-08-04,Essence,Automatique,150,Euro 3,Rouge,Berline,France,30000,8775.0
Citroen,C5 Aircross,2013,69960,2015-08-24,Hybride,Manuelle,200,Euro 1,Rouge,SUV,Allemagne,35000,24400.0
Citroen,C4,2018,236227,2018-03-16,Electrique,Automatique,130,Euro 1,Rouge,Crossover,France,24000,19057.0
Tesla,Model S,2016,198148,2016-09-04,Diesel,Manuelle,90,Euro 5,Bleu,Monospace,Japon,95000,54663.0
Tesla,Model 3,2009,71798,2010-07-14,Essence,Manuelle,130,Euro 3,Bleu,SUV,Japon,45000,21744.0
Ford,Kuga,2023,227162,2023-06-05,Hybride,Manuelle,200,Euro 1,Noir,Monospace,Italie,34000,29250.0
Toyota,RAV4,2006,244411,2006-05-07,Diesel,Automatique,200,Euro 3,Blanc,Berline,Allemagne,37000,9020.0
Renault,Talisman,2018,20969,2020-08-26,Electrique,Automatique,200,Euro 1,Bleu,SUV,USA,40000,39200.0
Mercedes,Classe E,2019,141608,2019-08-02,Essence,Manuelle,150,Euro 5,Gris,Break,Italie,75000,53605.0
Mercedes,GLC,2022,149270,2022-01-10,Hybride,Automatique,150,Euro 1,Noir,Berline,Italie,85000,73200.0
Hyundai,i20,2012,151248,2015-04-10,Essence,Automatique,110,Euro 4,Noir,Break,USA,19500,10584.0
Tesla,Model 3,2019,215822,2019-11-14,Essence,Manuelle,200,Euro 5,Gris,Berline,Italie,45000,29440.0
Ford,Focus,2015,237324,2015-08-02,Essence,Manuelle,90,Euro 5,Noir,SUV,France,26000,12950.0
Toyota,Corolla,2006,239970,2007-03-27,Essence,Automatique,200,Euro 3,Noir,Berline,France,28000,7130.0
BMW,X5,2024,191669,2027-05-02,Gaz,Automatique,200,Euro 6,Noir,Break,Japon,80000,69255.0
Dacia,Sandero,2024,65541,2027-05-15,Electrique,Automatique,150,Euro 1,Rouge,SUV,Espagne,15900,22936.0
Citroen,C3,2013,209731,2014-10-07,Essence,Manuelle,200,Euro 4,Blanc,Berline,France,16000,7990.0
Hyundai,i30,2023,54181,2026-02-19,Gaz,Manuelle,200,Euro 6,Gris,SUV,Allemagne,22000,23460.0
Citroen,C4,2008,198756,2008-11-21,Diesel,Manuelle,130,Euro 3,Bleu,Crossover,USA,24000,8349.0
Tesla,Model X,2021,14591,2021-11-24,Electrique,Automatique,130,Euro 1,Blanc,Berline,France,120000,115470.0
BMW,Serie 1,2011,26622,2011-01-14,Essence,Automatique,90,Euro 4,Noir,Berline,France,35000,21771.0
Dacia,Sandero,2009,212133,2011-09-14,Essence,Manuelle,90,Euro 3,Rouge,Berline,France,15900,5372.0
Toyota,RAV4,2013,120505,2013-08-04,Gaz,Automatique,110,Euro 4,Noir,Monospace,Japon,37000,22880.0
Renault,Talisman,2016,62096,2019-10-17,Hybride,Manuelle,130,Euro 1,Rouge,Monospace,Japon,40000,31010.0
Ford,Fiesta,2011,102402,2011-11-26,Gaz,Automatique,130,Euro 4,Noir,Break,Espagne,18000,11628.0
Hyundai,Tucson,2014,128089,2014-08-25,Hybride,Manuelle,90,Euro 1,Blanc,Crossover,Japon,35000,22562.0
Kia,Ceed,2022,43946,2023-10-30,Hybride,Automatique,110,Euro 1,Blanc,Monospace,France,23000,26190.0
Citroen,C5 Aircross,2012,155467,2013-08-29,Gaz,Manuelle,130,Euro 4,Bleu,SUV,Espagne,35000,18522.0
Peugeot,3008,2005,56187,2006-08-04,Essence,Automatique,90,Euro 3,Noir,SUV,Japon,35000,14022.0
Mercedes,Classe E,2009,26950,2010-06-15,Essence,Automatique,110,Euro 3,Noir,Berline,Espagne,75000,40863.0
Audi,A3,2023,87791,2024-12-08,Electrique,Manuelle,200,Euro 1,Bleu,Break,Japon,34000,36490.0
Peugeot,208,2022,79636,2022-04-19,Essence,Manuelle,110,Euro 6,Gris,Break,USA,18000,15747.0
Mercedes,Classe E,2010,65689,2012-08-24,Gaz,Automatique,130,Euro 4,Bleu,Monospace,USA,75000,41496.0
Audi,Q5,2023,34899,2025-08-07,Electrique,Manuelle,110,Euro 1,Gris,Monospace,Japon,65000,66834.0
Audi,A6,2010,214827,2013-02-01,Essence,Manuelle,130,Euro 4,Gris,SUV,Espagne,72000,26751.0
Kia,Rio,2022,132220,2025-12-17,Diesel,Manuelle,110,Euro 6,Bleu,SUV,Espagne,18900,16200.0
Mercedes,Classe C,2006,112249,2006-06-07,Essence,Automatique,110,Euro 3,Bleu,Berline,USA,55000,19985.0
Audi,A3,2011,102884,2013-09-16,Diesel,Manuelle,90,Euro 4,Blanc,Break,Italie,34000,17799.0
Tesla,Model 3,2012,201335,2014-09-08,Gaz,Automatique,200,Euro 4,Gris,Crossover,Espagne,45000,22220.0
BMW,Serie 1,2021,31517,2024-09-25,Gaz,Automatique,130,Euro 6,Rouge,Break,Espagne,35000,35024.0
Dacia,Duster,2007,114288,2009-08-19,Gaz,Automatique,150,Euro 3,Noir,Monospace,USA,19900,9462.0
Volkswagen,Golf,2012,67928,2014-02-23,Diesel,Automatique,90,Euro 4,Blanc,Crossover,Italie,25000,16182.0
Tesla,Model S,2006,107958,2009-03-06,Diesel,Manuelle,130,Euro 3,Gris,Break,Allemagne,95000,34668.0
Ford,Kuga,2019,238436,2022-03-23,Electrique,Manuelle,130,Euro 1,Gris,Monospace,Italie,34000,24986.0
Dacia,Spring,2016,191754,2019-07-24,Diesel,Manuelle,150,Euro 5,Gris,Berline,Espagne,22000,13395.0
Ford,Kuga,2017,84119,2019-07-22,Gaz,Manuelle,200,Euro 5,Blanc,Break,USA,34000,26625.0
Mercedes,GLC,2013,62496,2015-02-14,Hybride,Automatique,90,Euro 1,Gris,Berline,Espagne,85000,55449.0
Kia,Ceed,2018,21045,2018-02-12,Electrique,Automatique,90,Euro 1,Bleu,SUV,France,23000,24720.0
Renault,Clio,2014,63083,2017-10-25,Gaz,Manuelle,130,Euro 4,Noir,Berline,France,17000,12672.0
Tesla,Model X,2022,55820,2023-04-01,Hybride,Manuelle,110,Euro 1,Rouge,Crossover,USA,120000,110449.0
Volkswagen,Golf,2017,37831,2018-11-04,Essence,Automatique,200,Euro 5,Bleu,Crossover,Allemagne,25000,21280.0
Ford,Focus,2018,157667,2018-12-03,Electrique,Manuelle,130,Euro 1,Rouge,SUV,Italie,26000,21641.0
Tesla,Model S,2023,42222,2025-01-05,Gaz,Automatique,200,Euro 6,Blanc,SUV,France,95000,93465.0
Mercedes,Classe E,2023,29297,2025-09-14,Gaz,Manuelle,200,Euro 6,Blanc,Monospace,Japon,75000,74575.0
Hyundai,i20,2007,26567,2007-06-29,Essence,Automatique,110,Euro 3,Noir,Monospace,France,19500,10152.0
Volkswagen,Arteon,2024,242490,2025-02-09,Gaz,Manuelle,150,Euro 6,Blanc,Berline,Japon,48000,38760.0
Dacia,Sandero,2018,28702,2020-07-16,Diesel,Automatique,110,Euro 5,Rouge,Berline,France,15900,15200.0
Toyota,RAV4,2019,182683,2022-12-27,Hybride,Manuelle,110,Euro 1,Blanc,Berline,USA,37000,27537.0
BMW,Serie 3,2020,17576,2023-01-27,Gaz,Manuelle,150,Euro 6,Gris,Berline,Italie,45000,41760.0
Renault,Clio,2016,105652,2018-02-21,Essence,Manuelle,130,Euro 5,Bleu,Crossover,Japon,17000,11418.0
Kia,Rio,2021,29818,2021-01-03,Essence,Automatique,200,Euro 6,Rouge,Crossover,Espagne,18900,19491.0
Toyota,Yaris,2011,39652,2011-10-12,Gaz,Automatique,90,Euro 4,Rouge,Crossover,Allemagne,19000,13572.0
Toyota,RAV4,2021,39936,2022-07-05,Electrique,Manuelle,130,Euro 1,Rouge,Break,France,37000,38104.0
Toyota,Hilux,2023,18625,2025-07-17,Diesel,Manuelle,110,Euro 6,Gris,Break,Italie,45000,44256.0
BMW,Serie 1,2005,207254,2007-12-30,Gaz,Automatique,110,Euro 3,Blanc,Berline,Italie,35000,9108.0
Kia,Rio,2021,30467,2023-11-25,Electrique,Manuelle,150,Euro 1,Gris,Berline,France,18900,22352.0
Toyota,Corolla,2013,189447,2016-03-21,Diesel,Manuelle,90,Euro 4,Blanc,Berline,Japon,28000,14161.0
Ford,Kuga,2010,77012,2011-01-07,Essence,Automatique,90,Euro 4,Bleu,SUV,Italie,34000,18309.0
Dacia,Spring,2011,88656,2013-11-21,Essence,Automatique,200,Euro 4,Rouge,Crossover,Italie,22000,13250.0
Dacia,Duster,2023,146990,2026-07-31,Hybride,Automatique,90,Euro 1,Blanc,SUV,USA,19900,21414.0
Renault,Captur,2016,218402,2019-01-04,Diesel,Automatique,150,Euro 5,Rouge,Crossover,France,28000,17325.0
Kia,Sportage,2022,79955,2022-05-16,Electrique,Manuelle,130,Euro 1,Noir,Crossover,Allemagne,34000,35061.0
BMW,Serie 5,2015,43375,2016-08-29,Diesel,Automatique,150,Euro 5,Blanc,Berline,Allemagne,65000,47265.0
Kia,Ceed,2024,229546,2027-10-06,Essence,Automatique,110,Euro 6,Bleu,SUV,Italie,23000,19578.0
Renault,Talisman,2015,95064,2017-06-28,Essence,Automatique,130,Euro 5,Blanc,Crossover,Japon,40000,27072.0
Audi,A4,2008,134600,2009-04-10,Essence,Manuelle,150,Euro 3,Blanc,Crossover,France,48000,18915.0
Ford,Fiesta,2011,148319,2012-04-17,Gaz,Automatique,200,Euro 4,Rouge,Berline,USA,18000,11045.0
Ford,Focus,2006,108365,2006-02-01,Diesel,Automatique,110,Euro 3,Gris,Break,USA,26000,10476.0
Tesla,Model X,2023,163275,2025-02-21,Electrique,Manuelle,90,Euro 1,Noir,Break,USA,120000,101979.0
Renault,Talisman,2016,130267,2019-02-01,Hybride,Automatique,200,Euro 1,Gris,Monospace,USA,40000,29610.0
Mercedes,GLC,2006,30781,2007-07-16,Gaz,Manuelle,110,Euro 3,Rouge,Break,USA,85000,37668.0
Hyundai,i30,2013,192803,2013-04-24,Essence,Automatique,130,Euro 4,Noir,Break,France,22000,11664.0
Hyundai,i20,2009,19464,2010-08-04,Gaz,Manuelle,90,Euro 3,Gris,Crossover,Italie,19500,11826.0
Audi,A3,2013,204194,2014-02-06,Gaz,Automatique,150,Euro 4,Rouge,Berline,Italie,34000,18330.0
Audi,Q5,2015,108846,2017-04-19,Diesel,Manuelle,110,Euro 5,Noir,SUV,Espagne,65000,41643.0
Renault,Megane,2005,148221,2007-11-08,Gaz,Manuelle,200,Euro 3,Blanc,Berline,Espagne,25000,8265.0
Hyundai,Tucson,2010,16382,2013-12-12,Gaz,Manuelle,110,Euro 4,Blanc,Break,France,35000,21432.0
Ford,Focus,2005,106928,2008-11-30,Gaz,Manuelle,200,Euro 3,Rouge,Monospace,USA,26000,9735.0
Toyota,Yaris,2018,223187,2018-01-08,Electrique,Manuelle,110,Euro 1,Rouge,Crossover,France,19000,15060.0
Peugeot,308,2020,39258,2022-11-02,Diesel,Automatique,110,Euro 6,Blanc,Break,France,30000,28135.0
Citroen,C3,2007,172228,2008-05-01,Essence,Manuelle,90,Euro 3,Noir,SUV,Japon,16000,5088.0
Audi,A4,2017,33068,2020-03-16,Essence,Automatique,150,Euro 5,Rouge,Monospace,Japon,48000,38380.0
BMW,Serie 5,2019,47400,2020-09-23,Diesel,Automatique,200,Euro 5,Noir,Break,France,65000,55890.0
Renault,Megane,2014,12115,2015-04-09,Hybride,Automatique,90,Euro 1,Noir,Break,USA,25000,21321.0
Mercedes,GLC,2007,218396,2007-09-03,Gaz,Automatique,110,Euro 3,Blanc,Break,France,85000,25088.0
Volkswagen,Golf,2018,115012,2019-01-10,Gaz,Manuelle,150,Euro 5,Bleu,Monospace,France,25000,19880.0
BMW,X5,2006,74956,2009-05-14,Gaz,Automatique,130,Euro 3,Gris,Crossover,Allemagne,80000,33072.0
Hyundai,Tucson,2007,67656,2007-11-17,Gaz,Manuelle,90,Euro 3,Gris,Monospace,France,35000,16082.0
Citroen,C4,2014,134227,2014-04-01,Gaz,Automatique,150,Euro 4,Rouge,SUV,USA,24000,16530.0
Audi,A4,2012,185835,2013-07-03,Hybride,Automatique,110,Euro 1,Noir,Break,Italie,48000,24886.0
Mercedes,Classe E,2006,32182,2007-05-06,Gaz,Manuelle,90,Euro 3,Noir,Crossover,USA,75000,33282.0
Renault,Megane,2006,243937,2006-02-18,Essence,Automatique,130,Euro 3,Blanc,Monospace,Allemagne,25000,6006.0
Volkswagen,Arteon,2017,30900,2020-05-07,Essence,Manuelle,110,Euro 5,Noir,Break,Italie,48000,36556.0
Ford,Kuga,2013,234520,2016-10-09,Hybride,Automatique,130,Euro 1,Gris,Crossover,Allemagne,34000,17732.0
Audi,Q5,2009,12827,2012-08-01,Diesel,Automatique,110,Euro 3,Gris,Berline,France,65000,36774.0
BMW,Serie 3,2005,138404,2005-09-11,Gaz,Automatique,150,Euro 3,Noir,Monospace,Italie,45000,15000.0
Volkswagen,Tiguan,2024,136101,2025-06-12,Gaz,Automatique,130,Euro 6,Blanc,Monospace,Espagne,40000,38976.0
Mercedes,Classe E,2010,23304,2012-05-27,Hybride,Manuelle,130,Euro 1,Rouge,Berline,France,75000,44408.0
Ford,Fiesta,2009,225636,2012-09-03,Diesel,Automatique,130,Euro 3,Bleu,Monospace,Japon,18000,7029.0
BMW,Serie 3,2024,204552,2027-06-27,Electrique,Automatique,150,Euro 1,Noir,Berline,France,45000,42800.0
Toyota,Hilux,2010,206814,2011-09-28,Gaz,Manuelle,200,Euro 4,Noir,Monospace,Italie,45000,18430.0
BMW,Serie 3,2022,112103,2023-01-27,Gaz,Manuelle,130,Euro 6,Blanc,Monospace,Italie,45000,39674.0
Toyota,Yaris,2019,211729,2020-10-16,Essence,Manuelle,130,Euro 5,Noir,Crossover,Italie,19000,12352.0
Citroen,C3,2011,182535,2013-02-06,Gaz,Automatique,130,Euro 4,Bleu,Break,Espagne,16000,8944.0
Hyundai,i30,2008,190877,2009-02-26,Essence,Manuelle,90,Euro 3,Noir,SUV,Espagne,22000,7227.0
Hyundai,i30,2018,19364,2020-11-22,Hybride,Automatique,200,Euro 1,Gris,Berline,USA,22000,23490.0
Peugeot,5008,2007,86802,2007-06-23,Gaz,Automatique,150,Euro 3,Blanc,Crossover,Japon,42000,19270.0
Renault,Megane,2012,27642,2015-12-26,Essence,Manuelle,110,Euro 4,Rouge,Break,France,25000,15562.0
Renault,Captur,2014,37317,2015-10-19,Hybride,Automatique,90,Euro 1,Blanc,Berline,Italie,28000,22713.0
Citroen,C3,2024,180545,2024-10-04,Hybride,Automatique,110,Euro 1,Rouge,SUV,France,16000,18122.0
Ford,Focus,2012,37447,2014-03-11,Gaz,Manuelle,90,Euro 4,Bleu,Crossover,France,26000,17324.0
Volkswagen,Tiguan,2021,190939,2021-01-24,Diesel,Automatique,150,Euro 6,Gris,Crossover,Allemagne,40000,31320.0
Toyota,Hilux,2023,200139,2023-11-04,Electrique,Manuelle,150,Euro 1,Bleu,Break,Allemagne,45000,39655.0
Renault,Captur,2011,80836,2014-07-02,Hybride,Automatique,110,Euro 1,Bleu,Monospace,USA,28000,18073.0
Kia,Rio,2008,140335,2011-01-09,Essence,Manuelle,130,Euro 3,Rouge,SUV,USA,18900,7296.0
Ford,Kuga,2017,16474,2018-12-19,Hybride,Manuelle,90,Euro 1,Bleu,SUV,France,34000,29562.0
Volkswagen,Tiguan,2005,170324,2007-06-01,Gaz,Manuelle,200,Euro 3,Noir,Break,Japon,40000,11310.0
Renault,Captur,2013,47024,2014-02-18,Essence,Automatique,130,Euro 4,Gris,Crossover,USA,28000,19089.0
Toyota,RAV4,2015,88187,2018-09-03,Essence,Manuelle,150,Euro 5,Blanc,Crossover,Espagne,37000,24375.0
Hyundai,i20,2013,166409,2016-11-15,Gaz,Automatique,200,Euro 4,Bleu,Berline,France,19500,12750.0
Mercedes,Classe A,2014,11628,2015-10-11,Gaz,Automatique,90,Euro 4,Blanc,Berline,Japon,38000,29256.0
Peugeot,308,2020,163118,2021-11-02,Electrique,Manuelle,150,Euro 1,Bleu,Break,Allemagne,30000,26280.0
Volkswagen,Tiguan,2013,59034,2014-11-07,Diesel,Manuelle,110,Euro 4,Noir,Monospace,Espagne,40000,25482.0
Kia,Rio,2016,199246,2019-03-17,Essence,Manuelle,110,Euro 5,Noir,Monospace,Espagne,18900,10830.0
Ford,Focus,2020,127269,2021-01-04,Hybride,Automatique,150,Euro 1,Noir,Crossover,France,26000,24700.0
Volkswagen,Golf,2006,75564,2009-02-22,Essence,Automatique,130,Euro 3,Rouge,Crossover,USA,25000,10647.0
BMW,Serie 1,2016,58123,2019-12-13,Diesel,Automatique,90,Euro 5,Blanc,Crossover,Allemagne,35000,26909.0
BMW,Serie 1,2009,142337,2012-04-16,Diesel,Automatique,130,Euro 3,Bleu,Crossover,Espagne,35000,15703.0
Ford,Kuga,2005,80724,2008-11-28,Gaz,Manuelle,150,Euro 3,Noir,Crossover,France,34000,12950.0
Hyundai,i30,2023,196172,2023-10-09,Essence,Automatique,110,Euro 6,Bleu,Monospace,Espagne,22000,18798.0
Hyundai,i20,2018,160501,2021-04-22,Electrique,Manuelle,110,Euro 1,Blanc,SUV,France,19500,16896.0
Tesla,Model X,2005,184174,2007-04-01,Gaz,Manuelle,200,Euro 3,Rouge,Berline,Espagne,120000,30875.0
Tesla,Model S,2020,83806,2022-09-06,Diesel,Automatique,150,Euro 6,Gris,Crossover,Italie,95000,78800.0
Peugeot,5008,2011,217836,2012-11-29,Hybride,Manuelle,110,Euro 1,Blanc,SUV,Allemagne,42000,18440.0
Tesla,Model X,2024,80020,2025-11-07,Hybride,Manuelle,150,Euro 1,Gris,Break,France,120000,114540.0
BMW,Serie 3,2023,206320,2025-11-29,Essence,Manuelle,200,Euro 6,Rouge,Monospace,USA,45000,35420.0
Peugeot,5008,2022,63139,2023-03-06,Gaz,Manuelle,200,Euro 6,Rouge,Berline,Japon,42000,40040.0
Audi,A3,2006,67022,2007-10-31,Diesel,Automatique,150,Euro 3,Gris,Berline,Japon,34000,15000.0
Volkswagen,Golf,2005,131475,2008-07-16,Diesel,Manuelle,150,Euro 3,Rouge,Break,Japon,25000,7950.0
Mercedes,Classe C,2015,106163,2018-07-12,Gaz,Manuelle,130,Euro 5,Blanc,Break,Italie,55000,36414.0
Tesla,Model 3,2024,230933,2025-04-29,Hybride,Automatique,130,Euro 1,Bleu,Crossover,Italie,45000,39501.0
BMW,Serie 5,2009,188948,2009-07-08,Gaz,Manuelle,150,Euro 3,Bleu,Monospace,Japon,65000,25160.0
Tesla,Model X,2013,180540,2014-06-20,Hybride,Manuelle,90,Euro 1,Bleu,Break,Italie,120000,60711.0
Audi,A6,2012,244581,2013-04-29,Diesel,Automatique,110,Euro 4,Blanc,Break,Espagne,72000,30040.0
Volkswagen,Passat,2005,211543,2005-05-15,Diesel,Manuelle,90,Euro 3,Bleu,Monospace,Japon,36000,8118.0
Ford,Kuga,2012,126000,2015-03-11,Essence,Manuelle,90,Euro 4,Blanc,Crossover,Allemagne,34000,17628.0
Kia,Ceed,2011,75684,2013-03-05,Gaz,Manuelle,130,Euro 4,Rouge,Berline,Allemagne,23000,13932.0
Hyundai,Tucson,2015,131600,2017-01-13,Hybride,Manuelle,90,Euro 1,Rouge,Berline,Japon,35000,23340.0
Tesla,Model X,2020,101277,2023-12-07,Electrique,Manuelle,110,Euro 1,Bleu,Monospace,Allemagne,120000,98358.0
Tesla,Model X,2005,227897,2008-03-11,Gaz,Manuelle,90,Euro 3,Rouge,Crossover,France,120000,25704.0
Ford,Kuga,2016,151911,2019-11-17,Essence,Automatique,150,Euro 5,Rouge,Monospace,Espagne,34000,22265.0
Citroen,C3,2011,215926,2013-09-04,Hybride,Automatique,110,Euro 1,Blanc,Break,Italie,16000,8840.0
Peugeot,208,2016,223660,2016-02-22,Essence,Automatique,90,Euro 5,Noir,Crossover,Espagne,18000,10746.0
Mercedes,GLC,2017,27153,2018-09-12,Diesel,Automatique,90,Euro 5,Noir,Monospace,Japon,85000,67683.0
BMW,Serie 3,2010,200375,2011-06-26,Hybride,Automatique,110,Euro 1,Rouge,Berline,Italie,45000,19418.0
Kia,Ceed,2010,83581,2010-12-05,Essence,Manuelle,110,Euro 4,Noir,Crossover,USA,23000,11550.0
BMW,Serie 3,2024,217648,2027-02-23,Diesel,Manuelle,130,Euro 6,Rouge,Crossover,Espagne,45000,36577.0
Dacia,Sandero,2015,60842,2017-08-15,Hybride,Automatique,150,Euro 1,Rouge,Monospace,Italie,15900,15008.0
Kia,Sportage,2018,27514,2019-12-29,Essence,Manuelle,200,Euro 5,Rouge,Monospace,Allemagne,34000,28000.0
Dacia,Spring,2013,65976,2016-07-07,Hybride,Manuelle,200,Euro 1,Blanc,Break,Allemagne,22000,16470.0
BMW,X5,2022,249296,2025-10-31,Essence,Manuelle,150,Euro 6,Bleu,Monospace,Japon,80000,56350.0
Citroen,C3,2024,136074,2027-10-30,Diesel,Automatique,200,Euro 6,Rouge,Crossover,Italie,16000,17400.0
BMW,X5,2021,36071,2023-07-03,Diesel,Automatique,110,Euro 6,Gris,Break,USA,80000,73128.0
Ford,Fiesta,2009,56063,2011-11-03,Gaz,Manuelle,110,Euro 3,Rouge,Crossover,Espagne,18000,10300.0
Volkswagen,Golf,2016,203733,2017-05-09,Hybride,Manuelle,130,Euro 1,Bleu,Break,Allemagne,25000,16408.0
Hyundai,i30,2023,35302,2023-11-17,Essence,Automatique,130,Euro 6,Bleu,SUV,Espagne,22000,22842.0
Ford,Kuga,2018,46499,2021-10-25,Electrique,Manuelle,200,Euro 1,Noir,Berline,France,34000,31980.0
BMW,X5,2015,169996,2016-04-09,Gaz,Automatique,90,Euro 5,Noir,Monospace,Espagne,80000,48108.0
Kia,Sportage,2011,131324,2014-01-29,Essence,Automatique,90,Euro 4,Bleu,Crossover,Espagne,34000,17232.0
Renault,Clio,2017,232668,2019-04-11,Hybride,Automatique,200,Euro 1,Gris,SUV,Italie,17000,13440.0
Dacia,Sandero,2024,144966,2024-06-21,Essence,Manuelle,150,Euro 6,Bleu,Berline,Allemagne,15900,14104.0
Dacia,Sandero,2023,114866,2024-02-14,Diesel,Manuelle,90,Euro 6,Blanc,Break,Japon,15900,14448.0
Peugeot,208,2012,16466,2015-11-10,Gaz,Manuelle,150,Euro 4,Gris,Berline,Japon,18000,13230.0
Peugeot,3008,2007,115396,2010-12-23,Diesel,Manuelle,90,Euro 3,Rouge,Break,Allemagne,35000,13642.0
Ford,Kuga,2018,200198,2020-12-13,Gaz,Automatique,150,Euro 5,Bleu,Crossover,Espagne,34000,24180.0
Mercedes,Classe A,2018,90977,2018-09-26,Hybride,Manuelle,200,Euro 1,Gris,Break,France,38000,31390.0
Mercedes,GLC,2010,17028,2012-10-11,Essence,Automatique,90,Euro 4,Blanc,Monospace,France,85000,49533.0
Tesla,Model X,2024,75570,2026-02-04,Electrique,Manuelle,130,Euro 1,Gris,Crossover,France,120000,117459.0
Peugeot,5008,2014,208938,2017-03-18,Gaz,Automatique,200,Euro 4,Noir,Monospace,USA,42000,23750.0
Tesla,Model X,2023,198806,2025-05-06,Essence,Automatique,90,Euro 6,Blanc,SUV,Italie,120000,95082.0
Tesla,Model S,2017,106675,2018-08-12,Gaz,Automatique,200,Euro 5,Rouge,Monospace,Espagne,95000,69345.0
Kia,Sportage,2019,44087,2020-05-19,Diesel,Manuelle,130,Euro 5,Rouge,Monospace,Allemagne,34000,28593.0
BMW,Serie 5,2009,34869,2009-08-24,Gaz,Automatique,150,Euro 3,Blanc,SUV,Espagne,65000,36400.0
Citroen,C5 Aircross,2009,181561,2009-03-13,Gaz,Manuelle,130,Euro 3,Bleu,Berline,USA,35000,13986.0
BMW,Serie 3,2018,148653,2018-09-28,Diesel,Automatique,90,Euro 5,Noir,Crossover,Japon,45000,32572.0
Tesla,Model S,2006,109325,2008-07-15,Essence,Automatique,150,Euro 3,Blanc,Berline,USA,95000,35100.0
Dacia,Spring,2009,206888,2009-07-02,Diesel,Automatique,150,Euro 3,Blanc,Monospace,USA,22000,8925.0
Renault,Captur,2022,50452,2025-05-14,Hybride,Automatique,150,Euro 1,Rouge,Crossover,USA,28000,30705.0
Hyundai,Tucson,2006,124906,2007-07-16,Gaz,Automatique,110,Euro 3,Rouge,Monospace,Japon,35000,13464.0
Mercedes,Classe C,2017,151537,2017-03-17,Gaz,Automatique,130,Euro 5,Gris,SUV,USA,55000,38272.0
Mercedes,Classe E,2021,105723,2022-07-16,Essence,Manuelle,90,Euro 6,Blanc,Crossover,Espagne,75000,60669.0
Peugeot,208,2015,230901,2015-10-30,Gaz,Manuelle,130,Euro 5,Bleu,Break,Italie,18000,10400.0
Tesla,Model S,2014,87302,2014-01-01,Essence,Manuelle,130,Euro 4,Gris,Berline,Espagne,95000,59086.0
Citroen,C3,2008,190355,2010-05-10,Diesel,Automatique,150,Euro 3,Bleu,Crossover,France,16000,6435.0
BMW,X5,2005,99647,2006-12-24,Essence,Manuelle,90,Euro 3,Blanc,Monospace,Japon,80000,27166.0
Mercedes,Classe E,2021,140791,2023-07-13,Diesel,Automatique,200,Euro 6,Bleu,Berline,Japon,75000,60830.0
Audi,A3,2021,166057,2021-03-27,Diesel,Automatique,200,Euro 6,Rouge,SUV,USA,34000,28500.0
Renault,Clio,2024,203784,2026-07-01,Essence,Automatique,90,Euro 6,Bleu,Monospace,Japon,17000,15120.0
Renault,Captur,2024,34348,2024-04-11,Hybride,Manuelle,110,Euro 1,Rouge,Crossover,France,28000,31137.0
Kia,Ceed,2018,131132,2018-06-12,Essence,Automatique,110,Euro 5,Noir,Berline,Espagne,23000,17319.0
Kia,Rio,2007,154745,2009-08-04,Essence,Manuelle,200,Euro 3,Gris,SUV,USA,18900,6766.0
Kia,Sportage,2020,100191,2023-10-10,Diesel,Manuelle,130,Euro 6,Gris,Break,Japon,34000,27534.0
Renault,Clio,2020,144230,2020-01-18,Electrique,Automatique,200,Euro 1,Noir,Berline,Allemagne,17000,19240.0
Mercedes,Classe E,2006,12378,2007-03-29,Gaz,Automatique,200,Euro 3,Bleu,Monospace,France,75000,36225.0
Hyundai,i20,2023,223222,2024-04-11,Hybride,Manuelle,150,Euro 1,Gris,Crossover,Italie,19500,18000.0
Toyota,Hilux,2016,60168,2017-11-16,Hybride,Manuelle,110,Euro 1,Noir,Berline,USA,45000,34370.0
Renault,Talisman,2022,189294,2023-10-10,Gaz,Manuelle,110,Euro 6,Rouge,SUV,USA,40000,32376.0
Ford,Fiesta,2021,114329,2024-09-09,Electrique,Automatique,200,Euro 1,Blanc,Break,Allemagne,18000,21600.0
Tesla,Model 3,2017,70697,2020-10-01,Essence,Manuelle,110,Euro 5,Gris,Break,Japon,45000,32472.0
Toyota,RAV4,2010,138110,2013-03-06,Diesel,Manuelle,130,Euro 4,Gris,SUV,USA,37000,17235.0
Mercedes,Classe C,2009,153595,2009-05-30,Essence,Manuelle,90,Euro 3,Rouge,Berline,Japon,55000,21960.0
BMW,Serie 1,2008,123149,2008-08-29,Gaz,Automatique,130,Euro 3,Gris,SUV,Japon,35000,15920.0
Peugeot,3008,2011,17757,2012-07-01,Essence,Manuelle,200,Euro 4,Gris,Break,France,35000,21600.0
Renault,Megane,2021,82263,2023-10-20,Hybride,Manuelle,130,Euro 1,Gris,Crossover,Allemagne,25000,24319.0
Dacia,Duster,2010,100276,2012-02-02,Hybride,Manuelle,130,Euro 1,Bleu,Berline,Allemagne,19900,11616.0
Volkswagen,Golf,2008,224868,2008-12-17,Diesel,Automatique,130,Euro 3,Gris,Berline,Italie,25000,8490.0
Peugeot,308,2024,177620,2024-12-26,Gaz,Automatique,200,Euro 6,Rouge,SUV,Espagne,30000,29465.0
Ford,Focus,2022,223967,2022-02-19,Essence,Manuelle,110,Euro 6,Gris,SUV,Italie,26000,18792.0
Tesla,Model X,2021,20993,2021-02-17,Gaz,Manuelle,110,Euro 6,Blanc,SUV,Allemagne,120000,109114.0
Dacia,Spring,2022,84553,2024-06-08,Diesel,Manuelle,130,Euro 6,Bleu,Break,Espagne,22000,20038.0
Kia,Rio,2009,46966,2011-03-14,Essence,Manuelle,90,Euro 3,Noir,SUV,Allemagne,18900,9588.0
Dacia,Duster,2006,135332,2006-02-22,Essence,Automatique,200,Euro 3,Rouge,Break,USA,19900,7557.0
Volkswagen,Golf,2022,186444,2023-12-26,Diesel,Manuelle,150,Euro 6,Rouge,Break,France,25000,20140.0
Peugeot,308,2022,186470,2025-09-22,Hybride,Automatique,110,Euro 1,Gris,Berline,Italie,30000,27436.0
Volkswagen,Passat,2008,221436,2011-06-27,Essence,Automatique,130,Euro 3,Noir,Berline,France,36000,11490.0
Audi,A4,2011,49333,2012-06-23,Essence,Manuelle,200,Euro 4,Blanc,Break,Espagne,48000,27930.0
BMW,X5,2015,46289,2018-08-13,Diesel,Automatique,130,Euro 5,Blanc,Monospace,Allemagne,80000,57477.0
Peugeot,308,2019,91706,2022-12-18,Essence,Automatique,110,Euro 5,Gris,Break,Italie,30000,24396.0
Volkswagen,Tiguan,2020,126785,2020-11-05,Diesel,Automatique,150,Euro 6,Blanc,Monospace,Italie,40000,33060.0
Audi,A3,2012,198791,2013-02-26,Hybride,Automatique,130,Euro 1,Bleu,Break,USA,34000,18135.0
Citroen,C5 Aircross,2016,55817,2019-04-27,Essence,Automatique,90,Euro 5,Gris,SUV,France,35000,26199.0
Renault,Captur,2017,181032,2019-05-08,Essence,Manuelle,90,Euro 5,Bleu,Berline,Japon,28000,17019.0
Renault,Talisman,2017,21494,2017-03-18,Diesel,Manuelle,90,Euro 5,Rouge,Break,Espagne,40000,31493.0
Peugeot,208,2016,212452,2017-06-12,Hybride,Automatique,130,Euro 1,Gris,Monospace,Japon,18000,13365.0
Audi,A4,2014,194023,2017-07-02,Diesel,Automatique,90,Euro 4,Noir,SUV,USA,48000,25959.0
Volkswagen,Tiguan,2024,219664,2024-06-19,Diesel,Automatique,200,Euro 6,Noir,Berline,Italie,40000,34760.0
Renault,Clio,2008,55280,2011-01-23,Diesel,Manuelle,90,Euro 3,Rouge,SUV,Espagne,17000,8413.0
BMW,Serie 3,2009,209767,2010-01-28,Gaz,Manuelle,130,Euro 3,Blanc,SUV,Japon,45000,16730.0
Ford,Focus,2023,246411,2025-11-16,Gaz,Automatique,200,Euro 6,Noir,Berline,France,26000,22995.0
Tesla,Model X,2013,226154,2015-09-18,Gaz,Manuelle,200,Euro 4,Noir,Crossover,Italie,120000,55575.0
BMW,Serie 3,2016,142828,2019-10-05,Diesel,Manuelle,130,Euro 5,Blanc,Berline,France,45000,28706.0
Dacia,Sandero,2011,232071,2013-07-02,Essence,Manuelle,150,Euro 4,Rouge,Berline,Espagne,15900,6232.0
Toyota,RAV4,2024,29977,2025-04-17,Essence,Automatique,130,Euro 6,Blanc,Monospace,Espagne,37000,38514.0
Audi,A4,2021,78600,2024-09-24,Gaz,Manuelle,130,Euro 6,Bleu,SUV,Japon,48000,42672.0
BMW,Serie 5,2024,231824,2024-08-28,Electrique,Manuelle,130,Euro 1,Bleu,Crossover,USA,65000,54901.0
Audi,A3,2013,148044,2013-02-01,Diesel,Automatique,130,Euro 4,Blanc,SUV,Allemagne,34000,19769.0
Mercedes,Classe C,2010,86056,2012-08-02,Gaz,Automatique,110,Euro 4,Blanc,Break,Espagne,55000,29800.0
Citroen,C3,2011,146818,2012-07-11,Diesel,Manuelle,200,Euro 4,Gris,Berline,Japon,16000,8460.0
Hyundai,Tucson,2011,117931,2012-12-25,Essence,Manuelle,130,Euro 4,Noir,SUV,Allemagne,35000,17650.0
Citroen,C3,2017,77972,2019-05-28,Gaz,Manuelle,150,Euro 5,Blanc,Crossover,Italie,16000,13680.0
Dacia,Duster,2017,189161,2020-10-29,Essence,Manuelle,110,Euro 5,Blanc,Crossover,USA,19900,12200.0
Dacia,Sandero,2010,115388,2012-08-26,Gaz,Automatique,150,Euro 4,Blanc,SUV,Italie,15900,9823.0
Renault,Clio,2005,172197,2005-10-01,Diesel,Automatique,90,Euro 3,Rouge,Break,Espagne,17000,5174.0
BMW,X5,2013,73322,2015-10-22,Diesel,Automatique,130,Euro 4,Blanc,Break,France,80000,49980.0
Mercedes,Classe E,2017,91280,2020-12-11,Gaz,Automatique,90,Euro 5,Gris,SUV,Japon,75000,55580.0
Peugeot,308,2005,79288,2008-05-02,Essence,Automatique,90,Euro 3,Bleu,Crossover,Japon,30000,11484.0
Mercedes,Classe C,2020,99894,2022-10-16,Electrique,Manuelle,200,Euro 1,Blanc,Berline,Allemagne,55000,48980.0
Volkswagen,Arteon,2024,122328,2024-11-28,Hybride,Manuelle,130,Euro 1,Bleu,Monospace,USA,48000,46024.0
BMW,X5,2016,171469,2018-06-27,Hybride,Manuelle,200,Euro 1,Bleu,Break,Espagne,80000,50150.0
Kia,Sportage,2005,69486,2006-02-20,Gaz,Manuelle,90,Euro 3,Blanc,Berline,Italie,34000,13468.0
Kia,Ceed,2022,33315,2024-10-04,Diesel,Automatique,110,Euro 6,Blanc,Break,USA,23000,23751.0
BMW,Serie 3,2008,187296,2009-02-07,Essence,Manuelle,200,Euro 3,Blanc,Berline,Espagne,45000,15640.0
Ford,Kuga,2007,133294,2009-10-14,Essence,Manuelle,130,Euro 3,Bleu,SUV,Italie,34000,12348.0
Kia,Sportage,2019,224169,2021-06-08,Diesel,Automatique,200,Euro 5,Rouge,Crossover,Japon,34000,23940.0
Tesla,Model 3,2022,28147,2024-03-30,Essence,Manuelle,150,Euro 6,Blanc,Break,Espagne,45000,41860.0
Peugeot,308,2005,140712,2006-09-19,Gaz,Manuelle,130,Euro 3,Bleu,Berline,Italie,30000,9512.0
Kia,Ceed,2008,154194,2010-08-20,Gaz,Manuelle,90,Euro 3,Gris,Crossover,Italie,23000,9398.0
Volkswagen,Arteon,2016,43580,2016-03-17,Hybride,Automatique,150,Euro 1,Gris,SUV,Italie,48000,39240.0
Peugeot,208,2020,192488,2021-01-19,Electrique,Manuelle,110,Euro 1,Gris,Monospace,Espagne,18000,16629.0
Toyota,Corolla,2024,19141,2026-03-26,Gaz,Automatique,200,Euro 6,Gris,Monospace,Italie,28000,33165.0
Toyota,Yaris,2024,26818,2024-01-17,Essence,Manuelle,150,Euro 6,Blanc,Break,Allemagne,19000,19110.0
Audi,A4,2010,46883,2010-01-20,Hybride,Automatique,110,Euro 1,Gris,Crossover,Italie,48000,29214.0
Hyundai,Tucson,2014,144634,2014-08-19,Hybride,Automatique,200,Euro 1,Gris,Crossover,Italie,35000,23520.0
Renault,Captur,2012,37324,2015-04-23,Hybride,Manuelle,110,Euro 1,Noir,Berline,USA,28000,19581.0
Mercedes,GLC,2019,163927,2022-03-31,Hybride,Manuelle,150,Euro 1,Rouge,Monospace,USA,85000,61755.0
Toyota,Corolla,2015,44112,2018-03-10,Essence,Automatique,130,Euro 5,Rouge,Berline,Japon,28000,20907.0
Mercedes,GLC,2018,207669,2020-05-30,Hybride,Manuelle,130,Euro 1,Noir,Berline,Japon,85000,55366.0
Audi,Q5,2015,101116,2015-10-02,Gaz,Manuelle,200,Euro 5,Blanc,SUV,France,65000,43155.0
Peugeot,208,2014,59333,2017-05-25,Essence,Automatique,110,Euro 4,Noir,Break,Japon,18000,13065.0
Peugeot,5008,2010,145088,2010-05-20,Diesel,Manuelle,110,Euro 4,Blanc,SUV,USA,42000,18964.0
Ford,Focus,2008,173080,2008-12-08,Gaz,Manuelle,150,Euro 3,Bleu,Break,France,26000,10150.0
Volkswagen,Arteon,2007,189128,2010-07-21,Gaz,Automatique,90,Euro 3,Bleu,Monospace,Italie,48000,16244.0
Peugeot,3008,2010,243509,2012-07-13,Gaz,Automatique,90,Euro 4,Bleu,Monospace,Espagne,35000,13396.0
Renault,Clio,2021,49793,2024-11-10,Diesel,Manuelle,130,Euro 6,Bleu,Crossover,Allemagne,17000,15921.0
Audi,A3,2017,149819,2019-05-18,Essence,Automatique,130,Euro 5,Bleu,Crossover,France,34000,23595.0
Ford,Fiesta,2010,109109,2013-03-20,Hybride,Manuelle,110,Euro 1,Noir,Crossover,Japon,18000,10608.0
Citroen,C4,2021,67758,2023-01-12,Hybride,Automatique,150,Euro 1,Gris,SUV,Japon,24000,25925.0
BMW,Serie 1,2018,54719,2021-01-18,Electrique,Manuelle,130,Euro 1,Gris,Crossover,USA,35000,31801.0
Ford,Fiesta,2013,143154,2016-06-20,Hybride,Manuelle,90,Euro 1,Gris,SUV,Allemagne,18000,11607.0
Citroen,C4,2016,132639,2019-03-21,Diesel,Automatique,150,Euro 5,Rouge,SUV,Italie,24000,17325.0
Hyundai,i20,2021,196441,2024-10-05,Hybride,Manuelle,150,Euro 1,Blanc,Crossover,France,19500,17280.0
Dacia,Spring,2019,29881,2021-08-24,Gaz,Manuelle,200,Euro 5,Noir,Monospace,France,22000,21165.0
Audi,A4,2024,23508,2025-12-10,Hybride,Automatique,110,Euro 1,Rouge,Berline,USA,48000,53018.0
Renault,Talisman,2006,130258,2008-12-07,Diesel,Manuelle,90,Euro 3,Noir,Break,Japon,40000,13497.0
BMW,X5,2016,20714,2016-05-24,Gaz,Automatique,90,Euro 5,Rouge,Berline,Japon,80000,62456.0
Toyota,Yaris,2020,171511,2022-02-20,Gaz,Manuelle,90,Euro 6,Blanc,Berline,Japon,19000,15194.0
Peugeot,208,2022,94501,2022-11-10,Electrique,Automatique,200,Euro 1,Gris,SUV,Japon,18000,22950.0
Toyota,Hilux,2006,66603,2006-09-19,Diesel,Manuelle,150,Euro 3,Bleu,SUV,Allemagne,45000,18600.0
Dacia,Sandero,2008,123514,2009-07-12,Diesel,Automatique,150,Euro 3,Noir,Break,Espagne,15900,7760.0
Mercedes,Classe E,2012,141507,2015-04-20,Diesel,Automatique,200,Euro 4,Gris,Crossover,USA,75000,39500.0
Hyundai,i30,2024,234060,2027-03-25,Gaz,Automatique,150,Euro 6,Gris,SUV,France,22000,20790.0
Kia,Sportage,2013,210544,2015-09-21,Gaz,Automatique,150,Euro 4,Blanc,Break,Allemagne,34000,17940.0
Ford,Focus,2017,156264,2017-07-22,Hybride,Automatique,90,Euro 1,Blanc,Break,Italie,26000,20416.0
Citroen,C4,2016,90790,2018-06-27,Hybride,Automatique,150,Euro 1,Rouge,Berline,Japon,24000,20435.0
Mercedes,Classe C,2020,45892,2023-02-23,Electrique,Automatique,90,Euro 1,Rouge,Break,France,55000,52836.0
Tesla,Model X,2021,201817,2024-09-16,Electrique,Automatique,200,Euro 1,Blanc,Monospace,France,120000,91590.0
Hyundai,i20,2006,14527,2007-06-24,Diesel,Manuelle,130,Euro 3,Rouge,Monospace,Espagne,19500,9360.0
Tesla,Model 3,2011,195690,2011-04-11,Gaz,Automatique,200,Euro 4,Blanc,SUV,Allemagne,45000,21210.0
Peugeot,208,2019,63875,2021-11-08,Diesel,Manuelle,90,Euro 5,Gris,SUV,Espagne,18000,14931.0
Renault,Talisman,2011,107966,2011-05-17,Hybride,Automatique,110,Euro 1,Noir,Monospace,Italie,40000,23511.0
Renault,Clio,2009,42581,2009-03-16,Diesel,Automatique,90,Euro 3,Rouge,Crossover,USA,17000,10149.0
Mercedes,Classe C,2005,99367,2007-03-09,Essence,Manuelle,150,Euro 3,Bleu,Monospace,France,55000,18870.0
Audi,A6,2006,75284,2009-01-02,Essence,Manuelle,130,Euro 3,Bleu,Crossover,France,72000,28197.0
Toyota,Corolla,2010,249173,2010-06-30,Gaz,Automatique,110,Euro 4,Gris,Berline,Japon,28000,11084.0
Citroen,C5 Aircross,2012,20825,2015-01-06,Gaz,Automatique,90,Euro 4,Gris,Monospace,USA,35000,24428.0
Tesla,Model 3,2016,51181,2018-02-24,Essence,Manuelle,90,Euro 5,Noir,Break,Japon,45000,31879.0
BMW,Serie 3,2019,169443,2021-08-22,Diesel,Automatique,130,Euro 5,Noir,Crossover,Italie,45000,33327.0
Hyundai,Tucson,2022,210247,2023-12-30,Gaz,Manuelle,90,Euro 6,Blanc,Break,France,35000,27302.0
Citroen,C3,2017,52506,2017-03-20,Gaz,Manuelle,200,Euro 5,Gris,Break,USA,16000,14430.0
Citroen,C3,2018,33194,2021-06-06,Gaz,Manuelle,150,Euro 5,Gris,Crossover,Japon,16000,15010.0
Renault,Clio,2015,134072,2016-11-15,Essence,Manuelle,90,Euro 5,Blanc,Berline,Allemagne,17000,10140.0
Ford,Fiesta,2020,47135,2021-05-20,Gaz,Manuelle,130,Euro 6,Noir,Crossover,Espagne,18000,17472.0
Toyota,Corolla,2017,43995,2017-12-01,Diesel,Automatique,110,Euro 5,Rouge,SUV,Espagne,28000,23325.0
BMW,Serie 1,2017,247637,2018-02-01,Essence,Automatique,90,Euro 5,Noir,Break,Japon,35000,20295.0
Toyota,RAV4,2009,192805,2009-02-22,Essence,Manuelle,90,Euro 3,Bleu,Berline,Japon,37000,13284.0
Mercedes,Classe A,2024,84232,2026-03-09,Essence,Manuelle,110,Euro 6,Gris,Break,France,38000,35052.0
Toyota,Corolla,2020,152656,2023-06-04,Gaz,Manuelle,130,Euro 6,Gris,SUV,Espagne,28000,22484.0
Tesla,Model S,2011,30846,2014-10-06,Essence,Manuelle,130,Euro 4,Gris,Berline,USA,95000,55274.0
Mercedes,Classe E,2009,231654,2010-07-19,Diesel,Automatique,130,Euro 3,Noir,Monospace,Allemagne,75000,25056.0
Renault,Talisman,2022,72820,2023-08-06,Electrique,Manuelle,200,Euro 1,Bleu,SUV,USA,40000,40890.0
Ford,Fiesta,2007,134184,2010-02-11,Diesel,Manuelle,90,Euro 3,Bleu,Break,Allemagne,18000,6804.0
Renault,Clio,2017,163670,2017-10-14,Gaz,Manuelle,200,Euro 5,Blanc,SUV,Japon,17000,12915.0
Mercedes,GLC,2022,203298,2023-07-03,Diesel,Automatique,110,Euro 6,Gris,Berline,USA,85000,65194.0
Volkswagen,Tiguan,2018,128857,2020-09-14,Gaz,Manuelle,90,Euro 5,Gris,Berline,Italie,40000,29680.0
Citroen,C5 Aircross,2020,220210,2023-06-02,Hybride,Automatique,90,Euro 1,Rouge,Berline,France,35000,26994.0
Hyundai,i20,2021,186820,2021-07-30,Hybride,Automatique,90,Euro 1,Blanc,Break,Allemagne,19500,18542.0
Peugeot,308,2009,151429,2012-05-02,Diesel,Automatique,130,Euro 3,Gris,Break,Italie,30000,13320.0
Peugeot,308,2015,121302,2017-01-03,Hybride,Automatique,200,Euro 1,Rouge,Monospace,France,30000,22570.0
Volkswagen,Golf,2009,119883,2011-08-02,Gaz,Manuelle,150,Euro 3,Noir,Crossover,USA,25000,12320.0
Audi,Q5,2010,29184,2012-02-25,Essence,Manuelle,200,Euro 4,Blanc,SUV,Japon,65000,36960.0
Mercedes,GLC,2022,186800,2023-12-17,Hybride,Manuelle,150,Euro 1,Noir,Break,France,85000,68020.0
Peugeot,208,2015,127210,2018-07-18,Diesel,Automatique,110,Euro 5,Blanc,SUV,Italie,18000,12871.0
Peugeot,3008,2022,228893,2022-05-28,Electrique,Automatique,110,Euro 1,Noir,Crossover,Allemagne,35000,31032.0
Dacia,Duster,2006,146771,2006-02-16,Gaz,Automatique,110,Euro 3,Noir,SUV,France,19900,7840.0
Mercedes,Classe A,2013,115182,2016-12-22,Diesel,Automatique,130,Euro 4,Gris,Break,Japon,38000,23128.0
BMW,Serie 5,2016,62512,2016-04-09,Diesel,Manuelle,90,Euro 5,Noir,SUV,USA,65000,46130.0
Hyundai,i30,2008,142733,2009-12-17,Essence,Manuelle,90,Euro 3,Bleu,Berline,France,22000,8322.0
Tesla,Model S,2020,170672,2023-01-27,Essence,Automatique,90,Euro 6,Noir,Break,Italie,95000,68799.0
Kia,Sportage,2018,176396,2021-07-05,Gaz,Automatique,150,Euro 5,Blanc,Monospace,USA,34000,25350.0
Volkswagen,Golf,2007,73613,2008-06-22,Diesel,Automatique,130,Euro 3,Rouge,Berline,Italie,25000,11886.0
Toyota,Yaris,2005,105849,2008-04-27,Diesel,Automatique,150,Euro 3,Gris,Crossover,Japon,19000,7425.0
Volkswagen,Tiguan,2014,246187,2017-06-18,Gaz,Manuelle,110,Euro 4,Rouge,Break,Italie,40000,19596.0
Citroen,C3,2005,135442,2005-02-11,Essence,Manuelle,110,Euro 3,Gris,Monospace,Italie,16000,4830.0
Ford,Focus,2018,195945,2018-05-29,Hybride,Manuelle,110,Euro 1,Gris,Break,Japon,26000,18963.0
Volkswagen,Passat,2013,12048,2015-12-24,Gaz,Automatique,110,Euro 4,Noir,Monospace,Allemagne,36000,26796.0
Toyota,Hilux,2018,146906,2020-09-01,Electrique,Manuelle,130,Euro 1,Blanc,SUV,Espagne,45000,34884.0
Kia,Rio,2020,109679,2021-09-13,Hybride,Automatique,150,Euro 1,Bleu,Break,Allemagne,18900,19812.0
Audi,Q5,2013,82629,2014-08-31,Diesel,Automatique,110,Euro 4,Bleu,Monospace,USA,65000,40179.0
Ford,Fiesta,2014,243856,2015-11-17,Essence,Manuelle,150,Euro 4,Blanc,Monospace,USA,18000,8510.0
Volkswagen,Arteon,2012,155776,2012-06-21,Hybride,Manuelle,150,Euro 1,Blanc,SUV,Japon,48000,25725.0
Mercedes,Classe C,2010,243012,2010-12-09,Gaz,Automatique,90,Euro 4,Rouge,Berline,USA,55000,20196.0
Audi,A3,2021,114821,2024-04-26,Electrique,Manuelle,110,Euro 1,Bleu,Break,Espagne,34000,32080.0
Toyota,Yaris,2020,231552,2022-09-29,Hybride,Manuelle,150,Euro 1,Blanc,SUV,Espagne,19000,15275.0
Tesla,Model S,2011,32420,2012-09-26,Diesel,Automatique,200,Euro 4,Blanc,SUV,France,95000,57420.0
Audi,A4,2023,56312,2026-01-22,Gaz,Automatique,90,Euro 6,Noir,Monospace,Espagne,48000,48208.0
Ford,Kuga,2022,246491,2023-03-01,Gaz,Manuelle,150,Euro 6,Rouge,Berline,Allemagne,34000,25900.0
Dacia,Duster,2018,74643,2019-11-23,Essence,Manuelle,130,Euro 5,Gris,Monospace,Italie,19900,15150.0
Renault,Clio,2006,21114,2006-12-17,Gaz,Manuelle,90,Euro 3,Noir,Monospace,France,17000,8536.0
BMW,Serie 1,2006,173855,2009-02-22,Gaz,Manuelle,130,Euro 3,Rouge,Break,Espagne,35000,10962.0
Citroen,C3,2017,12237,2020-12-30,Hybride,Automatique,110,Euro 1,Noir,SUV,Espagne,16000,17238.0
Toyota,Hilux,2013,111969,2013-07-02,Essence,Automatique,110,Euro 4,Gris,SUV,France,45000,26376.0
Peugeot,308,2015,93653,2017-12-29,Hybride,Automatique,150,Euro 1,Gris,Break,France,30000,23360.0
Tesla,Model S,2016,164532,2019-04-17,Essence,Manuelle,110,Euro 5,Blanc,Monospace,Italie,95000,57060.0
Peugeot,5008,2021,238546,2023-11-14,Diesel,Automatique,130,Euro 6,Blanc,Break,Allemagne,42000,30804.0
BMW,X5,2012,237850,2013-11-28,Essence,Automatique,200,Euro 4,Blanc,Crossover,Japon,80000,34030.0
Volkswagen,Golf,2020,229186,2023-03-25,Hybride,Manuelle,110,Euro 1,Gris,SUV,France,25000,19206.0
Mercedes,Classe C,2015,76060,2016-03-11,Diesel,Manuelle,130,Euro 5,Blanc,Crossover,Italie,55000,37158.0
BMW,Serie 5,2022,197439,2022-11-11,Diesel,Manuelle,90,Euro 6,Rouge,SUV,Allemagne,65000,49425.0
Toyota,RAV4,2011,114669,2013-04-02,Gaz,Manuelle,200,Euro 4,Noir,Berline,Italie,37000,20250.0
Toyota,Hilux,2010,191107,2010-08-23,Diesel,Manuelle,90,Euro 4,Rouge,Break,Italie,45000,17901.0
Tesla,Model S,2023,133341,2023-10-03,Gaz,Manuelle,200,Euro 6,Noir,Crossover,Espagne,95000,82740.0
Hyundai,i30,2021,95620,2024-08-27,Electrique,Manuelle,130,Euro 1,Bleu,SUV,Japon,22000,23206.0
Kia,Rio,2020,212089,2022-05-23,Electrique,Automatique,110,Euro 1,Gris,Berline,Italie,18900,18090.0
Audi,Q5,2015,111584,2018-04-23,Hybride,Automatique,110,Euro 1,Bleu,SUV,Japon,65000,44082.0
Mercedes,Classe A,2016,69957,2017-12-12,Hybride,Manuelle,150,Euro 1,Blanc,Berline,Espagne,38000,29750.0
Audi,Q5,2006,135231,2008-04-14,Gaz,Automatique,200,Euro 3,Noir,Monospace,Allemagne,65000,23265.0
Peugeot,5008,2024,23616,2027-10-09,Hybride,Automatique,110,Euro 1,Noir,Break,Espagne,42000,47138.0
Ford,Focus,2019,110739,2021-01-08,Essence,Manuelle,200,Euro 5,Gris,Monospace,Japon,26000,19980.0
Toyota,Yaris,2008,145526,2009-03-20,Essence,Manuelle,90,Euro 3,Bleu,Monospace,USA,19000,7182.0
Dacia,Sandero,2016,118551,2017-04-11,Gaz,Automatique,90,Euro 5,Rouge,Monospace,Espagne,15900,13195.0
Toyota,Hilux,2024,175285,2025-08-06,Hybride,Manuelle,130,Euro 1,Blanc,Break,USA,45000,40919.0
Volkswagen,Passat,2009,212243,2009-01-09,Diesel,Manuelle,130,Euro 3,Gris,Monospace,Allemagne,36000,12682.0
Citroen,C5 Aircross,2022,170914,2023-01-16,Hybride,Manuelle,150,Euro 1,Gris,Monospace,Italie,35000,30415.0
Tesla,Model 3,2016,30900,2016-10-08,Diesel,Automatique,200,Euro 5,Bleu,Break,Japon,45000,35770.0
Hyundai,Tucson,2011,183859,2014-08-28,Hybride,Manuelle,150,Euro 1,Bleu,SUV,France,35000,16985.0
BMW,Serie 1,2011,246636,2011-08-18,Gaz,Automatique,90,Euro 4,Bleu,SUV,Allemagne,35000,14578.0
Ford,Fiesta,2015,76821,2017-04-06,Diesel,Automatique,90,Euro 5,Gris,SUV,USA,18000,13794.0
Tesla,Model X,2018,116497,2021-02-15,Gaz,Manuelle,110,Euro 5,Blanc,Crossover,USA,120000,87046.0
Hyundai,i20,2011,109122,2014-02-28,Gaz,Manuelle,90,Euro 4,Rouge,Break,Allemagne,19500,11169.0
Volkswagen,Arteon,2021,32858,2021-08-18,Hybride,Automatique,90,Euro 1,Blanc,SUV,France,48000,47432.0
Ford,Focus,2022,99343,2022-05-19,Electrique,Manuelle,150,Euro 1,Noir,Berline,Espagne,26000,27625.0
Dacia,Duster,2012,55801,2012-10-18,Gaz,Automatique,150,Euro 4,Bleu,SUV,USA,19900,14691.0
Renault,Captur,2008,121830,2011-12-23,Gaz,Automatique,110,Euro 3,Noir,Monospace,USA,28000,13040.0
Tesla,Model X,2022,46485,2024-09-08,Gaz,Manuelle,200,Euro 6,Noir,Berline,France,120000,111150.0
Mercedes,Classe A,2024,224083,2024-01-28,Gaz,Automatique,90,Euro 6,Gris,Crossover,USA,38000,33072.0
Hyundai,i30,2022,65035,2024-02-07,Diesel,Automatique,130,Euro 6,Blanc,Crossover,France,22000,22264.0
Hyundai,i30,2006,60741,2007-10-17,Gaz,Manuelle,110,Euro 3,Bleu,Crossover,Espagne,22000,9840.0
Hyundai,i30,2009,65880,2010-10-01,Gaz,Automatique,200,Euro 3,Rouge,Break,Italie,22000,13475.0
Audi,Q5,2010,38838,2012-06-17,Hybride,Manuelle,150,Euro 1,Bleu,SUV,Japon,65000,38225.0
Volkswagen,Passat,2006,159541,2009-03-12,Gaz,Manuelle,200,Euro 3,Blanc,Monospace,USA,36000,12245.0
Tesla,Model S,2008,110212,2008-06-02,Diesel,Manuelle,90,Euro 3,Noir,Monospace,Espagne,95000,39319.0
Ford,Focus,2014,26446,2017-01-14,Hybride,Manuelle,150,Euro 1,Gris,Crossover,Italie,26000,20740.0
Citroen,C5 Aircross,2020,74295,2023-09-01,Essence,Automatique,130,Euro 6,Gris,Berline,USA,35000,30213.0
Ford,Focus,2023,212395,2025-05-06,Hybride,Automatique,110,Euro 1,Noir,Break,Espagne,26000,24396.0
Ford,Kuga,2024,196210,2024-05-16,Gaz,Manuelle,200,Euro 6,Bleu,Berline,France,34000,30375.0
Volkswagen,Tiguan,2008,213781,2010-01-01,Essence,Automatique,130,Euro 3,Gris,Berline,Japon,40000,13113.0
Audi,A4,2021,55406,2021-08-30,Electrique,Manuelle,130,Euro 1,Noir,Monospace,Espagne,48000,46698.0
Kia,Rio,2011,86310,2013-12-07,Diesel,Automatique,200,Euro 4,Bleu,Break,Japon,18900,12137.0
Audi,A3,2019,105544,2021-01-29,Hybride,Automatique,200,Euro 1,Bleu,Break,Italie,34000,30750.0
Toyota,Yaris,2024,246669,2024-10-07,Essence,Manuelle,130,Euro 6,Blanc,Crossover,Japon,19000,14668.0
Dacia,Sandero,2020,34525,2021-05-01,Diesel,Manuelle,150,Euro 6,Bleu,Crossover,Espagne,15900,14790.0
Toyota,Yaris,2018,221081,2020-02-25,Electrique,Manuelle,200,Euro 1,Blanc,SUV,Japon,19000,15600.0
Peugeot,3008,2019,73875,2020-07-28,Diesel,Manuelle,110,Euro 5,Noir,Monospace,France,35000,28158.0
Renault,Captur,2011,81994,2011-10-02,Essence,Automatique,90,Euro 4,Bleu,SUV,France,28000,15847.0
Renault,Captur,2005,163111,2006-05-29,Essence,Automatique,150,Euro 3,Blanc,Monospace,Espagne,28000,8235.0
Volkswagen,Golf,2014,132430,2014-03-20,Essence,Automatique,200,Euro 4,Bleu,Monospace,Italie,25000,15960.0
Tesla,Model S,2018,171992,2020-10-08,Essence,Manuelle,130,Euro 5,Rouge,Monospace,Italie,95000,61945.0
Toyota,Yaris,2006,33168,2006-11-29,Diesel,Automatique,110,Euro 3,Blanc,Berline,Japon,19000,9503.0
Hyundai,i20,2011,121678,2011-06-18,Hybride,Manuelle,130,Euro 1,Noir,SUV,Allemagne,19500,11662.0
Volkswagen,Passat,2005,87276,2005-11-11,Diesel,Automatique,110,Euro 3,Bleu,Crossover,Espagne,36000,13685.0
Hyundai,i30,2005,245902,2007-11-21,Gaz,Automatique,90,Euro 3,Blanc,Crossover,Espagne,22000,5016.0
Mercedes,Classe C,2007,129637,2007-03-15,Essence,Automatique,130,Euro 3,Noir,Crossover,Allemagne,55000,21201.0
Ford,Kuga,2005,147900,2008-12-03,Essence,Automatique,90,Euro 3,Bleu,Berline,Japon,34000,10411.0
Kia,Ceed,2008,168888,2009-04-04,Gaz,Manuelle,150,Euro 3,Bleu,SUV,France,23000,9360.0
Audi,A4,2007,91785,2008-03-12,Diesel,Automatique,90,Euro 3,Rouge,Monospace,France,48000,20360.0
BMW,Serie 1,2017,172887,2018-03-14,Essence,Automatique,130,Euro 5,Bleu,Break,Espagne,35000,23126.0
Dacia,Duster,2023,192565,2024-10-30,Diesel,Automatique,150,Euro 6,Gris,Break,Espagne,19900,18252.0
Mercedes,GLC,2006,17761,2006-03-04,Gaz,Manuelle,90,Euro 3,Rouge,Crossover,Allemagne,85000,39330.0
Ford,Focus,2020,90477,2020-11-23,Hybride,Automatique,200,Euro 1,Rouge,Monospace,France,26000,26070.0
Hyundai,i30,2021,28135,2024-11-20,Hybride,Manuelle,90,Euro 1,Noir,Break,Italie,22000,23051.0
Kia,Ceed,2009,78809,2012-12-09,Gaz,Manuelle,90,Euro 3,Rouge,Berline,Japon,23000,12192.0
Peugeot,5008,2011,167876,2011-10-14,Hybride,Manuelle,200,Euro 1,Gris,Crossover,Espagne,42000,21150.0
Toyota,Corolla,2015,151812,2018-10-15,Hybride,Manuelle,90,Euro 1,Bleu,Crossover,Japon,28000,18502.0
BMW,Serie 3,2013,202865,2016-12-01,Essence,Manuelle,110,Euro 4,Bleu,SUV,Espagne,45000,21197.0
Renault,Megane,2007,30839,2008-11-21,Diesel,Automatique,130,Euro 3,Rouge,Berline,France,25000,13018.0
Dacia,Duster,2016,248046,2018-02-28,Gaz,Automatique,110,Euro 5,Blanc,Crossover,Espagne,19900,12740.0
Mercedes,Classe E,2012,71179,2012-01-10,Hybride,Automatique,110,Euro 1,Blanc,Berline,Espagne,75000,46227.0
Toyota,RAV4,2020,136634,2023-03-07,Gaz,Automatique,90,Euro 6,Blanc,Monospace,Allemagne,37000,31050.0
Hyundai,Tucson,2005,211274,2008-01-29,Diesel,Manuelle,200,Euro 3,Gris,SUV,Japon,35000,8140.0
Toyota,Yaris,2022,189961,2022-03-07,Diesel,Automatique,200,Euro 6,Rouge,Monospace,Japon,19000,17480.0
Ford,Fiesta,2016,118508,2016-05-01,Hybride,Manuelle,150,Euro 1,Rouge,SUV,Japon,18000,14625.0
Kia,Ceed,2016,69207,2019-06-04,Gaz,Manuelle,90,Euro 5,Bleu,SUV,Italie,23000,17780.0
Peugeot,3008,2015,166710,2015-09-06,Essence,Automatique,110,Euro 5,Blanc,Berline,Japon,35000,21147.0
Ford,Focus,2020,193619,2021-10-28,Gaz,Manuelle,90,Euro 6,Blanc,Crossover,Japon,26000,19596.0
Dacia,Sandero,2016,40843,2019-06-03,Essence,Automatique,200,Euro 5,Gris,Crossover,Japon,15900,13608.0
Volkswagen,Golf,2023,40642,2023-09-29,Hybride,Automatique,200,Euro 1,Rouge,Crossover,USA,25000,29760.0
Toyota,RAV4,2014,82165,2016-07-21,Gaz,Manuelle,150,Euro 4,Rouge,SUV,Espagne,37000,24800.0
Dacia,Duster,2008,241226,2008-01-20,Essence,Manuelle,200,Euro 3,Noir,Berline,Allemagne,19900,5852.0
Renault,Clio,2015,156480,2018-07-28,Diesel,Manuelle,200,Euro 5,Gris,SUV,Espagne,17000,11020.0
Toyota,RAV4,2005,196631,2006-11-26,Essence,Manuelle,90,Euro 3,Noir,Break,USA,37000,8856.0
Volkswagen,Passat,2010,151034,2011-11-10,Gaz,Manuelle,130,Euro 4,Gris,SUV,Italie,36000,16684.0
Toyota,RAV4,2008,238187,2011-10-30,Gaz,Automatique,130,Euro 3,Blanc,Crossover,Italie,37000,12122.0
Ford,Fiesta,2015,227451,2017-03-05,Diesel,Automatique,130,Euro 5,Gris,Break,USA,18000,10863.0
Ford,Focus,2007,48920,2010-03-14,Gaz,Automatique,200,Euro 3,Gris,SUV,Italie,26000,14175.0
Mercedes,Classe E,2017,43284,2019-09-21,Essence,Manuelle,200,Euro 5,Noir,SUV,Japon,75000,57000.0
Tesla,Model 3,2012,221466,2014-09-19,Gaz,Manuelle,150,Euro 4,Gris,Monospace,Espagne,45000,20160.0
Audi,A3,2016,188218,2018-03-28,Hybride,Automatique,200,Euro 1,Gris,SUV,Italie,34000,23780.0
Citroen,C3,2013,246114,2015-12-21,Essence,Automatique,150,Euro 4,Rouge,Crossover,Japon,16000,7955.0
Ford,Fiesta,2006,10648,2008-10-24,Gaz,Automatique,90,Euro 3,Noir,Crossover,France,18000,10080.0
Kia,Rio,2015,59596,2017-05-17,Essence,Automatique,90,Euro 5,Blanc,SUV,Italie,18900,14144.0
Kia,Ceed,2005,59244,2006-06-21,Essence,Automatique,130,Euro 3,Gris,Berline,Allemagne,23000,9614.0
Audi,A3,2006,77250,2007-07-04,Gaz,Automatique,90,Euro 3,Noir,SUV,Japon,34000,14976.0
Audi,A3,2014,154679,2014-08-16,Gaz,Automatique,110,Euro 4,Noir,Berline,USA,34000,21230.0
Audi,A4,2009,18163,2012-11-16,Gaz,Automatique,130,Euro 3,Noir,Break,Italie,48000,28512.0
BMW,Serie 1,2018,121215,2019-04-13,Essence,Automatique,110,Euro 5,Bleu,Crossover,France,35000,25970.0
Volkswagen,Tiguan,2024,157605,2024-05-12,Diesel,Automatique,130,Euro 6,Rouge,Crossover,France,40000,36805.0
Citroen,C3,2018,162616,2019-03-02,Electrique,Manuelle,90,Euro 1,Noir,Break,Allemagne,16000,14454.0
Audi,A6,2023,176547,2026-04-17,Essence,Automatique,150,Euro 6,Gris,Break,France,72000,59600.0
Peugeot,208,2005,160083,2007-11-19,Essence,Automatique,130,Euro 3,Rouge,SUV,Allemagne,18000,5481.0
Citroen,C3,2012,194853,2012-10-27,Hybride,Manuelle,90,Euro 1,Blanc,Berline,Espagne,16000,8955.0
Ford,Fiesta,2005,87288,2008-12-20,Essence,Automatique,110,Euro 3,Rouge,SUV,Espagne,18000,7035.0
Renault,Clio,2011,232927,2013-07-04,Hybride,Automatique,110,Euro 1,Noir,Berline,Allemagne,17000,8778.0
Tesla,Model 3,2010,135146,2011-10-07,Diesel,Manuelle,200,Euro 4,Rouge,Crossover,Espagne,45000,21150.0
Hyundai,i20,2012,220473,2013-04-03,Gaz,Manuelle,90,Euro 4,Gris,Berline,USA,19500,9198.0
Hyundai,i20,2012,52733,2013-02-10,Essence,Manuelle,130,Euro 4,Blanc,Break,Espagne,19500,11682.0
Ford,Kuga,2021,106801,2023-03-06,Essence,Automatique,130,Euro 6,Gris,Monospace,USA,34000,29403.0
Mercedes,Classe C,2024,140954,2025-07-04,Gaz,Automatique,150,Euro 6,Rouge,Monospace,Allemagne,55000,51600.0
Citroen,C4,2006,213860,2009-02-02,Gaz,Automatique,130,Euro 3,Rouge,SUV,Espagne,24000,7200.0
Renault,Clio,2011,122832,2012-09-09,Hybride,Manuelle,90,Euro 1,Gris,Crossover,Espagne,17000,10241.0
Citroen,C3,2006,221820,2009-10-23,Essence,Manuelle,150,Euro 3,Gris,Monospace,Japon,16000,3960.0
Renault,Clio,2020,206484,2022-03-11,Hybride,Automatique,130,Euro 1,Noir,Break,France,17000,15844.0
Volkswagen,Golf,2023,173484,2025-02-28,Essence,Manuelle,90,Euro 6,Bleu,Monospace,USA,25000,19920.0
Kia,Rio,2017,167445,2017-07-10,Gaz,Manuelle,130,Euro 5,Rouge,Berline,Espagne,18900,13671.0
Mercedes,Classe A,2015,87088,2016-09-07,Hybride,Manuelle,110,Euro 1,Bleu,Crossover,USA,38000,27365.0
Tesla,Model X,2015,176257,2016-04-07,Diesel,Automatique,130,Euro 5,Blanc,Break,Japon,120000,69048.0
Volkswagen,Passat,2011,27631,2012-12-20,Gaz,Automatique,90,Euro 4,Noir,Monospace,Allemagne,36000,23836.0
Renault,Megane,2015,81463,2018-07-13,Essence,Automatique,110,Euro 5,Noir,Monospace,Espagne,25000,17615.0
Kia,Ceed,2012,65382,2012-11-17,Hybride,Automatique,200,Euro 1,Bleu,Break,USA,23000,17400.0
Renault,Megane,2022,64402,2025-09-29,Electrique,Automatique,150,Euro 1,Blanc,Berline,Allemagne,25000,29480.0
Kia,Ceed,2008,180164,2011-07-26,Diesel,Manuelle,130,Euro 3,Rouge,Monospace,Japon,23000,8262.0
Mercedes,Classe E,2022,83957,2022-05-11,Essence,Automatique,150,Euro 6,Blanc,SUV,France,75000,66650.0
Kia,Rio,2024,29769,2026-07-14,Diesel,Automatique,200,Euro 6,Gris,Crossover,Espagne,18900,22442.0
Ford,Focus,2011,231980,2013-07-30,Hybride,Manuelle,110,Euro 1,Blanc,Berline,Italie,26000,11438.0
Mercedes,Classe A,2014,202513,2014-10-08,Gaz,Automatique,110,Euro 4,Gris,Crossover,Japon,38000,21300.0
Ford,Fiesta,2014,135504,2016-03-08,Essence,Manuelle,200,Euro 4,Rouge,Monospace,France,18000,10830.0
Citroen,C4,2005,54949,2006-11-24,Gaz,Manuelle,150,Euro 3,Bleu,Monospace,Japon,24000,10260.0
Citroen,C4,2008,28075,2010-12-21,Gaz,Automatique,90,Euro 3,Noir,Crossover,Italie,24000,14200.0
Tesla,Model 3,2005,150984,2006-10-25,Essence,Manuelle,130,Euro 3,Rouge,SUV,USA,45000,12684.0
Hyundai,i30,2019,145897,2020-09-01,Essence,Manuelle,110,Euro 5,Rouge,Monospace,Italie,22000,15691.0
Kia,Sportage,2022,206686,2023-11-25,Essence,Manuelle,110,Euro 6,Blanc,Monospace,Espagne,34000,25234.0
Kia,Ceed,2012,216407,2012-07-27,Diesel,Automatique,110,Euro 4,Noir,Crossover,Allemagne,23000,11223.0
Toyota,RAV4,2017,143650,2020-07-27,Diesel,Manuelle,130,Euro 5,Gris,Monospace,USA,37000,24895.0
Hyundai,Tucson,2015,67451,2017-10-01,Essence,Manuelle,130,Euro 5,Blanc,SUV,France,35000,23651.0
BMW,Serie 5,2012,87925,2013-08-11,Essence,Manuelle,110,Euro 4,Noir,Berline,Japon,65000,36456.0
Ford,Focus,2011,23110,2014-07-24,Essence,Manuelle,130,Euro 4,Blanc,Crossover,France,26000,15517.0
Dacia,Sandero,2013,201359,2013-12-01,Gaz,Manuelle,90,Euro 4,Rouge,Berline,USA,15900,8601.0
Mercedes,Classe E,2009,141122,2009-02-18,Essence,Automatique,110,Euro 3,Bleu,SUV,Espagne,75000,31611.0
Toyota,RAV4,2011,58832,2014-08-18,Hybride,Automatique,130,Euro 1,Noir,Break,Italie,37000,24248.0
Mercedes,GLC,2016,17561,2017-09-02,Gaz,Automatique,150,Euro 5,Noir,Break,USA,85000,67500.0
BMW,X5,2018,109545,2021-11-30,Electrique,Manuelle,110,Euro 1,Rouge,SUV,Italie,80000,61992.0
Dacia,Sandero,2022,239785,2023-07-15,Hybride,Manuelle,200,Euro 1,Bleu,Break,Espagne,15900,14839.0
Volkswagen,Tiguan,2019,49413,2020-11-15,Hybride,Automatique,130,Euro 1,Gris,Berline,USA,40000,37503.0
Dacia,Sandero,2018,170916,2018-08-31,Essence,Automatique,130,Euro 5,Bleu,Crossover,Allemagne,15900,11830.0
Audi,Q5,2006,160911,2009-08-05,Essence,Automatique,130,Euro 3,Noir,Break,Japon,65000,20190.0
Hyundai,i20,2017,63485,2018-03-21,Essence,Manuelle,200,Euro 5,Blanc,Crossover,Espagne,19500,14965.0
Ford,Focus,2024,115034,2024-02-24,Diesel,Manuelle,130,Euro 6,Blanc,Break,Allemagne,26000,24297.0
Peugeot,3008,2019,217170,2019-10-26,Diesel,Manuelle,150,Euro 5,Bleu,SUV,Allemagne,35000,23360.0
Renault,Talisman,2024,216342,2024-10-25,Hybride,Manuelle,90,Euro 1,Gris,Monospace,Allemagne,40000,34681.0
Mercedes,Classe E,2018,102621,2020-04-02,Diesel,Automatique,150,Euro 5,Rouge,Break,France,75000,56520.0
Mercedes,GLC,2009,195462,2011-06-22,Diesel,Manuelle,130,Euro 3,Bleu,Berline,Espagne,85000,31068.0
Ford,Kuga,2014,184155,2017-04-16,Hybride,Manuelle,130,Euro 1,Gris,Monospace,Allemagne,34000,19916.0
Renault,Clio,2023,120802,2023-11-01,Diesel,Automatique,130,Euro 6,Gris,Crossover,Japon,17000,17255.0
Dacia,Sandero,2017,190614,2017-11-14,Diesel,Automatique,110,Euro 5,Bleu,Break,Allemagne,15900,11400.0
Ford,Focus,2016,98243,2016-08-06,Hybride,Manuelle,130,Euro 1,Rouge,Berline,USA,26000,20301.0
Ford,Kuga,2010,247863,2013-08-20,Essence,Automatique,110,Euro 4,Bleu,Break,USA,34000,12274.0
Citroen,C5 Aircross,2006,105206,2006-07-31,Gaz,Manuelle,130,Euro 3,Noir,Crossover,Japon,35000,13608.0
Ford,Kuga,2019,190412,2022-09-02,Essence,Manuelle,150,Euro 5,Blanc,Crossover,Allemagne,34000,22770.0
Peugeot,5008,2008,65393,2011-12-04,Gaz,Manuelle,200,Euro 3,Gris,Break,Italie,42000,20930.0
Dacia,Spring,2012,121035,2013-08-21,Essence,Automatique,130,Euro 4,Gris,Monospace,Allemagne,22000,12636.0
Citroen,C5 Aircross,2022,145386,2023-08-19,Electrique,Automatique,150,Euro 1,Gris,Monospace,Allemagne,35000,34800.0
Volkswagen,Tiguan,2012,88899,2013-03-19,Diesel,Automatique,90,Euro 4,Gris,Monospace,Allemagne,40000,24024.0
Toyota,Corolla,2009,118843,2010-08-13,Gaz,Manuelle,90,Euro 3,Blanc,Break,Italie,28000,13376.0
Mercedes,Classe A,2009,200436,2011-07-02,Gaz,Manuelle,90,Euro 3,Blanc,Break,Japon,38000,14140.0
Audi,A6,2012,168802,2013-07-01,Essence,Automatique,200,Euro 4,Rouge,Berline,Allemagne,72000,36000.0
Peugeot,5008,2016,124740,2019-08-30,Diesel,Manuelle,150,Euro 5,Gris,SUV,Japon,42000,27840.0
Mercedes,GLC,2010,186998,2011-11-02,Gaz,Automatique,90,Euro 4,Bleu,SUV,Japon,85000,35760.0
Renault,Talisman,2009,135905,2011-10-08,Essence,Automatique,90,Euro 3,Gris,Berline,USA,40000,17598.0
Toyota,RAV4,2014,115383,2015-02-07,Diesel,Manuelle,110,Euro 4,Rouge,Monospace,France,37000,22479.0
Peugeot,308,2006,184377,2006-11-10,Gaz,Automatique,110,Euro 3,Noir,SUV,Japon,30000,9688.0
Dacia,Spring,2015,66620,2017-08-15,Hybride,Automatique,200,Euro 1,Noir,Crossover,USA,22000,19430.0
Mercedes,Classe E,2011,113364,2011-04-18,Diesel,Manuelle,150,Euro 4,Bleu,Crossover,Japon,75000,38250.0
Citroen,C4,2010,185783,2013-12-23,Essence,Automatique,150,Euro 4,Bleu,SUV,USA,24000,10600.0
Audi,A4,2011,65733,2012-09-01,Hybride,Automatique,200,Euro 1,Gris,Berline,Espagne,48000,30250.0
Ford,Kuga,2008,23777,2010-01-24,Essence,Automatique,150,Euro 3,Noir,Berline,France,34000,18250.0
BMW,X5,2006,124842,2006-08-20,Gaz,Automatique,90,Euro 3,Blanc,Monospace,France,80000,28696.0
BMW,X5,2013,209103,2013-09-30,Essence,Manuelle,90,Euro 4,Noir,Crossover,USA,80000,37553.0
Kia,Ceed,2008,132327,2009-08-09,Gaz,Automatique,110,Euro 3,Bleu,SUV,France,23000,10764.0
Peugeot,208,2011,132367,2011-06-26,Diesel,Manuelle,130,Euro 4,Gris,Break,France,18000,9264.0
Peugeot,3008,2010,26224,2013-08-08,Diesel,Automatique,110,Euro 4,Gris,Monospace,Espagne,35000,21336.0
BMW,Serie 3,2023,10847,2024-09-25,Electrique,Manuelle,110,Euro 1,Rouge,Crossover,USA,45000,49056.0
Mercedes,Classe A,2011,125896,2014-12-14,Essence,Automatique,200,Euro 4,Rouge,Berline,Allemagne,38000,20090.0
Audi,Q5,2016,118928,2016-07-27,Essence,Automatique,90,Euro 5,Blanc,Break,Espagne,65000,43485.0
Dacia,Sandero,2010,86012,2012-03-18,Gaz,Manuelle,90,Euro 4,Noir,Crossover,Italie,15900,9150.0
Peugeot,5008,2012,77367,2014-05-06,Gaz,Automatique,130,Euro 4,Noir,SUV,Italie,42000,26676.0
BMW,X5,2022,220939,2025-07-28,Electrique,Manuelle,200,Euro 1,Gris,Berline,Japon,80000,62640.0
Volkswagen,Passat,2014,107585,2017-03-19,Diesel,Automatique,110,Euro 4,Noir,SUV,France,36000,23460.0
Ford,Kuga,2022,228812,2024-05-13,Hybride,Manuelle,90,Euro 1,Bleu,Monospace,France,34000,27288.0
Kia,Sportage,2006,33345,2009-07-18,Gaz,Manuelle,130,Euro 3,Rouge,Berline,Japon,34000,15824.0
BMW,X5,2009,139840,2010-10-09,Gaz,Manuelle,90,Euro 3,Rouge,Crossover,Italie,80000,34608.0
Toyota,Hilux,2007,142586,2009-12-25,Gaz,Automatique,130,Euro 3,Noir,Monospace,USA,45000,17430.0
Volkswagen,Passat,2016,124029,2018-08-16,Essence,Manuelle,150,Euro 5,Blanc,Monospace,USA,36000,23360.0
BMW,Serie 3,2006,131669,2009-08-28,Essence,Automatique,110,Euro 3,Rouge,Crossover,Allemagne,45000,15543.0
BMW,Serie 5,2013,234358,2014-12-01,Diesel,Automatique,130,Euro 4,Bleu,Crossover,France,65000,30052.0
Peugeot,208,2012,218467,2013-03-08,Hybride,Automatique,150,Euro 1,Bleu,Break,Allemagne,18000,10535.0
BMW,Serie 1,2007,165814,2007-02-12,Gaz,Manuelle,110,Euro 3,Gris,Monospace,Allemagne,35000,12408.0
Tesla,Model 3,2015,98097,2015-11-16,Diesel,Automatique,90,Euro 5,Noir,Berline,USA,45000,30656.0
Toyota,Hilux,2014,100257,2015-01-11,Essence,Automatique,150,Euro 4,Gris,Berline,France,45000,28500.0
BMW,X5,2008,85559,2011-10-27,Essence,Manuelle,200,Euro 3,Rouge,Crossover,Allemagne,80000,35640.0
Renault,Clio,2019,13181,2019-08-19,Electrique,Manuelle,130,Euro 1,Rouge,Monospace,Japon,17000,19572.0
Toyota,Hilux,2021,61315,2021-02-26,Hybride,Manuelle,110,Euro 1,Bleu,Crossover,France,45000,41735.0
Kia,Ceed,2013,162178,2013-04-09,Essence,Manuelle,90,Euro 4,Bleu,SUV,Japon,23000,11679.0
Ford,Focus,2006,109980,2008-07-16,Essence,Manuelle,150,Euro 3,Bleu,Break,Japon,26000,9540.0
Toyota,RAV4,2022,14872,2022-06-06,Gaz,Manuelle,150,Euro 6,Blanc,Break,Italie,37000,37200.0
BMW,Serie 3,2023,179615,2023-03-19,Electrique,Manuelle,110,Euro 1,Gris,SUV,Japon,45000,40880.0
Dacia,Spring,2018,192439,2019-04-04,Hybride,Automatique,150,Euro 1,Bleu,Crossover,France,22000,17955.0
Tesla,Model X,2012,31643,2013-06-01,Diesel,Manuelle,110,Euro 4,Gris,Crossover,USA,120000,73871.0
Dacia,Sandero,2007,194893,2010-12-12,Gaz,Manuelle,150,Euro 3,Blanc,Break,Espagne,15900,5670.0
Tesla,Model X,2019,145047,2022-09-22,Gaz,Automatique,150,Euro 5,Bleu,Crossover,Italie,120000,88750.0
Kia,Ceed,2007,204487,2007-12-29,Gaz,Automatique,110,Euro 3,Gris,Crossover,USA,23000,8004.0
Dacia,Duster,2024,191100,2026-09-11,Hybride,Automatique,130,Euro 1,Gris,Break,Allemagne,19900,21222.0
Ford,Focus,2008,49491,2010-07-26,Essence,Automatique,150,Euro 3,Rouge,Berline,Allemagne,26000,13680.0
Dacia,Spring,2009,57360,2011-04-16,Gaz,Manuelle,150,Euro 3,Blanc,Monospace,Italie,22000,12500.0
Hyundai,Tucson,2022,47176,2022-05-19,Hybride,Manuelle,200,Euro 1,Rouge,Break,Allemagne,35000,36000.0
Hyundai,Tucson,2009,200011,2011-01-15,Gaz,Automatique,200,Euro 3,Rouge,Monospace,Italie,35000,14175.0
Ford,Focus,2024,140792,2025-04-13,Gaz,Automatique,200,Euro 6,Rouge,SUV,USA,26000,27090.0
Peugeot,308,2019,84057,2021-03-08,Electrique,Automatique,110,Euro 1,Blanc,Monospace,Espagne,30000,29337.0
Ford,Fiesta,2015,84456,2015-05-29,Essence,Automatique,90,Euro 5,Bleu,Berline,France,18000,12935.0
Volkswagen,Arteon,2007,180087,2007-11-14,Gaz,Automatique,130,Euro 3,Rouge,Berline,Japon,48000,16368.0
Hyundai,Tucson,2006,200915,2006-12-27,Diesel,Automatique,110,Euro 3,Rouge,Crossover,Italie,35000,9906.0
Audi,A6,2014,156428,2014-11-03,Essence,Automatique,130,Euro 4,Bleu,Monospace,France,72000,40865.0
Kia,Rio,2013,54328,2016-06-23,Diesel,Manuelle,130,Euro 4,Rouge,Break,Japon,18900,12524.0
Hyundai,Tucson,2005,201439,2005-05-12,Diesel,Automatique,90,Euro 3,Bleu,SUV,Allemagne,35000,8717.0
Ford,Focus,2009,144982,2011-03-15,Gaz,Manuelle,110,Euro 3,Gris,Break,France,26000,11726.0
Tesla,Model X,2023,29349,2026-10-12,Electrique,Manuelle,110,Euro 1,Bleu,Crossover,Allemagne,120000,119795.0
Mercedes,Classe C,2013,164345,2016-06-26,Essence,Automatique,90,Euro 4,Noir,SUV,Espagne,55000,29019.0
BMW,X5,2023,16746,2024-05-17,Diesel,Automatique,90,Euro 6,Gris,Crossover,Japon,80000,79584.0
BMW,Serie 1,2019,17014,2022-09-06,Hybride,Automatique,130,Euro 1,Blanc,Berline,Italie,35000,34692.0
Dacia,Spring,2011,123880,2013-12-07,Gaz,Automatique,90,Euro 4,Bleu,Berline,Allemagne,22000,12936.0
Kia,Rio,2011,80786,2011-09-10,Gaz,Manuelle,130,Euro 4,Bleu,Break,Japon,18900,11501.0
Mercedes,Classe A,2005,57167,2008-12-20,Diesel,Automatique,150,Euro 3,Gris,Berline,Allemagne,38000,15770.0
Audi,A3,2014,113364,2015-04-06,Essence,Manuelle,110,Euro 4,Gris,Break,Italie,34000,20119.0
Hyundai,i20,2009,35797,2009-01-20,Essence,Manuelle,150,Euro 3,Bleu,Break,USA,19500,10400.0
Ford,Focus,2005,123913,2006-04-30,Gaz,Manuelle,200,Euro 3,Noir,SUV,Italie,26000,9145.0
Ford,Kuga,2018,157267,2021-06-22,Diesel,Automatique,110,Euro 5,Rouge,SUV,Espagne,34000,24857.0
BMW,X5,2018,191801,2021-07-16,Hybride,Manuelle,200,Euro 1,Rouge,Crossover,USA,80000,53550.0
Audi,A6,2010,228034,2011-08-06,Diesel,Automatique,110,Euro 4,Rouge,SUV,Japon,72000,27036.0
Hyundai,i30,2024,99499,2024-03-11,Essence,Automatique,110,Euro 6,Noir,Berline,France,22000,21931.0
Kia,Ceed,2007,41543,2010-11-12,Diesel,Manuelle,150,Euro 3,Gris,Crossover,USA,23000,11025.0
Volkswagen,Tiguan,2012,87130,2015-12-20,Diesel,Automatique,150,Euro 4,Bleu,Monospace,Italie,40000,24360.0
Audi,A6,2010,104969,2013-07-16,Hybride,Manuelle,110,Euro 1,Blanc,Crossover,Allemagne,72000,36528.0
BMW,Serie 1,2024,126713,2025-04-01,Gaz,Automatique,130,Euro 6,Bleu,Break,Italie,35000,35024.0
Peugeot,308,2012,124000,2015-03-13,Essence,Manuelle,150,Euro 4,Gris,Berline,Japon,30000,15860.0
Tesla,Model 3,2012,86146,2013-02-15,Gaz,Manuelle,200,Euro 4,Bleu,Crossover,Espagne,45000,27160.0
Tesla,Model X,2022,27204,2022-06-03,Hybride,Manuelle,150,Euro 1,Noir,SUV,Japon,120000,114540.0
Tesla,Model X,2023,136903,2024-07-01,Gaz,Automatique,110,Euro 6,Rouge,Break,Italie,120000,104664.0
Volkswagen,Tiguan,2018,196801,2018-11-12,Diesel,Manuelle,200,Euro 5,Gris,Berline,Italie,40000,26460.0
Volkswagen,Passat,2010,26308,2013-11-06,Gaz,Automatique,90,Euro 4,Bleu,Crossover,France,36000,22624.0
Tesla,Model 3,2008,171891,2008-05-06,Gaz,Manuelle,90,Euro 3,Gris,Crossover,Espagne,45000,16590.0
Mercedes,Classe E,2012,57420,2013-01-19,Gaz,Automatique,110,Euro 4,Noir,Monospace,Japon,75000,46964.0
BMW,Serie 3,2017,90760,2020-02-11,Hybride,Automatique,130,Euro 1,Gris,Monospace,Espagne,45000,35910.0
Volkswagen,Arteon,2008,115951,2010-09-06,Essence,Automatique,150,Euro 3,Gris,Break,Japon,48000,20705.0
Kia,Rio,2013,187076,2015-04-25,Essence,Automatique,110,Euro 4,Bleu,SUV,Allemagne,18900,10290.0
Mercedes,Classe E,2021,90130,2023-02-13,Hybride,Manuelle,130,Euro 1,Noir,Crossover,Japon,75000,65026.0
Toyota,Hilux,2018,236149,2021-09-10,Electrique,Automatique,90,Euro 1,Bleu,Break,Allemagne,45000,31211.0
Dacia,Sandero,2008,101485,2009-11-06,Gaz,Automatique,150,Euro 3,Gris,SUV,Italie,15900,8778.0
Volkswagen,Passat,2020,71472,2023-10-02,Electrique,Manuelle,150,Euro 1,Noir,Monospace,Japon,36000,34425.0
Tesla,Model S,2009,75348,2011-05-28,Gaz,Automatique,130,Euro 3,Blanc,Monospace,Allemagne,95000,47904.0
Tesla,Model 3,2016,209834,2017-10-26,Hybride,Automatique,130,Euro 1,Blanc,SUV,Italie,45000,28728.0
Tesla,Model 3,2020,55407,2023-01-08,Essence,Automatique,200,Euro 6,Noir,Berline,Italie,45000,39840.0
BMW,Serie 1,2022,32828,2025-01-16,Electrique,Manuelle,150,Euro 1,Gris,Monospace,Italie,35000,37765.0
Toyota,Yaris,2013,110024,2014-07-18,Hybride,Manuelle,130,Euro 1,Bleu,Break,Italie,19000,13048.0
Ford,Kuga,2023,53920,2023-11-06,Essence,Manuelle,130,Euro 6,Bleu,Berline,Italie,34000,31556.0
Renault,Talisman,2006,100649,2009-08-09,Diesel,Manuelle,110,Euro 3,Bleu,Monospace,Allemagne,40000,14796.0
Peugeot,5008,2009,78926,2012-02-01,Diesel,Automatique,150,Euro 3,Gris,SUV,USA,42000,21840.0
Toyota,Yaris,2009,244420,2012-11-06,Essence,Automatique,150,Euro 3,Noir,Berline,France,19000,6665.0
BMW,X5,2013,118797,2016-02-19,Diesel,Automatique,130,Euro 4,Blanc,Berline,Espagne,80000,46648.0
Mercedes,Classe A,2019,18257,2022-02-13,Gaz,Manuelle,90,Euro 5,Bleu,Berline,Espagne,38000,33936.0
Tesla,Model X,2014,126521,2014-02-23,Essence,Manuelle,130,Euro 4,Noir,SUV,Japon,120000,69774.0
Hyundai,i30,2017,41163,2019-03-15,Diesel,Manuelle,90,Euro 5,Rouge,Berline,France,22000,17175.0
Dacia,Spring,2018,116891,2018-10-27,Essence,Manuelle,130,Euro 5,Noir,Monospace,Italie,22000,15833.0
Hyundai,Tucson,2009,47081,2012-03-24,Diesel,Manuelle,150,Euro 3,Gris,SUV,Italie,35000,18615.0
Volkswagen,Passat,2010,186052,2011-08-11,Essence,Automatique,150,Euro 4,Blanc,Break,Espagne,36000,15400.0
Mercedes,Classe C,2012,39629,2014-11-27,Essence,Manuelle,200,Euro 4,Gris,SUV,France,55000,34160.0
Dacia,Sandero,2024,39685,2024-01-24,Gaz,Manuelle,130,Euro 6,Rouge,SUV,Allemagne,15900,18139.0
Mercedes,Classe C,2009,173755,2012-01-22,Diesel,Manuelle,130,Euro 3,Gris,SUV,France,55000,21394.0
BMW,Serie 1,2018,104007,2021-08-15,Gaz,Manuelle,200,Euro 5,Rouge,Berline,Japon,35000,27720.0
Hyundai,Tucson,2021,32036,2022-07-24,Hybride,Manuelle,200,Euro 1,Gris,SUV,Espagne,35000,35200.0
Mercedes,Classe C,2012,107347,2013-02-06,Hybride,Manuelle,90,Euro 1,Bleu,SUV,Espagne,55000,31806.0
Peugeot,308,2020,201715,2022-10-22,Diesel,Manuelle,110,Euro 6,Noir,SUV,USA,30000,21148.0
BMW,Serie 5,2024,239153,2025-03-10,Essence,Automatique,90,Euro 6,Blanc,Crossover,France,65000,51513.0
Kia,Rio,2008,32586,2009-06-07,Diesel,Manuelle,150,Euro 3,Noir,SUV,USA,18900,9996.0
Tesla,Model X,2016,223654,2018-04-04,Hybride,Manuelle,90,Euro 1,Blanc,Berline,Espagne,120000,66906.0
Audi,A6,2016,165516,2019-04-20,Essence,Manuelle,200,Euro 5,Bleu,Crossover,France,72000,43800.0
Renault,Captur,2005,67392,2008-01-11,Diesel,Manuelle,150,Euro 3,Blanc,Berline,USA,28000,10915.0
Tesla,Model X,2008,10690,2009-06-28,Gaz,Manuelle,90,Euro 3,Bleu,Crossover,Japon,120000,62424.0
Peugeot,3008,2021,152412,2021-08-15,Gaz,Automatique,150,Euro 6,Rouge,Crossover,Japon,35000,30400.0
Hyundai,i30,2009,153016,2009-11-20,Gaz,Automatique,130,Euro 3,Noir,Monospace,Japon,22000,10720.0
Renault,Megane,2014,187799,2017-06-26,Essence,Automatique,150,Euro 4,Gris,Berline,USA,25000,14300.0
Hyundai,Tucson,2009,212115,2012-03-09,Diesel,Automatique,110,Euro 3,Gris,Monospace,France,35000,12954.0
Hyundai,Tucson,2016,228686,2018-02-23,Gaz,Manuelle,130,Euro 5,Bleu,Crossover,Espagne,35000,20412.0
Peugeot,5008,2011,234475,2013-09-09,Essence,Automatique,150,Euro 4,Gris,Break,Allemagne,42000,16910.0
Volkswagen,Arteon,2017,96625,2020-05-06,Diesel,Manuelle,150,Euro 5,Blanc,Berline,Allemagne,48000,34650.0
Kia,Sportage,2009,34387,2012-08-05,Essence,Manuelle,130,Euro 3,Bleu,Monospace,Allemagne,34000,17836.0
Toyota,Yaris,2007,62193,2007-04-05,Gaz,Manuelle,110,Euro 3,Gris,Berline,Italie,19000,9288.0
Peugeot,208,2023,12867,2024-11-29,Gaz,Manuelle,90,Euro 6,Bleu,Break,Espagne,18000,19584.0
Dacia,Duster,2019,249852,2020-10-07,Essence,Manuelle,200,Euro 5,Blanc,Break,France,19900,12749.0
Renault,Talisman,2012,93586,2014-02-17,Diesel,Automatique,150,Euro 4,Rouge,Crossover,USA,40000,23925.0
Audi,A4,2018,202675,2020-10-19,Essence,Automatique,200,Euro 5,Bleu,Crossover,USA,48000,31620.0
Kia,Ceed,2023,181958,2023-12-16,Hybride,Manuelle,200,Euro 1,Bleu,Crossover,Espagne,23000,22120.0
Peugeot,208,2009,137161,2010-09-04,Diesel,Automatique,130,Euro 3,Rouge,Crossover,France,18000,8946.0
BMW,Serie 5,2021,178245,2021-11-27,Gaz,Automatique,200,Euro 6,Gris,Berline,Italie,65000,52170.0
Toyota,Hilux,2009,237196,2009-04-19,Essence,Manuelle,200,Euro 3,Bleu,Monospace,France,45000,14720.0
Dacia,Duster,2015,116464,2015-11-16,Hybride,Manuelle,90,Euro 1,Rouge,Monospace,USA,19900,14756.0
BMW,Serie 1,2019,224251,2020-04-18,Diesel,Automatique,110,Euro 5,Noir,SUV,France,35000,24003.0
Ford,Fiesta,2020,72124,2020-12-02,Essence,Manuelle,130,Euro 6,Noir,SUV,Italie,18000,14823.0
BMW,Serie 3,2021,47288,2021-05-08,Electrique,Automatique,130,Euro 1,Gris,SUV,USA,45000,46371.0
Volkswagen,Golf,2017,170943,2019-12-31,Gaz,Automatique,150,Euro 5,Rouge,Break,Allemagne,25000,18600.0
Renault,Megane,2009,138590,2010-01-02,Essence,Automatique,130,Euro 3,Gris,Berline,Japon,25000,11466.0
Renault,Captur,2021,99096,2021-10-13,Hybride,Automatique,130,Euro 1,Rouge,Break,Italie,28000,28126.0
Kia,Sportage,2024,165807,2024-09-06,Hybride,Automatique,90,Euro 1,Rouge,SUV,Espagne,34000,33516.0
BMW,Serie 1,2006,231082,2007-01-23,Gaz,Automatique,200,Euro 3,Noir,Monospace,Allemagne,35000,9315.0
BMW,Serie 3,2012,212731,2013-05-19,Essence,Automatique,90,Euro 4,Rouge,SUV,Japon,45000,20167.0
Dacia,Duster,2006,30179,2008-11-30,Essence,Automatique,90,Euro 3,Gris,Break,USA,19900,9374.0
Citroen,C5 Aircross,2017,184692,2019-11-09,Hybride,Automatique,150,Euro 1,Noir,Monospace,Allemagne,35000,25315.0
BMW,Serie 3,2012,158701,2015-02-08,Hybride,Manuelle,150,Euro 1,Noir,Crossover,Italie,45000,24255.0
Citroen,C4,2010,208637,2013-02-15,Diesel,Automatique,90,Euro 4,Bleu,Crossover,France,24000,10222.0
Citroen,C3,2021,148883,2022-03-10,Gaz,Automatique,150,Euro 6,Rouge,SUV,Allemagne,16000,16170.0
Peugeot,308,2009,49006,2011-07-09,Essence,Automatique,150,Euro 3,Rouge,Crossover,Japon,30000,16575.0
Hyundai,i30,2021,81621,2021-04-26,Electrique,Automatique,150,Euro 1,Gris,SUV,Italie,22000,25315.0
Peugeot,208,2012,55106,2013-02-27,Essence,Automatique,150,Euro 4,Gris,Break,USA,18000,12095.0
Toyota,Corolla,2009,231922,2010-11-30,Diesel,Automatique,150,Euro 3,Bleu,Crossover,Espagne,28000,10080.0
Volkswagen,Tiguan,2015,244125,2018-07-12,Hybride,Automatique,90,Euro 1,Noir,Crossover,USA,40000,22491.0
Dacia,Duster,2010,228095,2013-09-24,Essence,Automatique,130,Euro 4,Noir,Break,USA,19900,7992.0
Volkswagen,Tiguan,2011,195270,2013-07-18,Diesel,Manuelle,110,Euro 4,Blanc,Crossover,France,40000,17262.0
Volkswagen,Arteon,2014,128432,2014-11-02,Gaz,Automatique,130,Euro 4,Bleu,Berline,USA,48000,30624.0
Kia,Ceed,2019,226350,2019-12-16,Gaz,Manuelle,150,Euro 5,Blanc,SUV,Espagne,23000,16380.0
Volkswagen,Golf,2019,94776,2020-03-30,Electrique,Manuelle,90,Euro 1,Blanc,Monospace,USA,25000,23484.0
Dacia,Sandero,2023,211095,2026-08-01,Hybride,Automatique,200,Euro 1,Bleu,Monospace,Italie,15900,17404.0
Audi,A6,2006,193162,2006-04-14,Essence,Manuelle,150,Euro 3,Rouge,Break,Espagne,72000,19575.0
Mercedes,Classe E,2012,240096,2013-11-10,Essence,Automatique,130,Euro 4,Noir,Berline,Italie,75000,30920.0
Hyundai,i20,2013,65572,2016-06-17,Gaz,Automatique,130,Euro 4,Gris,Crossover,Japon,19500,14823.0
Renault,Clio,2024,224533,2026-02-28,Diesel,Manuelle,90,Euro 6,Noir,Monospace,Espagne,17000,13962.0
Hyundai,i20,2014,75352,2016-11-19,Essence,Automatique,110,Euro 4,Noir,Break,France,19500,13608.0
Tesla,Model S,2020,173056,2020-10-11,Hybride,Automatique,90,Euro 1,Bleu,Crossover,France,95000,71639.0
Renault,Talisman,2022,140142,2023-05-08,Essence,Manuelle,90,Euro 6,Gris,Crossover,USA,40000,31920.0
Kia,Sportage,2023,225888,2024-05-21,Diesel,Manuelle,150,Euro 6,Bleu,SUV,Japon,34000,26625.0
Dacia,Duster,2008,53795,2010-08-15,Diesel,Manuelle,200,Euro 3,Blanc,Berline,Japon,19900,10293.0
Tesla,Model 3,2019,156590,2022-06-23,Diesel,Automatique,90,Euro 5,Gris,Crossover,Espagne,45000,33530.0
Audi,Q5,2012,33735,2015-05-30,Diesel,Automatique,110,Euro 4,Bleu,Berline,France,65000,41541.0
Audi,A3,2017,136857,2019-08-17,Hybride,Manuelle,90,Euro 1,Gris,SUV,Italie,34000,25014.0
Toyota,RAV4,2020,163099,2020-10-19,Hybride,Automatique,200,Euro 1,Blanc,SUV,USA,37000,31680.0
Peugeot,208,2019,220782,2021-03-16,Hybride,Automatique,130,Euro 1,Gris,Crossover,USA,18000,15309.0
Peugeot,3008,2017,153011,2018-04-11,Hybride,Automatique,130,Euro 1,Noir,Break,Allemagne,35000,26432.0
Hyundai,i30,2007,219629,2010-11-20,Essence,Automatique,150,Euro 3,Noir,Crossover,Italie,22000,6860.0
BMW,Serie 5,2019,57438,2020-05-05,Essence,Manuelle,90,Euro 5,Blanc,SUV,Allemagne,65000,51920.0
Renault,Megane,2005,211567,2006-06-22,Essence,Manuelle,110,Euro 3,Blanc,Crossover,France,25000,5522.0
Kia,Sportage,2006,27382,2009-06-19,Essence,Manuelle,200,Euro 3,Gris,Monospace,USA,34000,15400.0
Volkswagen,Arteon,2013,24330,2015-09-15,Essence,Manuelle,200,Euro 4,Bleu,Berline,Espagne,48000,31850.0
Toyota,Hilux,2016,225059,2017-09-23,Diesel,Manuelle,130,Euro 5,Gris,Monospace,Allemagne,45000,25002.0
Volkswagen,Golf,2008,125862,2010-11-21,Gaz,Automatique,150,Euro 3,Noir,Berline,Italie,25000,12000.0
Mercedes,GLC,2020,143562,2021-02-18,Gaz,Automatique,130,Euro 6,Bleu,Berline,Italie,85000,66452.0
Ford,Focus,2024,65595,2025-11-09,Diesel,Automatique,150,Euro 6,Gris,Monospace,Espagne,26000,27730.0
BMW,X5,2010,42040,2012-09-15,Essence,Manuelle,110,Euro 4,Gris,SUV,USA,80000,43254.0
Tesla,Model X,2015,240094,2018-10-10,Gaz,Automatique,110,Euro 5,Gris,Monospace,USA,120000,61054.0
Ford,Fiesta,2024,27914,2024-01-10,Essence,Automatique,150,Euro 6,Rouge,Break,France,18000,20090.0
Hyundai,i30,2009,238350,2011-09-07,Diesel,Automatique,90,Euro 3,Gris,Monospace,Allemagne,22000,7968.0
Peugeot,208,2024,191915,2027-08-24,Electrique,Automatique,200,Euro 1,Blanc,Berline,Japon,18000,21870.0
BMW,Serie 5,2014,126627,2017-10-14,Hybride,Automatique,150,Euro 1,Gris,Monospace,Japon,65000,41470.0
Mercedes,Classe E,2006,155620,2009-09-15,Essence,Automatique,90,Euro 3,Blanc,Crossover,Espagne,75000,23839.0
Hyundai,i20,2005,58671,2005-08-31,Diesel,Automatique,90,Euro 3,Gris,Break,Japon,19500,8512.0
Ford,Kuga,2012,177273,2014-01-14,Essence,Automatique,200,Euro 4,Rouge,Berline,Italie,34000,17390.0
Audi,A6,2016,172393,2018-12-12,Gaz,Manuelle,150,Euro 5,Blanc,Monospace,Japon,72000,44250.0
Tesla,Model 3,2017,20963,2019-05-18,Diesel,Manuelle,130,Euro 5,Blanc,Berline,Allemagne,45000,35651.0
Toyota,Yaris,2014,234282,2014-03-15,Gaz,Manuelle,200,Euro 4,Blanc,Berline,Allemagne,19000,10575.0
Tesla,Model S,2015,133069,2015-04-04,Essence,Manuelle,130,Euro 5,Bleu,SUV,Italie,95000,57180.0
BMW,Serie 3,2010,145965,2013-03-14,Essence,Manuelle,110,Euro 4,Bleu,Monospace,France,45000,19844.0
BMW,Serie 3,2018,201585,2018-04-04,Essence,Automatique,90,Euro 5,Gris,Berline,France,45000,29078.0
Peugeot,308,2005,231633,2008-05-27,Essence,Automatique,110,Euro 3,Noir,Monospace,Italie,30000,6420.0
Citroen,C4,2014,227357,2015-06-28,Essence,Manuelle,200,Euro 4,Noir,Monospace,Italie,24000,12000.0
Mercedes,Classe A,2017,79325,2017-09-18,Diesel,Automatique,200,Euro 5,Rouge,Crossover,Allemagne,38000,30240.0
Ford,Kuga,2011,167316,2012-06-18,Essence,Manuelle,130,Euro 4,Gris,Berline,Espagne,34000,15435.0
Audi,A6,2013,112123,2016-09-17,Diesel,Automatique,90,Euro 4,Noir,SUV,France,72000,41944.0
Mercedes,GLC,2014,170070,2016-10-28,Essence,Manuelle,90,Euro 4,Noir,Berline,Espagne,85000,44997.0
Volkswagen,Passat,2014,10620,2016-12-22,Diesel,Automatique,200,Euro 4,Gris,SUV,Japon,36000,27600.0
Toyota,Hilux,2014,173220,2016-01-28,Hybride,Manuelle,150,Euro 1,Rouge,Crossover,USA,45000,26235.0
Audi,Q5,2019,133696,2019-01-29,Electrique,Automatique,200,Euro 1,Gris,Monospace,Allemagne,65000,53280.0
Mercedes,Classe C,2018,83826,2020-03-15,Diesel,Manuelle,90,Euro 5,Bleu,Break,USA,55000,41366.0
Tesla,Model S,2017,150031,2019-10-28,Diesel,Automatique,90,Euro 5,Bleu,Monospace,Allemagne,95000,62656.0
Citroen,C5 Aircross,2007,205593,2009-07-21,Diesel,Automatique,110,Euro 3,Noir,Break,France,35000,11049.0
Dacia,Spring,2011,62722,2013-02-18,Essence,Automatique,110,Euro 4,Gris,Berline,Allemagne,22000,13255.0
Hyundai,i30,2015,233449,2017-09-06,Essence,Automatique,110,Euro 5,Gris,Berline,Allemagne,22000,12050.0
BMW,X5,2007,231070,2009-01-03,Gaz,Manuelle,90,Euro 3,Blanc,Monospace,Espagne,80000,21424.0
Mercedes,Classe E,2023,237485,2026-06-10,Electrique,Automatique,150,Euro 1,Blanc,Break,Allemagne,75000,61790.0
Tesla,Model 3,2014,149826,2017-04-18,Gaz,Manuelle,200,Euro 4,Gris,Berline,Japon,45000,27160.0
Dacia,Sandero,2019,97536,2022-06-17,Gaz,Manuelle,130,Euro 5,Noir,Crossover,USA,15900,14212.0
Mercedes,Classe A,2011,220306,2014-08-05,Diesel,Manuelle,150,Euro 4,Rouge,Break,France,38000,15405.0
Ford,Fiesta,2018,159333,2018-01-27,Diesel,Automatique,200,Euro 5,Gris,SUV,Japon,18000,14740.0
Citroen,C4,2016,119940,2017-05-31,Diesel,Manuelle,110,Euro 5,Rouge,Monospace,Italie,24000,16315.0
Kia,Sportage,2015,229129,2016-02-20,Essence,Manuelle,150,Euro 5,Rouge,Crossover,Espagne,34000,17595.0
Dacia,Duster,2009,93594,2010-01-27,Diesel,Manuelle,200,Euro 3,Bleu,Monospace,France,19900,10074.0
Kia,Sportage,2015,68083,2016-04-01,Hybride,Automatique,130,Euro 1,Rouge,Berline,USA,34000,27001.0
Kia,Rio,2019,77366,2020-09-16,Essence,Automatique,130,Euro 5,Rouge,Break,USA,18900,16536.0
Hyundai,i30,2007,142302,2007-05-12,Gaz,Automatique,90,Euro 3,Noir,Berline,USA,22000,9240.0
Ford,Kuga,2012,15571,2013-01-27,Hybride,Automatique,90,Euro 1,Rouge,SUV,Espagne,34000,25137.0
Tesla,Model 3,2013,50555,2016-07-07,Hybride,Automatique,200,Euro 1,Rouge,Break,Espagne,45000,32240.0
Renault,Megane,2009,235796,2009-10-15,Diesel,Automatique,150,Euro 3,Bleu,Break,Allemagne,25000,9120.0
Audi,A6,2012,177320,2013-02-03,Gaz,Automatique,110,Euro 4,Gris,Monospace,France,72000,36002.0
Dacia,Duster,2014,34492,2014-08-20,Gaz,Manuelle,90,Euro 4,Gris,Berline,Japon,19900,14941.0
Citroen,C5 Aircross,2007,198935,2007-12-19,Gaz,Automatique,110,Euro 3,Gris,Berline,Allemagne,35000,11880.0
Hyundai,i20,2023,41866,2024-10-09,Gaz,Automatique,110,Euro 6,Noir,Crossover,Japon,19500,22413.0
Renault,Talisman,2016,159257,2017-02-15,Diesel,Manuelle,200,Euro 5,Noir,SUV,Japon,40000,25620.0
BMW,Serie 1,2015,152241,2018-12-01,Essence,Automatique,110,Euro 5,Rouge,Crossover,Espagne,35000,21518.0
Dacia,Duster,2015,46392,2018-07-27,Diesel,Automatique,200,Euro 5,Gris,Crossover,Allemagne,19900,16491.0
Kia,Sportage,2007,146550,2009-02-19,Essence,Automatique,130,Euro 3,Blanc,SUV,Italie,34000,12705.0
Renault,Captur,2013,243318,2013-02-11,Hybride,Manuelle,110,Euro 1,Gris,Monospace,Japon,28000,13803.0
Dacia,Spring,2021,53022,2021-05-03,Hybride,Manuelle,90,Euro 1,Rouge,Crossover,USA,22000,22274.0
Kia,Rio,2015,124973,2016-12-19,Essence,Manuelle,90,Euro 5,Bleu,Break,USA,18900,11468.0
Peugeot,308,2007,188534,2007-10-27,Gaz,Manuelle,130,Euro 3,Gris,SUV,Japon,30000,10168.0
Kia,Ceed,2023,122743,2025-02-28,Essence,Automatique,150,Euro 6,Noir,Monospace,France,23000,21675.0
Dacia,Sandero,2024,136704,2027-02-25,Hybride,Manuelle,200,Euro 1,Rouge,Crossover,Allemagne,15900,18183.0
Renault,Clio,2023,227123,2023-07-02,Hybride,Manuelle,90,Euro 1,Blanc,SUV,Espagne,17000,15675.0
Ford,Focus,2016,175353,2016-09-21,Gaz,Automatique,90,Euro 5,Blanc,Berline,Italie,26000,17936.0
Audi,A4,2013,81466,2015-05-19,Hybride,Manuelle,130,Euro 1,Noir,Berline,Japon,48000,30857.0
Kia,Sportage,2024,191333,2027-05-20,Electrique,Manuelle,90,Euro 1,Bleu,SUV,Espagne,34000,32319.0
Peugeot,3008,2019,197316,2021-05-24,Gaz,Manuelle,200,Euro 5,Rouge,Break,Japon,35000,25410.0
Kia,Sportage,2018,64509,2018-07-10,Electrique,Automatique,150,Euro 1,Bleu,Berline,Allemagne,34000,32300.0
Renault,Captur,2017,131220,2018-08-25,Hybride,Automatique,150,Euro 1,Blanc,Monospace,Italie,28000,22770.0
Tesla,Model X,2023,114276,2023-10-11,Diesel,Automatique,130,Euro 6,Rouge,Crossover,USA,120000,106038.0
Renault,Captur,2008,144288,2010-05-21,Essence,Manuelle,110,Euro 3,Rouge,Crossover,USA,28000,10678.0
Dacia,Duster,2007,248684,2009-06-06,Diesel,Automatique,200,Euro 3,Rouge,SUV,Italie,19900,5975.0
Tesla,Model X,2014,191806,2016-06-03,Hybride,Automatique,150,Euro 1,Rouge,SUV,Japon,120000,64515.0
Citroen,C3,2016,195297,2017-11-05,Diesel,Manuelle,150,Euro 5,Blanc,SUV,USA,16000,9975.0
Toyota,RAV4,2005,35569,2006-05-06,Essence,Manuelle,200,Euro 3,Rouge,Monospace,Espagne,37000,15200.0
Audi,A4,2005,49606,2008-02-03,Diesel,Automatique,110,Euro 3,Blanc,Monospace,USA,48000,19929.0
Renault,Talisman,2019,156606,2022-12-09,Hybride,Automatique,90,Euro 1,Rouge,Break,France,40000,32130.0
Citroen,C5 Aircross,2015,14876,2016-05-03,Gaz,Manuelle,200,Euro 5,Blanc,Berline,Japon,35000,27720.0
Volkswagen,Golf,2012,137678,2015-06-17,Hybride,Manuelle,130,Euro 1,Blanc,SUV,Italie,25000,14943.0
Tesla,Model 3,2008,193682,2009-04-18,Essence,Manuelle,90,Euro 3,Bleu,Crossover,Espagne,45000,14817.0
Renault,Clio,2013,51379,2015-01-30,Diesel,Manuelle,110,Euro 4,Gris,SUV,Italie,17000,11222.0
Volkswagen,Golf,2020,205321,2021-05-02,Gaz,Automatique,150,Euro 6,Gris,Monospace,France,25000,20400.0
Mercedes,Classe A,2013,49147,2013-04-15,Diesel,Manuelle,200,Euro 4,Bleu,Break,Allemagne,38000,25200.0
Tesla,Model X,2009,73686,2010-07-11,Essence,Automatique,130,Euro 3,Blanc,Break,Espagne,120000,58704.0
Ford,Fiesta,2024,110293,2026-04-26,Diesel,Automatique,110,Euro 6,Gris,Berline,Italie,18000,18779.0
Tesla,Model X,2013,61916,2014-08-11,Essence,Automatique,150,Euro 4,Blanc,SUV,Allemagne,120000,74725.0
Ford,Kuga,2024,160423,2027-12-14,Electrique,Manuelle,150,Euro 1,Bleu,Berline,Japon,34000,34020.0
Ford,Fiesta,2022,98557,2024-05-30,Essence,Manuelle,130,Euro 6,Noir,Break,Italie,18000,15555.0
Citroen,C3,2020,97116,2020-08-13,Gaz,Automatique,130,Euro 6,Gris,Crossover,France,16000,16432.0
Peugeot,208,2010,56960,2010-07-25,Gaz,Manuelle,90,Euro 4,Bleu,Berline,Japon,18000,10812.0
Ford,Fiesta,2011,48677,2014-05-07,Hybride,Manuelle,90,Euro 1,Blanc,Monospace,Italie,18000,12483.0
Dacia,Spring,2007,175126,2009-08-05,Essence,Automatique,110,Euro 3,Bleu,Monospace,Japon,22000,7712.0
Ford,Fiesta,2010,152476,2013-11-06,Essence,Manuelle,150,Euro 4,Gris,Break,Espagne,18000,7955.0
Mercedes,Classe A,2011,40525,2012-05-01,Gaz,Manuelle,200,Euro 4,Noir,Berline,Espagne,38000,23655.0
Audi,A4,2022,208980,2024-06-16,Gaz,Automatique,130,Euro 6,Blanc,Monospace,Italie,48000,39072.0
Citroen,C4,2022,174931,2022-07-21,Hybride,Manuelle,150,Euro 1,Rouge,Crossover,Allemagne,24000,21945.0
Renault,Megane,2019,74305,2021-06-10,Hybride,Manuelle,150,Euro 1,Rouge,Crossover,Japon,25000,23010.0
Hyundai,i20,2022,42515,2025-08-05,Gaz,Automatique,90,Euro 6,Rouge,Monospace,Allemagne,19500,21510.0
Citroen,C5 Aircross,2009,199472,2012-09-29,Diesel,Automatique,130,Euro 3,Gris,Berline,France,35000,13788.0
Peugeot,308,2017,245538,2020-02-08,Diesel,Automatique,150,Euro 5,Rouge,Break,Italie,30000,18425.0
Citroen,C5 Aircross,2011,94707,2011-07-28,Gaz,Manuelle,110,Euro 4,Bleu,SUV,Espagne,35000,19552.0
Citroen,C3,2023,56080,2025-11-12,Essence,Automatique,200,Euro 6,Blanc,Monospace,Japon,16000,17480.0
Hyundai,i20,2016,184624,2017-07-24,Hybride,Automatique,130,Euro 1,Blanc,Monospace,Japon,19500,14964.0
Toyota,Corolla,2022,91934,2023-07-14,Gaz,Manuelle,200,Euro 6,Noir,Monospace,USA,28000,26775.0
Hyundai,i30,2018,239261,2019-01-29,Electrique,Manuelle,110,Euro 1,Noir,Break,Espagne,22000,16579.0
Audi,Q5,2006,218396,2009-10-26,Gaz,Manuelle,110,Euro 3,Blanc,SUV,Italie,65000,16900.0
Tesla,Model 3,2006,184895,2008-05-03,Essence,Automatique,150,Euro 3,Noir,Crossover,Japon,45000,13300.0
Volkswagen,Passat,2016,240738,2016-08-07,Diesel,Automatique,200,Euro 5,Gris,SUV,USA,36000,20800.0
Audi,A6,2020,157512,2021-12-16,Essence,Manuelle,200,Euro 6,Bleu,Monospace,France,72000,53290.0
Peugeot,3008,2010,237954,2013-07-14,Essence,Manuelle,110,Euro 4,Bleu,Crossover,USA,35000,12285.0
Volkswagen,Passat,2023,97829,2023-03-05,Hybride,Automatique,90,Euro 1,Bleu,Crossover,Japon,36000,36872.0
Tesla,Model X,2018,222480,2018-12-23,Hybride,Automatique,150,Euro 1,Noir,Berline,Allemagne,120000,75900.0
Tesla,Model S,2015,94851,2015-08-12,Diesel,Automatique,130,Euro 5,Bleu,Berline,Allemagne,95000,62912.0
Renault,Megane,2006,200065,2008-10-21,Gaz,Manuelle,110,Euro 3,Blanc,Crossover,France,25000,7176.0
Mercedes,Classe E,2017,42651,2017-09-23,Essence,Automatique,130,Euro 5,Gris,Berline,Japon,75000,57975.0
Ford,Kuga,2010,196524,2010-05-16,Gaz,Manuelle,200,Euro 4,Blanc,Monospace,USA,34000,14625.0
BMW,X5,2021,82279,2022-08-10,Gaz,Automatique,200,Euro 6,Noir,SUV,USA,80000,70965.0
Audi,A3,2010,35564,2013-04-15,Hybride,Manuelle,110,Euro 1,Gris,Monospace,Italie,34000,20955.0
Volkswagen,Passat,2024,188650,2024-03-22,Diesel,Manuelle,110,Euro 6,Blanc,Crossover,Italie,36000,30422.0
BMW,Serie 5,2015,181516,2016-05-27,Essence,Automatique,130,Euro 5,Gris,Break,Italie,65000,37015.0
BMW,X5,2016,34284,2017-05-18,Essence,Manuelle,200,Euro 5,Rouge,SUV,Italie,80000,59130.0
Renault,Megane,2019,127462,2019-02-25,Electrique,Manuelle,130,Euro 1,Bleu,Monospace,Espagne,25000,22849.0
Audi,Q5,2022,79428,2022-02-10,Electrique,Automatique,130,Euro 1,Rouge,Berline,Allemagne,65000,63771.0
Tesla,Model S,2018,156785,2020-06-08,Hybride,Manuelle,200,Euro 1,Noir,Break,France,95000,67000.0
Renault,Talisman,2022,104378,2023-04-19,Diesel,Automatique,150,Euro 6,Noir,Break,Italie,40000,36540.0
Ford,Focus,2015,217280,2015-06-11,Diesel,Automatique,150,Euro 5,Noir,Crossover,Espagne,26000,15340.0
Kia,Sportage,2019,104356,2022-01-07,Diesel,Automatique,110,Euro 5,Gris,Monospace,USA,34000,27825.0
Tesla,Model 3,2015,138865,2016-01-10,Gaz,Manuelle,110,Euro 5,Blanc,Berline,Italie,45000,28560.0
Renault,Captur,2015,71110,2015-06-01,Diesel,Manuelle,200,Euro 5,Gris,Crossover,Italie,28000,19800.0
Renault,Talisman,2021,208327,2023-02-25,Diesel,Automatique,130,Euro 6,Rouge,SUV,Allemagne,40000,30743.0
Ford,Focus,2019,82025,2019-10-10,Essence,Automatique,200,Euro 5,Noir,Break,Japon,26000,22330.0
Peugeot,3008,2011,194768,2011-12-27,Gaz,Manuelle,200,Euro 4,Rouge,Crossover,Espagne,35000,16170.0
Toyota,Corolla,2007,22823,2010-01-20,Essence,Automatique,200,Euro 3,Noir,Break,Italie,28000,14570.0
Tesla,Model X,2006,155293,2009-07-11,Essence,Automatique,110,Euro 3,Rouge,Berline,France,120000,37851.0
Audi,A4,2015,174742,2018-03-05,Diesel,Manuelle,130,Euro 5,Gris,Berline,Italie,48000,27608.0
Hyundai,i30,2014,195447,2015-10-04,Gaz,Manuelle,90,Euro 4,Rouge,Crossover,USA,22000,12444.0
Hyundai,i30,2020,173253,2023-08-24,Gaz,Manuelle,90,Euro 6,Blanc,Monospace,Japon,22000,17324.0
Audi,A6,2018,205692,2020-04-27,Gaz,Manuelle,130,Euro 5,Bleu,Monospace,Allemagne,72000,46376.0
Tesla,Model S,2010,39403,2011-07-07,Essence,Automatique,90,Euro 4,Gris,Berline,Espagne,95000,53295.0
Citroen,C5 Aircross,2009,184036,2009-02-28,Diesel,Automatique,200,Euro 3,Blanc,Break,Espagne,35000,14430.0
Peugeot,5008,2009,146240,2011-06-24,Diesel,Manuelle,130,Euro 3,Gris,SUV,France,42000,17753.0
Hyundai,i20,2014,180424,2014-01-26,Essence,Manuelle,90,Euro 4,Bleu,Monospace,Allemagne,19500,10088.0
Peugeot,308,2005,91467,2008-09-24,Essence,Automatique,200,Euro 3,Blanc,SUV,Allemagne,30000,11220.0
Audi,A3,2014,159786,2017-08-15,Hybride,Manuelle,150,Euro 1,Blanc,SUV,Japon,34000,21175.0
Dacia,Sandero,2011,22966,2013-11-21,Essence,Manuelle,130,Euro 4,Gris,Crossover,USA,15900,9558.0
Ford,Fiesta,2009,176649,2012-09-29,Essence,Automatique,130,Euro 3,Bleu,SUV,Japon,18000,7714.0
Volkswagen,Tiguan,2018,91087,2020-11-07,Essence,Automatique,200,Euro 5,Gris,Berline,Espagne,40000,31390.0
Hyundai,Tucson,2021,232041,2022-06-23,Essence,Manuelle,200,Euro 6,Noir,Break,France,35000,24480.0
Kia,Sportage,2007,158170,2010-02-16,Gaz,Automatique,90,Euro 3,Bleu,Crossover,Japon,34000,13056.0
Renault,Clio,2011,44554,2012-04-08,Hybride,Automatique,90,Euro 1,Blanc,SUV,France,17000,13053.0
Mercedes,Classe C,2006,168874,2007-05-15,Essence,Automatique,110,Euro 3,Noir,Monospace,Italie,55000,17130.0
Audi,A4,2020,32250,2023-02-15,Hybride,Automatique,150,Euro 1,Gris,Break,Italie,48000,46325.0
Peugeot,308,2012,38041,2015-08-01,Essence,Manuelle,110,Euro 4,Rouge,Berline,Espagne,30000,18361.0
BMW,Serie 5,2016,129340,2018-09-30,Hybride,Automatique,150,Euro 1,Bleu,SUV,USA,65000,45760.0
Audi,A6,2019,89348,2020-12-17,Electrique,Manuelle,110,Euro 1,Rouge,Berline,France,72000,60137.0
Volkswagen,Tiguan,2006,240822,2006-07-30,Essence,Automatique,130,Euro 3,Gris,Berline,Allemagne,40000,9306.0
Peugeot,5008,2019,100304,2019-05-03,Essence,Automatique,200,Euro 5,Gris,Monospace,USA,42000,33750.0
Dacia,Sandero,2020,139579,2020-12-12,Hybride,Manuelle,130,Euro 1,Blanc,Break,Italie,15900,15150.0
BMW,Serie 1,2010,136184,2013-03-20,Essence,Automatique,110,Euro 4,Gris,Berline,Italie,35000,16695.0
Peugeot,208,2005,95008,2005-02-10,Diesel,Manuelle,110,Euro 3,Gris,Monospace,Espagne,18000,6494.0
Dacia,Duster,2024,236498,2026-03-06,Diesel,Automatique,200,Euro 6,Noir,Break,Allemagne,19900,18403.0
Volkswagen,Tiguan,2011,79291,2014-06-21,Gaz,Manuelle,130,Euro 4,Noir,Crossover,Allemagne,40000,23112.0
Citroen,C4,2009,113728,2009-11-19,Diesel,Manuelle,110,Euro 3,Gris,Crossover,France,24000,11044.0
Volkswagen,Passat,2017,16825,2020-05-16,Gaz,Manuelle,90,Euro 5,Bleu,Berline,Italie,36000,29952.0
BMW,Serie 1,2015,178054,2017-06-19,Hybride,Manuelle,110,Euro 1,Bleu,Break,USA,35000,21896.0
Toyota,Corolla,2017,226934,2018-10-24,Diesel,Automatique,110,Euro 5,Rouge,Crossover,Italie,28000,17727.0
Renault,Captur,2006,191672,2008-12-14,Diesel,Automatique,110,Euro 3,Rouge,Crossover,Allemagne,28000,8397.0
Toyota,RAV4,2020,142946,2020-03-21,Gaz,Manuelle,90,Euro 6,Gris,Berline,USA,37000,29156.0
Tesla,Model S,2008,174706,2009-04-21,Essence,Manuelle,110,Euro 3,Rouge,Berline,USA,95000,33285.0
Renault,Megane,2012,61934,2013-02-17,Diesel,Manuelle,130,Euro 4,Gris,Berline,Espagne,25000,15254.0
Tesla,Model S,2007,232467,2010-12-21,Essence,Automatique,110,Euro 3,Blanc,Break,Espagne,95000,25246.0
Renault,Clio,2014,16796,2017-04-19,Hybride,Automatique,110,Euro 1,Bleu,Crossover,Italie,17000,15939.0
Audi,A6,2010,12664,2011-04-10,Gaz,Manuelle,200,Euro 4,Noir,SUV,Allemagne,72000,43035.0
Toyota,Hilux,2007,57278,2007-07-25,Gaz,Manuelle,90,Euro 3,Gris,Berline,Japon,45000,20856.0
Tesla,Model S,2020,133303,2022-10-11,Electrique,Manuelle,130,Euro 1,Rouge,Break,Japon,95000,75975.0
Peugeot,208,2021,224782,2022-03-28,Diesel,Automatique,150,Euro 6,Gris,Crossover,Allemagne,18000,14835.0
Volkswagen,Golf,2009,244433,2010-07-14,Diesel,Automatique,130,Euro 3,Noir,Crossover,France,25000,8773.0
Tesla,Model 3,2016,246896,2017-02-09,Hybride,Manuelle,150,Euro 1,Rouge,SUV,USA,45000,25740.0
Volkswagen,Golf,2008,210537,2010-07-22,Diesel,Automatique,200,Euro 3,Rouge,Monospace,France,25000,8990.0
Ford,Fiesta,2013,247513,2015-02-08,Essence,Automatique,130,Euro 4,Blanc,Monospace,Italie,18000,8729.0
Audi,A4,2006,141463,2006-07-25,Diesel,Manuelle,110,Euro 3,Rouge,Crossover,Italie,48000,15712.0
Volkswagen,Arteon,2010,110937,2013-07-29,Hybride,Manuelle,130,Euro 1,Bleu,Monospace,USA,48000,24581.0
Peugeot,208,2011,192936,2014-02-24,Gaz,Automatique,110,Euro 4,Bleu,Break,France,18000,9492.0
Citroen,C3,2020,31428,2020-01-12,Essence,Automatique,90,Euro 6,Noir,Monospace,Italie,16000,15215.0
Peugeot,3008,2019,163519,2022-04-04,Gaz,Automatique,200,Euro 5,Blanc,Berline,Espagne,35000,27945.0
Toyota,RAV4,2024,193352,2026-01-15,Hybride,Manuelle,150,Euro 1,Bleu,Break,Espagne,37000,33615.0
Citroen,C5 Aircross,2024,95694,2026-10-08,Diesel,Manuelle,150,Euro 6,Blanc,Monospace,Allemagne,35000,33215.0
BMW,Serie 5,2008,214446,2010-08-11,Essence,Automatique,200,Euro 3,Bleu,Monospace,Espagne,65000,21080.0
Kia,Ceed,2022,27231,2023-08-03,Gaz,Manuelle,90,Euro 6,Gris,SUV,Allemagne,23000,23368.0
Volkswagen,Arteon,2012,46789,2013-10-14,Diesel,Manuelle,90,Euro 4,Gris,Crossover,Italie,48000,29340.0
Kia,Sportage,2021,165509,2024-03-10,Diesel,Manuelle,150,Euro 6,Gris,SUV,France,34000,26625.0
Citroen,C5 Aircross,2019,214470,2021-04-16,Diesel,Manuelle,90,Euro 5,Noir,Crossover,Allemagne,35000,22976.0
Kia,Sportage,2017,136544,2020-03-08,Essence,Manuelle,110,Euro 5,Blanc,Break,USA,34000,22506.0
Kia,Ceed,2012,190630,2012-07-26,Gaz,Manuelle,150,Euro 4,Bleu,Monospace,Allemagne,23000,11700.0
Hyundai,i20,2013,68428,2015-02-01,Essence,Manuelle,90,Euro 4,Bleu,Break,Japon,19500,11834.0
Toyota,Hilux,2021,214968,2022-03-03,Gaz,Automatique,130,Euro 6,Blanc,Berline,Japon,45000,34860.0
Renault,Megane,2006,101570,2007-11-08,Gaz,Automatique,150,Euro 3,Blanc,Break,USA,25000,10800.0
Tesla,Model S,2008,39817,2008-08-25,Essence,Manuelle,110,Euro 3,Bleu,Break,France,95000,46599.0
Dacia,Duster,2018,165544,2019-06-29,Gaz,Manuelle,130,Euro 5,Blanc,SUV,Allemagne,19900,14982.0
Kia,Ceed,2016,195448,2016-08-19,Essence,Automatique,110,Euro 5,Bleu,Berline,Espagne,23000,14307.0
BMW,Serie 3,2015,33861,2017-04-12,Gaz,Manuelle,110,Euro 5,Blanc,Berline,Allemagne,45000,33320.0
Hyundai,i30,2007,95208,2008-09-10,Essence,Automatique,90,Euro 3,Noir,Crossover,Italie,22000,9560.0
Tesla,Model S,2021,206611,2023-11-22,Gaz,Automatique,130,Euro 6,Bleu,Berline,Espagne,95000,70858.0
Volkswagen,Passat,2005,121067,2007-10-13,Essence,Manuelle,200,Euro 3,Bleu,Berline,France,36000,11470.0
Kia,Rio,2016,187870,2017-04-25,Diesel,Automatique,110,Euro 5,Bleu,Monospace,Italie,18900,12760.0
Citroen,C4,2006,152163,2008-05-04,Essence,Automatique,150,Euro 3,Bleu,Break,France,24000,8215.0
Kia,Ceed,2024,185258,2027-03-18,Gaz,Automatique,110,Euro 6,Blanc,Crossover,France,23000,22632.0
Mercedes,GLC,2021,190448,2021-09-04,Hybride,Manuelle,90,Euro 1,Noir,Berline,Allemagne,85000,64008.0
Dacia,Sandero,2015,51034,2018-12-07,Gaz,Manuelle,150,Euro 5,Rouge,SUV,Japon,15900,12852.0
Dacia,Sandero,2024,210880,2027-07-28,Essence,Automatique,130,Euro 6,Rouge,SUV,Japon,15900,14378.0
Dacia,Spring,2018,221310,2019-03-07,Hybride,Manuelle,130,Euro 1,Bleu,Monospace,Allemagne,22000,15780.0
Hyundai,Tucson,2021,27410,2023-01-17,Electrique,Automatique,150,Euro 1,Bleu,Berline,Japon,35000,38715.0
Tesla,Model X,2008,88464,2009-04-28,Diesel,Automatique,130,Euro 3,Gris,Berline,Italie,120000,54252.0
Volkswagen,Golf,2011,56792,2014-01-16,Diesel,Automatique,110,Euro 4,Rouge,Crossover,USA,25000,15736.0
Hyundai,i20,2011,48479,2011-01-28,Gaz,Automatique,90,Euro 4,Rouge,Berline,Japon,19500,13623.0
Citroen,C4,2007,118313,2007-10-28,Diesel,Automatique,130,Euro 3,Noir,Berline,Italie,24000,10374.0
Audi,A6,2020,224688,2020-12-06,Essence,Manuelle,90,Euro 6,Blanc,Monospace,Allemagne,72000,47454.0
BMW,Serie 3,2006,136510,2008-10-28,Gaz,Manuelle,110,Euro 3,Bleu,SUV,USA,45000,15708.0
Dacia,Spring,2010,175610,2013-06-17,Gaz,Automatique,200,Euro 4,Gris,Monospace,France,22000,11275.0
Volkswagen,Passat,2010,88915,2013-02-21,Gaz,Manuelle,90,Euro 4,Blanc,Break,Espagne,36000,19200.0
Renault,Clio,2012,140289,2012-10-12,Essence,Automatique,150,Euro 4,Rouge,Break,USA,17000,9750.0
Kia,Rio,2007,136520,2009-06-08,Diesel,Automatique,150,Euro 3,Noir,SUV,Italie,18900,8064.0
Audi,A6,2014,246756,2015-05-06,Hybride,Manuelle,110,Euro 1,Blanc,SUV,Japon,72000,35006.0
Dacia,Sandero,2024,143061,2025-12-29,Diesel,Manuelle,110,Euro 6,Gris,SUV,Italie,15900,14620.0
Audi,A6,2014,201283,2014-09-06,Gaz,Manuelle,130,Euro 4,Noir,Break,Allemagne,72000,37400.0
Toyota,Yaris,2015,147072,2015-03-29,Hybride,Automatique,150,Euro 1,Noir,Crossover,France,19000,15045.0
Dacia,Sandero,2007,98827,2007-05-12,Diesel,Manuelle,90,Euro 3,Bleu,SUV,Italie,15900,6720.0
Toyota,Corolla,2022,121651,2022-01-18,Essence,Automatique,110,Euro 6,Rouge,Break,Espagne,28000,24682.0
Toyota,Corolla,2006,164122,2006-05-30,Diesel,Automatique,200,Euro 3,Blanc,Crossover,Espagne,28000,9600.0
Peugeot,5008,2006,154250,2008-03-01,Diesel,Manuelle,200,Euro 3,Noir,Crossover,France,42000,13640.0
BMW,Serie 5,2016,46990,2016-12-28,Hybride,Manuelle,90,Euro 1,Rouge,Berline,Italie,65000,49608.0
Citroen,C4,2005,150546,2007-05-18,Essence,Manuelle,200,Euro 3,Rouge,Crossover,Italie,24000,7000.0
Ford,Kuga,2015,222332,2016-03-28,Hybride,Automatique,200,Euro 1,Gris,Berline,Espagne,34000,20910.0
Volkswagen,Tiguan,2021,144842,2021-06-30,Gaz,Automatique,150,Euro 6,Blanc,Break,USA,40000,34650.0
BMW,Serie 5,2012,20125,2014-05-10,Hybride,Automatique,150,Euro 1,Gris,Crossover,Japon,65000,44330.0
Ford,Fiesta,2019,19136,2022-03-04,Electrique,Automatique,110,Euro 1,Noir,Crossover,USA,18000,21924.0
Ford,Fiesta,2024,59537,2027-02-11,Diesel,Automatique,90,Euro 6,Bleu,Crossover,France,18000,19855.0
Ford,Kuga,2016,208328,2016-12-22,Essence,Automatique,150,Euro 5,Noir,Break,Italie,34000,20440.0
Toyota,RAV4,2019,109150,2022-12-16,Gaz,Automatique,110,Euro 5,Bleu,Berline,Japon,37000,31200.0
Volkswagen,Golf,2006,44442,2008-06-02,Essence,Manuelle,90,Euro 3,Rouge,Break,USA,25000,10458.0
Kia,Ceed,2010,57569,2011-10-12,Essence,Automatique,150,Euro 4,Rouge,SUV,Italie,23000,13515.0
Volkswagen,Golf,2010,22253,2010-02-17,Hybride,Manuelle,130,Euro 1,Noir,Berline,Japon,25000,16408.0
Renault,Captur,2012,158566,2012-05-12,Gaz,Automatique,130,Euro 4,Rouge,SUV,Allemagne,28000,16072.0
Renault,Clio,2019,48795,2022-11-12,Essence,Manuelle,200,Euro 5,Gris,Crossover,France,17000,14580.0
Kia,Sportage,2016,79721,2017-09-02,Gaz,Manuelle,150,Euro 5,Noir,Break,Allemagne,34000,25530.0
Citroen,C3,2009,126991,2010-12-01,Diesel,Manuelle,90,Euro 3,Noir,SUV,France,16000,7267.0
Renault,Captur,2024,41161,2027-01-03,Essence,Automatique,90,Euro 6,Bleu,Monospace,Espagne,28000,28704.0
Mercedes,GLC,2018,56555,2018-09-16,Gaz,Manuelle,130,Euro 5,Rouge,Berline,France,85000,67606.0
Audi,A3,2019,232827,2022-01-01,Electrique,Manuelle,90,Euro 1,Noir,Crossover,France,34000,24738.0
BMW,Serie 5,2019,123356,2019-02-07,Gaz,Automatique,200,Euro 5,Bleu,Crossover,USA,65000,51465.0
Hyundai,i20,2012,62912,2012-10-08,Essence,Manuelle,90,Euro 4,Bleu,Break,Espagne,19500,11252.0
Mercedes,Classe C,2013,101127,2013-02-10,Gaz,Manuelle,150,Euro 4,Noir,Berline,Italie,55000,33060.0
Audi,A6,2023,87692,2024-07-13,Hybride,Manuelle,200,Euro 1,Blanc,Crossover,France,72000,68530.0
Peugeot,5008,2018,197649,2019-10-28,Electrique,Manuelle,200,Euro 1,Noir,SUV,Japon,42000,30870.0
Kia,Ceed,2010,157176,2011-10-28,Essence,Automatique,130,Euro 4,Noir,Break,Allemagne,23000,10879.0
Dacia,Sandero,2007,73701,2010-12-16,Essence,Automatique,150,Euro 3,Blanc,Break,France,15900,7728.0
Tesla,Model S,2005,169999,2006-12-15,Essence,Manuelle,150,Euro 3,Gris,Berline,Japon,95000,25785.0
Citroen,C3,2023,185385,2023-08-23,Electrique,Manuelle,200,Euro 1,Rouge,Break,Allemagne,16000,18170.0
BMW,Serie 5,2023,71019,2026-10-08,Hybride,Automatique,200,Euro 1,Gris,Break,Italie,65000,64800.0
Toyota,Hilux,2018,171486,2020-01-16,Hybride,Automatique,130,Euro 1,Bleu,Crossover,Japon,45000,33345.0
Renault,Talisman,2006,146582,2006-04-28,Essence,Manuelle,130,Euro 3,Rouge,SUV,France,40000,12896.0
Toyota,Yaris,2015,73065,2017-03-13,Gaz,Automatique,130,Euro 5,Rouge,Berline,USA,19000,15708.0
Mercedes,Classe E,2007,231523,2010-05-14,Gaz,Automatique,150,Euro 3,Blanc,Crossover,France,75000,20800.0
Toyota,Hilux,2023,28008,2026-03-24,Hybride,Manuelle,110,Euro 1,Blanc,SUV,Japon,45000,46645.0
Toyota,Corolla,2018,165866,2019-07-11,Essence,Manuelle,110,Euro 5,Rouge,Break,Allemagne,28000,18546.0
Ford,Focus,2007,121066,2010-01-26,Essence,Automatique,150,Euro 3,Rouge,Crossover,Japon,26000,10545.0
Mercedes,Classe E,2007,62715,2009-06-04,Diesel,Manuelle,130,Euro 3,Gris,Monospace,USA,75000,32809.0
BMW,Serie 5,2018,29391,2018-01-28,Diesel,Manuelle,130,Euro 5,Rouge,Monospace,Espagne,65000,53040.0
Toyota,Corolla,2011,51118,2014-02-12,Essence,Automatique,200,Euro 4,Gris,Break,Italie,28000,17360.0
Citroen,C4,2023,125279,2024-03-16,Hybride,Automatique,150,Euro 1,Noir,Crossover,USA,24000,25925.0
Citroen,C4,2017,121148,2019-07-22,Gaz,Manuelle,150,Euro 5,Noir,Crossover,USA,24000,18090.0
Renault,Megane,2011,28707,2013-11-12,Diesel,Manuelle,90,Euro 4,Rouge,Berline,Allemagne,25000,15281.0
Toyota,Yaris,2022,46741,2023-03-10,Essence,Automatique,200,Euro 6,Blanc,Crossover,USA,19000,19800.0
Toyota,Corolla,2024,78180,2025-08-31,Gaz,Manuelle,200,Euro 6,Blanc,Break,USA,28000,29295.0
Citroen,C3,2011,67497,2012-12-11,Diesel,Manuelle,110,Euro 4,Bleu,Berline,France,16000,9405.0
Citroen,C5 Aircross,2012,13934,2012-12-24,Hybride,Automatique,110,Euro 1,Bleu,Monospace,Espagne,35000,25893.0
Peugeot,208,2023,242548,2025-01-18,Hybride,Manuelle,110,Euro 1,Bleu,Break,France,18000,16133.0
Volkswagen,Arteon,2022,191956,2025-08-06,Diesel,Automatique,150,Euro 6,Gris,Break,Espagne,48000,38625.0
Citroen,C3,2014,207616,2016-02-11,Diesel,Manuelle,130,Euro 4,Noir,Berline,Allemagne,16000,8650.0
BMW,Serie 5,2012,61802,2015-10-17,Essence,Manuelle,130,Euro 4,Rouge,Berline,USA,65000,37874.0
Mercedes,Classe E,2022,44787,2022-08-04,Electrique,Manuelle,200,Euro 1,Noir,Berline,Allemagne,75000,73800.0
Peugeot,3008,2007,37961,2009-06-30,Essence,Automatique,110,Euro 3,Blanc,Berline,Allemagne,35000,17066.0
Volkswagen,Golf,2008,182566,2009-07-18,Essence,Manuelle,130,Euro 3,Blanc,Break,France,25000,8602.0
Toyota,Yaris,2013,46116,2015-06-16,Hybride,Manuelle,200,Euro 1,Gris,Monospace,USA,19000,15120.0
Mercedes,Classe A,2018,80341,2019-10-16,Electrique,Automatique,110,Euro 1,Bleu,SUV,Italie,38000,34114.0
Audi,Q5,2024,228006,2026-09-19,Gaz,Automatique,130,Euro 6,Bleu,Break,Espagne,65000,54444.0
Toyota,Yaris,2015,244564,2018-04-21,Gaz,Automatique,130,Euro 5,Bleu,Berline,France,19000,11662.0
Citroen,C4,2022,108754,2022-10-21,Diesel,Manuelle,150,Euro 6,Noir,Monospace,Italie,24000,21420.0
Dacia,Spring,2015,220816,2015-05-19,Hybride,Automatique,200,Euro 1,Bleu,Berline,USA,22000,14790.0
Audi,A3,2005,115025,2007-06-03,Essence,Manuelle,150,Euro 3,Gris,Berline,Allemagne,34000,11040.0
Tesla,Model X,2019,179660,2020-08-06,Electrique,Automatique,200,Euro 1,Noir,Monospace,USA,120000,87720.0
Citroen,C5 Aircross,2017,150069,2018-02-22,Essence,Automatique,90,Euro 5,Bleu,Break,Italie,35000,23616.0
Ford,Kuga,2021,77527,2022-05-03,Hybride,Manuelle,150,Euro 1,Rouge,Monospace,Espagne,34000,32340.0
Ford,Fiesta,2019,98270,2020-09-04,Essence,Manuelle,90,Euro 5,Noir,SUV,Allemagne,18000,13604.0
Peugeot,5008,2012,161425,2015-04-21,Hybride,Automatique,150,Euro 1,Bleu,Monospace,France,42000,23280.0
Hyundai,i30,2016,79628,2016-07-14,Diesel,Automatique,110,Euro 5,Bleu,Monospace,Espagne,22000,17319.0
Peugeot,208,2018,71463,2021-08-03,Essence,Manuelle,130,Euro 5,Gris,Break,Italie,18000,13725.0
Peugeot,208,2014,198675,2014-05-05,Gaz,Automatique,150,Euro 4,Bleu,Break,Espagne,18000,11730.0
Peugeot,208,2011,196903,2011-09-23,Essence,Manuelle,150,Euro 4,Bleu,Break,Espagne,18000,7770.0
Tesla,Model S,2016,127567,2019-11-23,Essence,Automatique,110,Euro 5,Noir,SUV,France,95000,62144.0
Audi,Q5,2017,104445,2020-06-01,Gaz,Manuelle,90,Euro 5,Bleu,SUV,Espagne,65000,46506.0
Ford,Kuga,2005,75397,2005-11-07,Essence,Manuelle,130,Euro 3,Bleu,Monospace,France,34000,12348.0
Ford,Fiesta,2012,198908,2013-11-15,Diesel,Automatique,150,Euro 4,Blanc,Crossover,Espagne,18000,9675.0
Ford,Kuga,2020,222181,2023-12-21,Essence,Automatique,150,Euro 6,Noir,Monospace,Japon,34000,24090.0
Audi,A3,2015,155231,2015-03-18,Diesel,Manuelle,130,Euro 5,Gris,Monospace,France,34000,20474.0
BMW,Serie 5,2014,95060,2014-09-04,Gaz,Manuelle,200,Euro 4,Bleu,Crossover,USA,65000,41785.0
Volkswagen,Tiguan,2010,12619,2011-08-20,Hybride,Manuelle,90,Euro 1,Blanc,SUV,Italie,40000,25023.0
Mercedes,Classe A,2006,15247,2008-03-21,Diesel,Manuelle,200,Euro 3,Blanc,Berline,Japon,38000,18000.0
Tesla,Model 3,2015,50427,2018-03-01,Gaz,Automatique,110,Euro 5,Bleu,Crossover,Espagne,45000,33728.0
Renault,Clio,2016,159818,2016-01-10,Essence,Automatique,130,Euro 5,Blanc,Monospace,Espagne,17000,11773.0
Tesla,Model 3,2011,94094,2014-09-12,Gaz,Manuelle,130,Euro 4,Noir,Crossover,USA,45000,24856.0
Dacia,Spring,2015,161720,2016-10-30,Essence,Automatique,150,Euro 5,Noir,Berline,Italie,22000,13965.0
Dacia,Sandero,2014,185697,2014-10-12,Hybride,Automatique,200,Euro 1,Rouge,Monospace,Italie,15900,11908.0
Peugeot,3008,2009,36016,2009-09-03,Gaz,Automatique,150,Euro 3,Bleu,Break,Italie,35000,20800.0
BMW,Serie 5,2019,167062,2022-04-25,Gaz,Automatique,110,Euro 5,Blanc,Crossover,USA,65000,48024.0
Toyota,RAV4,2012,203848,2013-09-25,Essence,Automatique,110,Euro 4,Bleu,Crossover,France,37000,17204.0
Toyota,Corolla,2016,175038,2017-02-12,Hybride,Automatique,110,Euro 1,Bleu,Berline,Allemagne,28000,20119.0
Hyundai,i30,2013,244729,2013-12-18,Essence,Automatique,90,Euro 4,Rouge,Crossover,Italie,22000,10277.0
Kia,Sportage,2013,59210,2016-04-22,Diesel,Manuelle,110,Euro 4,Blanc,Break,Italie,34000,21762.0
Ford,Kuga,2018,26830,2018-12-04,Gaz,Manuelle,150,Euro 5,Bleu,SUV,France,34000,29600.0
Volkswagen,Golf,2014,116866,2016-04-06,Diesel,Automatique,90,Euro 4,Noir,Monospace,Japon,25000,16461.0
Citroen,C4,2022,23906,2024-03-22,Electrique,Manuelle,90,Euro 1,Gris,Crossover,USA,24000,27508.0
Tesla,Model S,2007,13461,2008-06-21,Diesel,Automatique,110,Euro 3,Blanc,Berline,France,95000,47088.0
Mercedes,Classe C,2011,120816,2014-05-02,Hybride,Automatique,200,Euro 1,Rouge,Break,Japon,55000,30380.0
Toyota,Hilux,2011,177187,2014-03-03,Essence,Automatique,150,Euro 4,Gris,Monospace,Japon,45000,20900.0
Tesla,Model 3,2021,131663,2022-03-06,Electrique,Manuelle,110,Euro 1,Gris,Monospace,Espagne,45000,39858.0
Volkswagen,Golf,2014,144294,2014-04-29,Essence,Automatique,200,Euro 4,Gris,Berline,France,25000,15680.0
Mercedes,GLC,2010,84677,2012-09-28,Diesel,Manuelle,110,Euro 4,Rouge,SUV,Japon,85000,43050.0
Renault,Captur,2005,130050,2008-02-24,Essence,Manuelle,90,Euro 3,Rouge,Monospace,Japon,28000,8370.0
Volkswagen,Tiguan,2021,121142,2023-12-01,Gaz,Manuelle,200,Euro 6,Noir,Crossover,Japon,40000,34365.0
Hyundai,i20,2022,151686,2022-03-11,Diesel,Automatique,90,Euro 6,Rouge,Monospace,USA,19500,17696.0
Toyota,Hilux,2017,195151,2017-01-13,Essence,Automatique,200,Euro 5,Rouge,Monospace,USA,45000,28800.0
Citroen,C3,2007,22235,2010-10-30,Essence,Manuelle,110,Euro 3,Noir,SUV,USA,16000,7567.0
Mercedes,Classe C,2008,117925,2008-08-05,Essence,Automatique,200,Euro 3,Bleu,Monospace,France,55000,23780.0
Volkswagen,Golf,2010,28237,2012-01-02,Diesel,Manuelle,110,Euro 4,Rouge,Break,Japon,25000,14616.0
Peugeot,5008,2023,157796,2025-01-06,Electrique,Manuelle,90,Euro 1,Noir,Berline,Allemagne,42000,39278.0
Renault,Clio,2017,33758,2020-07-01,Gaz,Automatique,200,Euro 5,Bleu,SUV,USA,17000,17100.0
Kia,Ceed,2005,38288,2007-07-29,Diesel,Automatique,90,Euro 3,Blanc,Crossover,Japon,23000,10360.0
Tesla,Model X,2010,228202,2012-01-30,Gaz,Automatique,90,Euro 4,Gris,Monospace,Italie,120000,44784.0
Kia,Ceed,2009,107682,2010-10-27,Essence,Manuelle,150,Euro 3,Rouge,Break,Japon,23000,10575.0
Citroen,C5 Aircross,2010,172461,2011-05-18,Hybride,Manuelle,200,Euro 1,Bleu,SUV,Japon,35000,16400.0
Hyundai,i30,2015,111535,2016-12-22,Gaz,Manuelle,90,Euro 5,Noir,Berline,France,22000,15128.0
Ford,Kuga,2008,89569,2008-10-15,Essence,Manuelle,130,Euro 3,Rouge,SUV,Italie,34000,15092.0
Kia,Rio,2020,174588,2021-07-13,Diesel,Automatique,200,Euro 6,Rouge,SUV,Allemagne,18900,16259.0
Hyundai,i20,2017,210594,2020-01-01,Diesel,Automatique,200,Euro 5,Blanc,Crossover,Espagne,19500,13630.0
Toyota,Corolla,2005,243896,2007-08-01,Essence,Manuelle,110,Euro 3,Blanc,Crossover,Espagne,28000,5339.0
Citroen,C4,2020,138504,2021-06-07,Essence,Automatique,110,Euro 6,Bleu,Berline,Italie,24000,19575.0
Audi,A6,2012,42498,2012-04-20,Gaz,Automatique,110,Euro 4,Noir,Berline,Allemagne,72000,45960.0
Hyundai,i20,2017,190887,2017-03-20,Diesel,Manuelle,150,Euro 5,Blanc,SUV,Espagne,19500,12600.0
Toyota,Corolla,2013,12281,2015-06-01,Hybride,Automatique,90,Euro 1,Rouge,Monospace,USA,28000,22374.0
Dacia,Duster,2012,174842,2013-07-28,Gaz,Automatique,110,Euro 4,Bleu,Monospace,USA,19900,11515.0
Citroen,C4,2017,46049,2018-07-17,Essence,Manuelle,200,Euro 5,Rouge,Berline,Allemagne,24000,18750.0
Hyundai,i30,2022,137328,2024-01-21,Electrique,Manuelle,110,Euro 1,Gris,Monospace,Allemagne,22000,22761.0
BMW,Serie 3,2012,249578,2013-10-09,Gaz,Automatique,200,Euro 4,Gris,SUV,Japon,45000,20200.0
Renault,Megane,2008,83476,2011-11-19,Essence,Automatique,200,Euro 3,Noir,SUV,Italie,25000,12320.0
Ford,Kuga,2022,77509,2023-03-20,Gaz,Manuelle,150,Euro 6,Bleu,Berline,Japon,34000,32190.0
Renault,Captur,2009,50636,2009-04-26,Gaz,Manuelle,110,Euro 3,Rouge,Crossover,Allemagne,28000,15300.0
Hyundai,i20,2009,106377,2011-12-03,Gaz,Automatique,200,Euro 3,Bleu,SUV,Japon,19500,11250.0
Volkswagen,Golf,2013,113331,2014-09-10,Gaz,Manuelle,200,Euro 4,Rouge,Berline,Italie,25000,15960.0
Kia,Rio,2016,214578,2018-11-25,Diesel,Automatique,130,Euro 5,Rouge,Crossover,France,18900,12210.0
BMW,Serie 5,2021,112783,2021-06-03,Electrique,Automatique,90,Euro 1,Bleu,Monospace,Japon,65000,58320.0
Citroen,C5 Aircross,2020,51088,2020-08-31,Essence,Manuelle,110,Euro 6,Gris,Break,Italie,35000,29133.0
BMW,Serie 3,2008,190263,2010-03-18,Essence,Automatique,110,Euro 3,Rouge,SUV,France,45000,15543.0
Toyota,RAV4,2015,159991,2016-05-30,Hybride,Automatique,110,Euro 1,Gris,Monospace,France,37000,24998.0
Renault,Clio,2007,35174,2008-06-27,Gaz,Automatique,130,Euro 3,Noir,SUV,Allemagne,17000,10028.0
Renault,Captur,2006,40832,2007-02-22,Diesel,Manuelle,130,Euro 3,Bleu,SUV,Japon,28000,12306.0
Peugeot,5008,2020,211473,2022-05-02,Electrique,Manuelle,130,Euro 1,Bleu,Berline,USA,42000,32361.0
Citroen,C3,2022,134646,2024-06-30,Hybride,Automatique,200,Euro 1,Noir,SUV,USA,16000,18630.0
Mercedes,Classe E,2021,145720,2024-04-04,Diesel,Manuelle,150,Euro 6,Rouge,Berline,Espagne,75000,58905.0
Hyundai,Tucson,2005,205869,2008-11-26,Diesel,Manuelle,150,Euro 3,Bleu,Crossover,Japon,35000,8395.0
Kia,Rio,2007,132636,2010-08-30,Diesel,Automatique,130,Euro 3,Gris,Monospace,Japon,18900,7992.0
Peugeot,3008,2020,209477,2021-03-12,Gaz,Automatique,200,Euro 6,Gris,SUV,Allemagne,35000,27540.0
Tesla,Model S,2011,176502,2014-01-01,Diesel,Automatique,130,Euro 4,Bleu,SUV,Espagne,95000,43252.0
Ford,Focus,2023,205995,2024-02-02,Diesel,Automatique,110,Euro 6,Bleu,Break,Japon,26000,22407.0
Volkswagen,Golf,2007,130000,2009-01-24,Diesel,Manuelle,90,Euro 3,Blanc,Monospace,France,25000,9324.0
Mercedes,Classe A,2005,38337,2005-11-04,Essence,Automatique,110,Euro 3,Blanc,Berline,Italie,38000,16040.0
Dacia,Spring,2009,152692,2011-05-27,Essence,Manuelle,130,Euro 3,Gris,Monospace,Allemagne,22000,8920.0
Dacia,Duster,2011,34882,2014-04-18,Gaz,Automatique,110,Euro 4,Bleu,Break,Espagne,19900,14210.0
Mercedes,Classe A,2005,218735,2007-10-04,Diesel,Automatique,150,Euro 3,Bleu,Berline,USA,38000,9130.0
Citroen,C3,2020,68759,2020-07-23,Diesel,Manuelle,200,Euro 6,Blanc,Monospace,Allemagne,16000,14760.0
Dacia,Sandero,2021,59752,2023-09-14,Essence,Automatique,200,Euro 6,Blanc,Crossover,Allemagne,15900,16254.0
Hyundai,Tucson,2013,75630,2016-12-04,Hybride,Manuelle,130,Euro 1,Bleu,SUV,Italie,35000,23580.0
Hyundai,i30,2020,114782,2021-08-17,Electrique,Manuelle,130,Euro 1,Gris,Crossover,Allemagne,22000,21791.0
Dacia,Spring,2024,12895,2024-01-03,Electrique,Automatique,110,Euro 1,Rouge,SUV,USA,22000,29799.0
Hyundai,Tucson,2011,27102,2014-02-17,Essence,Automatique,150,Euro 4,Blanc,Berline,France,35000,22125.0
Mercedes,Classe E,2023,112880,2024-03-12,Diesel,Automatique,130,Euro 6,Bleu,Berline,France,75000,67338.0
Citroen,C3,2010,10885,2011-08-09,Hybride,Manuelle,200,Euro 1,Blanc,Berline,France,16000,11970.0
Citroen,C4,2019,187388,2020-05-11,Gaz,Manuelle,200,Euro 5,Blanc,Crossover,Allemagne,24000,18425.0
Mercedes,Classe C,2007,118321,2008-03-01,Diesel,Manuelle,130,Euro 3,Blanc,Monospace,Allemagne,55000,21394.0
Volkswagen,Tiguan,2013,181934,2014-09-03,Essence,Manuelle,130,Euro 4,Gris,Monospace,France,40000,19747.0
Citroen,C3,2011,138166,2011-09-23,Essence,Automatique,90,Euro 4,Rouge,Break,USA,16000,8592.0
Toyota,RAV4,2020,149953,2021-09-13,Gaz,Manuelle,130,Euro 6,Rouge,Monospace,Japon,37000,29452.0
BMW,Serie 3,2015,153388,2017-06-28,Hybride,Manuelle,200,Euro 1,Blanc,Monospace,USA,45000,29000.0
Peugeot,5008,2007,178934,2008-10-04,Diesel,Automatique,200,Euro 3,Rouge,Monospace,USA,42000,14720.0
Volkswagen,Golf,2008,171163,2009-09-15,Diesel,Automatique,110,Euro 3,Rouge,Crossover,France,25000,9835.0
Hyundai,i30,2009,57634,2011-07-18,Gaz,Automatique,130,Euro 3,Gris,Crossover,Japon,22000,13400.0
Kia,Sportage,2015,241793,2017-05-31,Essence,Manuelle,200,Euro 5,Bleu,Berline,Allemagne,34000,17150.0
Ford,Kuga,2022,171553,2022-03-19,Gaz,Manuelle,130,Euro 6,Bleu,Monospace,France,34000,28336.0
Hyundai,Tucson,2018,136495,2018-03-21,Electrique,Manuelle,200,Euro 1,Noir,SUV,USA,35000,28980.0
Tesla,Model 3,2017,196688,2017-11-15,Hybride,Automatique,90,Euro 1,Bleu,Crossover,Japon,45000,30540.0
Peugeot,5008,2023,84058,2026-08-18,Gaz,Manuelle,150,Euro 6,Bleu,Break,France,42000,40050.0
Mercedes,Classe A,2005,88083,2005-02-08,Essence,Automatique,90,Euro 3,Noir,Monospace,France,38000,13965.0
Mercedes,GLC,2017,233772,2017-07-10,Gaz,Manuelle,200,Euro 5,Bleu,SUV,USA,85000,49560.0
BMW,Serie 3,2018,83467,2018-08-06,Hybride,Manuelle,150,Euro 1,Gris,Crossover,Japon,45000,36630.0
Peugeot,208,2016,248442,2019-09-25,Diesel,Automatique,200,Euro 5,Rouge,Monospace,Japon,18000,11440.0
Mercedes,GLC,2005,121626,2006-09-21,Diesel,Manuelle,130,Euro 3,Gris,Break,USA,85000,26753.0
Audi,Q5,2023,175525,2025-07-05,Gaz,Manuelle,150,Euro 6,Bleu,SUV,USA,65000,54400.0
Kia,Sportage,2011,99116,2011-11-02,Hybride,Manuelle,150,Euro 1,Noir,Berline,USA,34000,20020.0
Ford,Focus,2015,182197,2017-02-25,Essence,Manuelle,200,Euro 5,Noir,Berline,France,26000,14850.0
Kia,Sportage,2022,167239,2023-02-10,Electrique,Automatique,130,Euro 1,Bleu,Berline,Allemagne,34000,32994.0
Kia,Rio,2018,13961,2018-08-30,Hybride,Automatique,150,Euro 1,Gris,SUV,Japon,18900,20574.0
Tesla,Model X,2006,218012,2006-09-14,Gaz,Manuelle,110,Euro 3,Gris,Monospace,Espagne,120000,30650.0
Audi,A4,2014,198394,2017-11-08,Hybride,Automatique,110,Euro 1,Noir,Berline,Espagne,48000,27591.0
Peugeot,308,2005,202377,2005-04-01,Gaz,Automatique,110,Euro 3,Rouge,Berline,Allemagne,30000,7958.0
Hyundai,i30,2020,90368,2020-08-03,Diesel,Manuelle,150,Euro 6,Blanc,Crossover,Japon,22000,18565.0
Ford,Kuga,2022,121264,2023-12-16,Gaz,Manuelle,110,Euro 6,Noir,SUV,Italie,34000,30012.0
Volkswagen,Passat,2022,232131,2022-07-03,Electrique,Automatique,130,Euro 1,Rouge,SUV,Allemagne,36000,31453.0
BMW,X5,2014,49065,2015-05-08,Diesel,Manuelle,110,Euro 4,Rouge,SUV,Italie,80000,53526.0
Ford,Focus,2018,185060,2019-04-23,Hybride,Manuelle,150,Euro 1,Rouge,Berline,Espagne,26000,19520.0
Tesla,Model 3,2006,65369,2007-01-11,Essence,Manuelle,200,Euro 3,Noir,Break,USA,45000,18400.0
Citroen,C5 Aircross,2018,113057,2021-05-16,Electrique,Automatique,110,Euro 1,Gris,Berline,Japon,35000,30601.0
Dacia,Duster,2017,115972,2020-03-15,Hybride,Manuelle,200,Euro 1,Bleu,Break,Japon,19900,16932.0
Kia,Ceed,2018,139286,2019-05-07,Essence,Automatique,90,Euro 5,Gris,Crossover,France,23000,17181.0
Citroen,C3,2005,66882,2006-02-16,Gaz,Manuelle,90,Euro 3,Blanc,Crossover,USA,16000,6808.0
Peugeot,3008,2007,171713,2009-02-23,Diesel,Manuelle,90,Euro 3,Blanc,Berline,France,35000,11488.0
Citroen,C4,2015,30808,2016-07-12,Hybride,Automatique,130,Euro 1,Blanc,Break,Italie,24000,21210.0
Tesla,Model X,2009,52415,2012-09-22,Diesel,Manuelle,90,Euro 3,Noir,SUV,Espagne,120000,60450.0
Mercedes,Classe C,2019,73025,2020-09-12,Essence,Automatique,110,Euro 5,Noir,Monospace,USA,55000,44538.0
Toyota,Hilux,2010,226326,2012-06-30,Essence,Manuelle,130,Euro 4,Gris,SUV,France,45000,16308.0
Renault,Talisman,2009,106684,2009-10-11,Gaz,Automatique,110,Euro 3,Noir,Berline,Japon,40000,20070.0
Peugeot,3008,2017,177968,2019-04-29,Essence,Automatique,150,Euro 5,Rouge,SUV,Espagne,35000,23250.0
Citroen,C5 Aircross,2005,158897,2006-11-01,Essence,Manuelle,130,Euro 3,Noir,Crossover,Allemagne,35000,9884.0
BMW,Serie 1,2020,163213,2023-08-26,Gaz,Manuelle,90,Euro 6,Blanc,Break,Italie,35000,26928.0
Citroen,C4,2013,32805,2014-04-23,Diesel,Automatique,90,Euro 4,Gris,Break,Italie,24000,17216.0
Ford,Focus,2013,17425,2013-07-17,Gaz,Automatique,200,Euro 4,Rouge,Berline,Allemagne,26000,20790.0
Renault,Clio,2019,139359,2020-05-12,Hybride,Manuelle,130,Euro 1,Bleu,Berline,USA,17000,15336.0
Kia,Rio,2012,15179,2014-11-25,Essence,Manuelle,200,Euro 4,Blanc,Berline,Allemagne,18900,12537.0
Kia,Rio,2021,83031,2021-08-11,Electrique,Manuelle,90,Euro 1,Noir,Monospace,USA,18900,20584.0
BMW,Serie 1,2022,20359,2024-01-18,Essence,Manuelle,200,Euro 6,Rouge,Berline,Japon,35000,33120.0
Audi,Q5,2019,232484,2019-10-02,Essence,Manuelle,110,Euro 5,Bleu,Crossover,Allemagne,65000,40362.0
Renault,Talisman,2010,181577,2012-07-21,Diesel,Automatique,90,Euro 4,Rouge,Berline,Espagne,40000,17160.0
Peugeot,208,2024,120888,2027-04-09,Gaz,Automatique,90,Euro 6,Gris,Monospace,Allemagne,18000,19712.0
Hyundai,i30,2013,122571,2014-01-09,Gaz,Automatique,200,Euro 4,Gris,Berline,Espagne,22000,15125.0
Toyota,Yaris,2009,131074,2009-12-25,Diesel,Manuelle,130,Euro 3,Gris,Berline,Japon,19000,8526.0
Audi,A6,2013,150480,2015-10-21,Hybride,Manuelle,150,Euro 1,Noir,Break,Allemagne,72000,39780.0
Mercedes,Classe C,2009,152780,2011-12-03,Essence,Automatique,200,Euro 3,Rouge,Crossover,USA,55000,23200.0
Peugeot,208,2018,119936,2021-11-12,Essence,Automatique,200,Euro 5,Noir,Berline,USA,18000,14910.0
Mercedes,Classe A,2008,218607,2009-06-22,Gaz,Manuelle,200,Euro 3,Bleu,SUV,Italie,38000,12865.0
Citroen,C3,2006,46444,2009-08-05,Essence,Manuelle,200,Euro 3,Rouge,Berline,Italie,16000,7140.0
Ford,Focus,2021,153197,2021-05-27,Hybride,Manuelle,90,Euro 1,Gris,Break,USA,26000,22724.0
Citroen,C4,2013,72251,2013-01-02,Diesel,Automatique,150,Euro 4,Bleu,Monospace,Espagne,24000,16500.0
Dacia,Sandero,2012,109094,2012-06-15,Hybride,Automatique,130,Euro 1,Rouge,Berline,Allemagne,15900,11988.0
Mercedes,Classe A,2020,63844,2022-11-12,Gaz,Manuelle,130,Euro 6,Rouge,SUV,USA,38000,33456.0
Dacia,Spring,2016,21464,2019-03-11,Essence,Automatique,200,Euro 5,Gris,Monospace,USA,22000,18500.0
Audi,A4,2012,219089,2014-03-30,Essence,Manuelle,150,Euro 4,Noir,Break,USA,48000,20855.0
Toyota,Hilux,2024,73352,2025-05-09,Gaz,Automatique,110,Euro 6,Bleu,SUV,Italie,45000,46128.0
Renault,Clio,2020,103107,2023-06-14,Essence,Automatique,130,Euro 6,Bleu,Monospace,Allemagne,17000,15054.0
Kia,Sportage,2011,129762,2011-06-08,Hybride,Manuelle,150,Euro 1,Noir,SUV,Espagne,34000,18865.0
BMW,Serie 1,2022,36313,2022-03-11,Diesel,Manuelle,90,Euro 6,Rouge,Crossover,France,35000,32669.0
Renault,Captur,2017,169830,2017-11-15,Hybride,Manuelle,110,Euro 1,Bleu,Berline,Espagne,28000,20223.0
Mercedes,Classe C,2016,201481,2019-10-22,Hybride,Automatique,150,Euro 1,Noir,SUV,Allemagne,55000,34440.0
Peugeot,208,2005,27940,2005-11-15,Essence,Manuelle,200,Euro 3,Rouge,Monospace,Espagne,18000,7790.0
Renault,Talisman,2007,143614,2010-10-15,Essence,Manuelle,90,Euro 3,Blanc,SUV,Italie,40000,13965.0
BMW,Serie 5,2006,92020,2009-06-04,Gaz,Automatique,150,Euro 3,Blanc,Break,Japon,65000,25900.0
Volkswagen,Tiguan,2015,87541,2016-10-18,Diesel,Automatique,90,Euro 5,Noir,SUV,Italie,40000,27885.0
Hyundai,i30,2015,145735,2016-10-18,Gaz,Manuelle,200,Euro 5,Noir,Monospace,Allemagne,22000,15045.0
Mercedes,Classe A,2006,17558,2006-05-13,Diesel,Manuelle,200,Euro 3,Noir,Monospace,France,38000,18000.0
Audi,A3,2013,74437,2016-01-20,Hybride,Manuelle,110,Euro 1,Gris,Break,France,34000,22860.0
Toyota,RAV4,2016,199369,2018-02-27,Hybride,Manuelle,90,Euro 1,Noir,Crossover,Japon,37000,23313.0
Audi,A4,2011,217286,2011-10-19,Hybride,Automatique,130,Euro 1,Noir,Break,France,48000,21720.0
Ford,Focus,2017,137144,2019-10-18,Hybride,Automatique,150,Euro 1,Bleu,Monospace,France,26000,21450.0
Ford,Focus,2016,168650,2019-03-24,Diesel,Manuelle,200,Euro 5,Gris,Break,Espagne,26000,16800.0
Tesla,Model S,2008,92231,2008-11-10,Diesel,Automatique,150,Euro 3,Blanc,Berline,Japon,95000,42355.0
Tesla,Model 3,2012,146901,2013-04-09,Diesel,Automatique,110,Euro 4,Noir,Crossover,Italie,45000,24050.0
Toyota,Hilux,2012,19069,2014-05-06,Hybride,Automatique,130,Euro 1,Bleu,Monospace,USA,45000,32319.0
Hyundai,Tucson,2008,51215,2009-03-11,Diesel,Manuelle,200,Euro 3,Rouge,Break,Espagne,35000,17390.0
Peugeot,5008,2008,141319,2009-12-15,Essence,Manuelle,110,Euro 3,Blanc,SUV,Espagne,42000,15998.0
Citroen,C5 Aircross,2011,196320,2012-10-22,Diesel,Manuelle,90,Euro 4,Bleu,SUV,Allemagne,35000,15078.0
Tesla,Model 3,2012,134960,2015-04-08,Essence,Automatique,150,Euro 4,Noir,SUV,Espagne,45000,24225.0
Citroen,C3,2009,51157,2009-05-05,Essence,Manuelle,150,Euro 3,Blanc,Berline,Allemagne,16000,8250.0
Tesla,Model X,2018,133769,2021-09-22,Gaz,Automatique,130,Euro 5,Rouge,Crossover,Allemagne,120000,86112.0
Audi,A3,2007,104708,2010-06-06,Gaz,Manuelle,90,Euro 3,Noir,Berline,Espagne,34000,14196.0
Renault,Clio,2014,187848,2016-06-13,Diesel,Manuelle,90,Euro 4,Bleu,Monospace,Espagne,17000,9308.0
Toyota,Corolla,2023,152766,2026-09-01,Electrique,Automatique,150,Euro 1,Blanc,Monospace,Allemagne,28000,29930.0
Ford,Kuga,2021,45008,2024-12-07,Diesel,Automatique,150,Euro 6,Blanc,Crossover,France,34000,32625.0
BMW,Serie 3,2017,232204,2018-03-01,Diesel,Automatique,90,Euro 5,Noir,SUV,USA,45000,26824.0
BMW,Serie 3,2014,52130,2016-08-18,Gaz,Automatique,150,Euro 4,Gris,Monospace,France,45000,32500.0
BMW,Serie 1,2024,246549,2027-02-21,Electrique,Manuelle,130,Euro 1,Bleu,Monospace,France,35000,31388.0
BMW,Serie 3,2023,242381,2025-09-06,Hybride,Automatique,200,Euro 1,Gris,Monospace,Italie,45000,37960.0
Renault,Megane,2009,90553,2011-06-18,Diesel,Automatique,150,Euro 3,Noir,Break,Allemagne,25000,13110.0
Toyota,Yaris,2015,10334,2015-02-05,Essence,Manuelle,130,Euro 5,Blanc,Break,Allemagne,19000,13896.0
Toyota,Corolla,2017,71756,2018-12-17,Hybride,Manuelle,90,Euro 1,Gris,Break,USA,28000,22968.0
Peugeot,5008,2007,12000,2009-06-01,Gaz,Automatique,130,Euro 3,Rouge,Break,Allemagne,42000,22464.0
Hyundai,Tucson,2007,12819,2007-04-08,Diesel,Manuelle,110,Euro 3,Noir,SUV,USA,35000,17328.0
Volkswagen,Golf,2009,43521,2010-06-01,Diesel,Manuelle,130,Euro 3,Blanc,SUV,France,25000,13413.0
Volkswagen,Golf,2009,220543,2009-08-20,Diesel,Manuelle,90,Euro 3,Bleu,Berline,Allemagne,25000,8547.0
Peugeot,208,2015,104440,2018-05-16,Gaz,Manuelle,130,Euro 5,Blanc,Crossover,Japon,18000,13104.0
Ford,Fiesta,2023,219668,2026-08-13,Hybride,Automatique,90,Euro 1,Bleu,Crossover,Japon,18000,18164.0
Peugeot,5008,2007,82595,2008-01-05,Gaz,Automatique,150,Euro 3,Blanc,Berline,Italie,42000,19270.0
Ford,Fiesta,2019,249196,2021-03-22,Electrique,Manuelle,150,Euro 1,Blanc,Break,Allemagne,18000,14945.0
Audi,A4,2021,218923,2024-04-12,Hybride,Manuelle,90,Euro 1,Gris,Break,Italie,48000,36330.0
Hyundai,i30,2009,83543,2009-03-29,Diesel,Manuelle,200,Euro 3,Bleu,SUV,France,22000,11280.0
Kia,Ceed,2024,150754,2025-03-10,Diesel,Automatique,130,Euro 6,Gris,SUV,Italie,23000,22355.0
Tesla,Model S,2023,238136,2024-12-25,Gaz,Manuelle,150,Euro 6,Blanc,Break,USA,95000,72520.0
Tesla,Model 3,2013,68196,2015-12-02,Diesel,Manuelle,110,Euro 4,Blanc,Break,Espagne,45000,28121.0
BMW,Serie 3,2018,188153,2019-06-22,Essence,Manuelle,110,Euro 5,Blanc,Berline,USA,45000,28864.0
Audi,A6,2010,102587,2012-07-07,Diesel,Automatique,200,Euro 4,Bleu,Monospace,Allemagne,72000,36480.0
Ford,Fiesta,2023,67090,2024-01-27,Gaz,Manuelle,90,Euro 6,Gris,Berline,France,18000,18564.0
BMW,X5,2013,155287,2016-03-13,Gaz,Manuelle,90,Euro 4,Gris,Monospace,France,80000,42848.0
BMW,Serie 3,2012,71572,2012-07-24,Diesel,Manuelle,110,Euro 4,Gris,Berline,Japon,45000,26277.0
Dacia,Duster,2019,83997,2021-07-28,Gaz,Manuelle,110,Euro 5,Bleu,SUV,Japon,19900,17325.0
Audi,Q5,2023,47776,2023-04-09,Hybride,Automatique,90,Euro 1,Blanc,Crossover,France,65000,65937.0
Citroen,C5 Aircross,2013,114589,2013-07-11,Gaz,Automatique,130,Euro 4,Rouge,Crossover,France,35000,22288.0
Tesla,Model X,2008,133845,2008-03-24,Gaz,Manuelle,150,Euro 3,Bleu,SUV,Espagne,120000,47970.0
Ford,Fiesta,2020,43934,2020-05-30,Essence,Manuelle,150,Euro 6,Noir,Berline,France,18000,15540.0
Mercedes,Classe C,2007,216197,2007-09-02,Gaz,Automatique,150,Euro 3,Rouge,Berline,USA,55000,16800.0
Mercedes,GLC,2021,27191,2021-01-26,Diesel,Manuelle,90,Euro 6,Noir,Break,Espagne,85000,76451.0
BMW,Serie 1,2017,146484,2020-07-16,Gaz,Manuelle,130,Euro 5,Bleu,Monospace,Allemagne,35000,24570.0
Peugeot,208,2018,48764,2021-12-25,Electrique,Manuelle,150,Euro 1,Gris,SUV,France,18000,19110.0
Hyundai,i30,2023,27126,2025-09-17,Diesel,Automatique,130,Euro 6,Gris,SUV,Japon,22000,24035.0
Dacia,Sandero,2022,104389,2025-05-26,Electrique,Automatique,90,Euro 1,Gris,Crossover,Japon,15900,19992.0
Kia,Ceed,2005,237309,2008-10-15,Diesel,Manuelle,110,Euro 3,Blanc,Monospace,Japon,23000,4820.0
Tesla,Model S,2022,21031,2023-10-28,Essence,Automatique,200,Euro 6,Noir,SUV,Espagne,95000,90160.0
Volkswagen,Passat,2012,25961,2012-08-13,Gaz,Automatique,90,Euro 4,Bleu,Break,Allemagne,36000,25048.0
Renault,Clio,2022,82686,2024-10-27,Gaz,Automatique,90,Euro 6,Bleu,Break,France,17000,18404.0
Renault,Clio,2013,248165,2014-07-12,Essence,Manuelle,110,Euro 4,Bleu,Berline,Japon,17000,7353.0
Ford,Focus,2019,44236,2020-04-19,Gaz,Automatique,150,Euro 5,Rouge,Crossover,Japon,26000,25110.0
Volkswagen,Passat,2024,237139,2024-10-19,Hybride,Automatique,110,Euro 1,Blanc,Berline,Italie,36000,32417.0
Hyundai,i30,2010,235032,2012-07-17,Gaz,Manuelle,110,Euro 4,Noir,SUV,USA,22000,8610.0
Dacia,Duster,2022,64423,2024-10-02,Hybride,Manuelle,90,Euro 1,Gris,Crossover,France,19900,20944.0
Kia,Sportage,2015,49696,2015-02-01,Hybride,Automatique,200,Euro 1,Noir,SUV,Espagne,34000,28290.0
Renault,Talisman,2022,231654,2024-02-01,Diesel,Manuelle,110,Euro 6,Noir,Monospace,France,40000,29181.0
Hyundai,i20,2009,203679,2010-02-17,Diesel,Manuelle,200,Euro 3,Blanc,SUV,USA,19500,7525.0
Peugeot,3008,2012,243083,2012-04-28,Gaz,Manuelle,150,Euro 4,Rouge,Break,Japon,35000,15200.0
Tesla,Model S,2005,24981,2007-06-10,Gaz,Automatique,90,Euro 3,Rouge,Break,France,95000,40754.0
BMW,Serie 3,2021,113843,2021-03-08,Gaz,Manuelle,130,Euro 6,Bleu,SUV,Italie,45000,38240.0
Peugeot,308,2008,40764,2009-01-21,Essence,Automatique,200,Euro 3,Gris,Crossover,USA,30000,15840.0
Toyota,Corolla,2015,168314,2016-11-22,Essence,Automatique,150,Euro 5,Bleu,Break,Japon,28000,17385.0
Toyota,RAV4,2013,175819,2014-02-22,Diesel,Automatique,150,Euro 4,Noir,Crossover,USA,37000,20250.0
Hyundai,Tucson,2009,192504,2010-12-04,Diesel,Manuelle,200,Euro 3,Blanc,SUV,USA,35000,13320.0
Renault,Talisman,2008,219135,2010-02-27,Diesel,Manuelle,150,Euro 3,Bleu,Monospace,USA,40000,12865.0
Toyota,Hilux,2010,242629,2013-04-08,Essence,Automatique,200,Euro 4,Noir,Monospace,USA,45000,16320.0
Dacia,Duster,2005,168818,2007-07-20,Diesel,Manuelle,90,Euro 3,Noir,Crossover,Italie,19900,5616.0
Ford,Focus,2016,55871,2019-03-15,Hybride,Automatique,150,Euro 1,Rouge,Monospace,Italie,26000,23075.0
Dacia,Sandero,2006,38763,2008-03-25,Diesel,Automatique,130,Euro 3,Bleu,Monospace,France,15900,8256.0
Tesla,Model S,2007,151649,2009-12-16,Essence,Automatique,130,Euro 3,Rouge,Berline,Allemagne,95000,33082.0
Kia,Ceed,2024,225089,2027-05-24,Hybride,Manuelle,110,Euro 1,Gris,Monospace,Japon,23000,21138.0
Toyota,Yaris,2018,229553,2018-12-11,Gaz,Manuelle,110,Euro 5,Gris,Monospace,Allemagne,19000,12960.0
Kia,Sportage,2023,237454,2025-06-25,Electrique,Automatique,110,Euro 1,Noir,Break,Japon,34000,31154.0
Dacia,Duster,2009,51094,2009-03-13,Gaz,Manuelle,150,Euro 3,Bleu,Break,USA,19900,11450.0
Kia,Ceed,2020,59191,2023-01-11,Diesel,Automatique,150,Euro 6,Bleu,Crossover,Espagne,23000,21995.0
Mercedes,Classe A,2007,148195,2010-09-29,Essence,Automatique,110,Euro 3,Bleu,Berline,Allemagne,38000,14035.0
Mercedes,GLC,2017,48963,2017-02-18,Diesel,Manuelle,150,Euro 5,Rouge,Break,Italie,85000,64875.0
Toyota,Yaris,2014,158818,2014-10-04,Hybride,Manuelle,200,Euro 1,Rouge,Monospace,France,19000,13200.0
Renault,Megane,2010,70399,2011-07-16,Gaz,Manuelle,200,Euro 4,Bleu,Crossover,Italie,25000,14535.0
Dacia,Sandero,2021,94416,2022-06-17,Gaz,Manuelle,130,Euro 6,Rouge,Monospace,USA,15900,15334.0
Tesla,Model X,2015,30814,2017-09-01,Gaz,Automatique,90,Euro 5,Blanc,Crossover,Japon,120000,87080.0
Audi,A3,2009,47733,2012-04-27,Gaz,Manuelle,110,Euro 3,Blanc,Break,France,34000,18666.0
Hyundai,i20,2006,84037,2009-03-22,Gaz,Automatique,90,Euro 3,Noir,Crossover,Italie,19500,9082.0
BMW,Serie 3,2008,172849,2010-04-13,Diesel,Manuelle,150,Euro 3,Blanc,Crossover,USA,45000,16275.0
Peugeot,208,2024,196649,2025-03-29,Electrique,Automatique,110,Euro 1,Rouge,Monospace,Allemagne,18000,21141.0
Kia,Rio,2006,203366,2006-06-09,Essence,Manuelle,130,Euro 3,Rouge,Berline,France,18900,4992.0
Tesla,Model 3,2019,24091,2020-02-15,Essence,Automatique,150,Euro 5,Noir,Break,USA,45000,39425.0
Citroen,C4,2014,212277,2016-05-01,Gaz,Manuelle,110,Euro 4,Gris,Berline,Italie,24000,13034.0
Volkswagen,Golf,2023,161115,2026-11-24,Electrique,Manuelle,130,Euro 1,Blanc,Crossover,USA,25000,25353.0
Renault,Captur,2008,109513,2009-09-12,Diesel,Manuelle,130,Euro 3,Gris,Break,USA,28000,12306.0
Volkswagen,Tiguan,2024,242598,2025-12-17,Hybride,Automatique,130,Euro 1,Rouge,Berline,USA,40000,35188.0
Kia,Sportage,2009,130132,2011-07-02,Gaz,Manuelle,200,Euro 3,Bleu,Crossover,Espagne,34000,15750.0
Dacia,Sandero,2008,207645,2011-01-26,Diesel,Manuelle,130,Euro 3,Gris,Break,Japon,15900,5504.0
Peugeot,308,2024,85335,2025-01-02,Essence,Manuelle,200,Euro 6,Noir,SUV,Allemagne,30000,28520.0
Citroen,C3,2017,234713,2017-07-25,Gaz,Automatique,90,Euro 5,Noir,Monospace,France,16000,11424.0
Citroen,C5 Aircross,2019,19198,2020-05-29,Diesel,Automatique,200,Euro 5,Blanc,Monospace,USA,35000,32760.0
Tesla,Model S,2018,77037,2019-05-16,Hybride,Manuelle,150,Euro 1,Blanc,Break,USA,95000,74625.0
Peugeot,3008,2016,238971,2019-04-01,Gaz,Manuelle,110,Euro 5,Blanc,Break,Espagne,35000,19928.0
BMW,Serie 1,2023,183119,2026-09-26,Hybride,Manuelle,200,Euro 1,Rouge,SUV,Allemagne,35000,31600.0
Toyota,Corolla,2005,197505,2005-02-10,Gaz,Automatique,90,Euro 3,Blanc,Berline,Italie,28000,7776.0
Hyundai,i30,2019,236602,2020-03-22,Hybride,Manuelle,90,Euro 1,Noir,Monospace,USA,22000,16058.0
Renault,Talisman,2016,114797,2018-06-14,Hybride,Automatique,110,Euro 1,Gris,SUV,USA,40000,29965.0
Volkswagen,Passat,2007,234716,2009-11-02,Essence,Manuelle,130,Euro 3,Gris,SUV,Espagne,36000,9438.0
Citroen,C3,2010,236629,2011-11-17,Gaz,Manuelle,150,Euro 4,Bleu,Break,Allemagne,16000,6650.0
Volkswagen,Golf,2014,108026,2015-12-01,Hybride,Manuelle,90,Euro 1,Bleu,Break,Allemagne,25000,17340.0
Peugeot,308,2020,184779,2022-12-18,Hybride,Manuelle,200,Euro 1,Bleu,Crossover,Italie,30000,24500.0
Volkswagen,Passat,2016,130905,2019-09-20,Essence,Manuelle,110,Euro 5,Noir,SUV,Italie,36000,22743.0
BMW,Serie 5,2010,89205,2010-11-06,Gaz,Manuelle,130,Euro 4,Gris,Berline,Allemagne,65000,33900.0
Peugeot,208,2008,158288,2009-05-31,Gaz,Automatique,90,Euro 3,Rouge,Berline,USA,18000,8288.0
Renault,Megane,2007,19283,2008-06-24,Gaz,Manuelle,200,Euro 3,Bleu,Break,Espagne,25000,13680.0
Tesla,Model S,2023,101134,2025-09-19,Essence,Manuelle,110,Euro 6,Gris,Monospace,France,95000,82737.0
Hyundai,i30,2005,113337,2008-09-30,Gaz,Manuelle,90,Euro 3,Rouge,Crossover,France,22000,7808.0
Peugeot,308,2022,236760,2022-06-18,Essence,Automatique,200,Euro 6,Blanc,Berline,USA,30000,23430.0
Peugeot,5008,2008,205683,2010-05-02,Diesel,Automatique,150,Euro 3,Blanc,Crossover,Allemagne,42000,14560.0
Kia,Sportage,2007,143688,2007-04-26,Diesel,Automatique,90,Euro 3,Rouge,SUV,Japon,34000,12915.0
BMW,X5,2022,96931,2023-02-16,Diesel,Automatique,90,Euro 6,Gris,Crossover,Japon,80000,70465.0
Renault,Clio,2017,225055,2018-12-20,Essence,Manuelle,130,Euro 5,Noir,Break,Japon,17000,9861.0
Audi,A4,2020,35331,2023-01-13,Diesel,Manuelle,130,Euro 6,Blanc,Break,USA,48000,41905.0
Renault,Talisman,2021,98824,2021-01-15,Gaz,Manuelle,90,Euro 6,Noir,Break,Japon,40000,34768.0
Audi,A6,2021,234212,2023-06-11,Gaz,Automatique,200,Euro 6,Noir,Crossover,USA,72000,52700.0
BMW,Serie 5,2011,170413,2012-06-07,Essence,Manuelle,130,Euro 4,Rouge,Monospace,Espagne,65000,28732.0
Toyota,Yaris,2023,161386,2023-01-05,Electrique,Automatique,110,Euro 1,Bleu,Berline,Espagne,19000,21951.0
Kia,Sportage,2020,67690,2023-05-18,Diesel,Automatique,200,Euro 6,Bleu,Monospace,France,34000,31160.0
Peugeot,3008,2024,61725,2025-06-29,Essence,Manuelle,90,Euro 6,Gris,Crossover,Italie,35000,32806.0
Hyundai,i20,2009,27892,2011-12-31,Essence,Automatique,90,Euro 3,Blanc,Monospace,Japon,19500,11342.0
Kia,Ceed,2018,235550,2019-12-23,Gaz,Manuelle,200,Euro 5,Rouge,Berline,Espagne,23000,15635.0
BMW,Serie 3,2010,11540,2012-08-24,Gaz,Manuelle,90,Euro 4,Bleu,Monospace,Allemagne,45000,27018.0
Kia,Sportage,2015,166614,2018-11-27,Gaz,Automatique,90,Euro 5,Blanc,Break,Italie,34000,21888.0
Renault,Talisman,2008,166083,2008-01-16,Gaz,Automatique,200,Euro 3,Rouge,Berline,Italie,40000,16380.0
Kia,Sportage,2020,39936,2021-04-06,Diesel,Automatique,150,Euro 6,Bleu,Break,France,34000,31875.0
Citroen,C4,2008,165986,2009-07-23,Diesel,Manuelle,90,Euro 3,Bleu,Crossover,Espagne,24000,8964.0
Dacia,Sandero,2020,38504,2020-07-04,Hybride,Manuelle,200,Euro 1,Noir,Break,Japon,15900,17765.0
Citroen,C5 Aircross,2014,59947,2016-08-03,Hybride,Automatique,150,Euro 1,Bleu,Break,Espagne,35000,26975.0
Citroen,C5 Aircross,2016,190766,2017-02-03,Hybride,Manuelle,150,Euro 1,Rouge,Berline,USA,35000,22515.0
Volkswagen,Arteon,2021,54611,2022-07-25,Diesel,Manuelle,130,Euro 6,Blanc,Monospace,USA,48000,42398.0
Toyota,Yaris,2019,176731,2021-10-10,Essence,Automatique,200,Euro 5,Blanc,Monospace,USA,19000,14960.0
Volkswagen,Arteon,2017,76466,2019-07-30,Gaz,Manuelle,200,Euro 5,Blanc,Berline,Allemagne,48000,37080.0
Volkswagen,Tiguan,2006,120950,2008-05-15,Essence,Manuelle,130,Euro 3,Bleu,Crossover,Japon,40000,13702.0
Renault,Clio,2013,177735,2014-10-02,Gaz,Manuelle,150,Euro 4,Bleu,Break,France,17000,10000.0
Peugeot,208,2005,39253,2006-03-18,Essence,Manuelle,110,Euro 3,Rouge,Crossover,USA,18000,7240.0
Hyundai,Tucson,2006,156944,2007-03-01,Diesel,Manuelle,150,Euro 3,Rouge,Monospace,Espagne,35000,11315.0
Volkswagen,Tiguan,2024,183337,2027-03-27,Essence,Automatique,200,Euro 6,Blanc,Crossover,USA,40000,35260.0
Hyundai,i30,2006,159307,2008-09-20,Diesel,Automatique,90,Euro 3,Gris,Monospace,Italie,22000,7719.0
Mercedes,Classe A,2020,103128,2022-04-18,Electrique,Automatique,130,Euro 1,Bleu,Break,France,38000,36114.0
BMW,Serie 3,2005,48007,2007-10-28,Gaz,Manuelle,150,Euro 3,Blanc,Break,Italie,45000,18720.0
Renault,Captur,2013,39611,2016-02-13,Essence,Manuelle,110,Euro 4,Rouge,Break,Japon,28000,17984.0
Mercedes,Classe C,2021,94843,2023-09-10,Diesel,Automatique,150,Euro 6,Noir,Crossover,Japon,55000,47970.0
Toyota,Corolla,2023,225025,2026-05-23,Diesel,Manuelle,130,Euro 6,Noir,Berline,USA,28000,21975.0
Ford,Focus,2009,96055,2009-07-16,Diesel,Manuelle,200,Euro 3,Bleu,Monospace,Italie,26000,12880.0
Tesla,Model 3,2007,115122,2009-03-07,Diesel,Manuelle,110,Euro 3,Gris,Berline,France,45000,17518.0
BMW,X5,2017,239627,2018-04-15,Hybride,Automatique,90,Euro 1,Bleu,Crossover,Italie,80000,48104.0
Volkswagen,Passat,2005,118682,2008-01-07,Essence,Manuelle,200,Euro 3,Gris,Break,France,36000,11840.0
Peugeot,308,2013,207238,2016-04-25,Hybride,Manuelle,110,Euro 1,Gris,Break,Allemagne,30000,16027.0
BMW,X5,2022,54082,2023-10-12,Diesel,Manuelle,150,Euro 6,Rouge,Berline,USA,80000,72535.0
Citroen,C5 Aircross,2009,169363,2011-03-26,Essence,Manuelle,90,Euro 3,Noir,Berline,France,35000,13611.0
Mercedes,Classe C,2017,13713,2018-04-20,Gaz,Automatique,90,Euro 5,Gris,Crossover,Espagne,55000,46332.0
Kia,Ceed,2009,192227,2009-01-21,Gaz,Manuelle,110,Euro 3,Gris,Break,Allemagne,23000,9216.0
Ford,Kuga,2007,243507,2009-04-13,Diesel,Automatique,150,Euro 3,Bleu,SUV,USA,34000,9375.0
Mercedes,Classe E,2023,162241,2023-09-04,Hybride,Automatique,90,Euro 1,Gris,Monospace,USA,75000,65529.0
Toyota,Hilux,2013,19456,2015-08-25,Diesel,Automatique,110,Euro 4,Gris,Monospace,USA,45000,31746.0
Citroen,C3,2012,223721,2012-02-08,Essence,Automatique,130,Euro 4,Blanc,Crossover,USA,16000,7686.0
Renault,Captur,2019,192343,2019-04-18,Essence,Manuelle,90,Euro 5,Blanc,Monospace,Japon,28000,18414.0
Dacia,Sandero,2023,248852,2024-09-09,Diesel,Automatique,200,Euro 6,Blanc,Berline,Allemagne,15900,14527.0
Volkswagen,Passat,2006,90605,2006-04-20,Essence,Automatique,90,Euro 3,Blanc,Monospace,Allemagne,36000,14023.0
Ford,Focus,2011,205275,2011-08-04,Diesel,Automatique,110,Euro 4,Gris,Monospace,Italie,26000,11931.0
Ford,Focus,2005,35427,2008-07-24,Essence,Manuelle,90,Euro 3,Blanc,SUV,Espagne,26000,10360.0
Ford,Fiesta,2007,152924,2009-01-15,Essence,Manuelle,200,Euro 3,Gris,Monospace,Espagne,18000,6460.0
Renault,Clio,2007,156380,2007-04-13,Gaz,Automatique,90,Euro 3,Noir,Berline,Japon,17000,7276.0
Volkswagen,Golf,2008,244808,2011-07-30,Gaz,Manuelle,200,Euro 3,Gris,Monospace,Italie,25000,7980.0
Volkswagen,Passat,2020,31456,2021-07-10,Electrique,Automatique,90,Euro 1,Noir,Berline,Allemagne,36000,37315.0
Tesla,Model S,2024,92811,2025-03-24,Diesel,Manuelle,110,Euro 6,Rouge,Berline,Italie,95000,87451.0
Peugeot,3008,2016,176229,2016-09-28,Essence,Automatique,200,Euro 5,Bleu,Berline,Japon,35000,22420.0
Citroen,C5 Aircross,2007,99912,2010-01-31,Gaz,Manuelle,130,Euro 3,Bleu,Break,Allemagne,35000,15120.0
Renault,Talisman,2009,211044,2011-12-29,Diesel,Automatique,130,Euro 3,Bleu,Crossover,Japon,40000,14722.0
BMW,Serie 5,2016,193070,2018-06-14,Essence,Manuelle,90,Euro 5,Bleu,Crossover,Italie,65000,36993.0
Peugeot,208,2018,181316,2018-07-14,Gaz,Automatique,130,Euro 5,Bleu,Break,Japon,18000,14592.0
Audi,A4,2012,100950,2013-10-09,Diesel,Manuelle,200,Euro 4,Gris,Break,Japon,48000,27000.0
Citroen,C4,2019,10793,2019-07-27,Essence,Manuelle,90,Euro 5,Blanc,Break,Espagne,24000,20076.0
Peugeot,308,2022,104348,2025-02-20,Hybride,Automatique,150,Euro 1,Noir,Monospace,USA,30000,30660.0
Kia,Rio,2015,21783,2017-02-06,Gaz,Automatique,130,Euro 5,Bleu,Berline,Allemagne,18900,16827.0
Hyundai,Tucson,2014,128516,2017-11-10,Diesel,Manuelle,150,Euro 4,Blanc,SUV,USA,35000,21170.0
Peugeot,3008,2012,89730,2013-12-31,Gaz,Automatique,110,Euro 4,Bleu,Monospace,Japon,35000,22176.0
Dacia,Sandero,2019,180232,2020-01-25,Gaz,Automatique,150,Euro 5,Bleu,Monospace,USA,15900,14003.0
Peugeot,5008,2024,83581,2027-07-05,Hybride,Automatique,150,Euro 1,Gris,Berline,France,42000,44620.0
Dacia,Duster,2016,201208,2016-12-22,Gaz,Manuelle,130,Euro 5,Rouge,Crossover,USA,19900,12712.0
Peugeot,5008,2021,99087,2022-06-10,Diesel,Automatique,130,Euro 6,Blanc,Crossover,Allemagne,42000,37146.0
Renault,Clio,2020,77610,2023-02-28,Diesel,Automatique,110,Euro 6,Gris,Break,Allemagne,17000,16281.0
Citroen,C4,2011,237634,2013-06-07,Essence,Manuelle,90,Euro 4,Rouge,Crossover,Japon,24000,9082.0
Peugeot,308,2006,205826,2008-05-22,Diesel,Automatique,90,Euro 3,Gris,Monospace,Espagne,30000,8554.0
Kia,Rio,2012,113048,2015-01-19,Essence,Manuelle,130,Euro 4,Gris,SUV,France,18900,10176.0
Tesla,Model X,2008,178696,2011-08-01,Diesel,Manuelle,200,Euro 3,Rouge,Monospace,Allemagne,120000,42700.0
Peugeot,3008,2020,49878,2023-04-20,Gaz,Automatique,150,Euro 6,Blanc,Crossover,Allemagne,35000,33600.0
Renault,Captur,2024,163123,2027-05-13,Diesel,Manuelle,110,Euro 6,Blanc,Berline,Japon,28000,24444.0
Toyota,Corolla,2017,119157,2020-06-21,Gaz,Manuelle,200,Euro 5,Noir,Break,Espagne,28000,21420.0
Citroen,C5 Aircross,2023,243308,2026-08-14,Gaz,Manuelle,110,Euro 6,Blanc,Berline,Japon,35000,27448.0
Toyota,RAV4,2017,137764,2018-04-05,Gaz,Manuelle,150,Euro 5,Blanc,Crossover,France,37000,26400.0
BMW,X5,2013,74362,2016-07-22,Essence,Automatique,90,Euro 4,Noir,SUV,France,80000,49140.0
Dacia,Sandero,2012,150538,2015-01-02,Diesel,Manuelle,200,Euro 4,Gris,Break,Italie,15900,8771.0
Kia,Ceed,2012,117183,2013-08-20,Diesel,Automatique,150,Euro 4,Rouge,Break,France,23000,14045.0
Tesla,Model 3,2005,105522,2007-10-11,Essence,Manuelle,110,Euro 3,Gris,Break,Japon,45000,14883.0
Volkswagen,Passat,2008,156573,2010-07-06,Diesel,Manuelle,90,Euro 3,Noir,Break,Allemagne,36000,13653.0
Dacia,Spring,2023,249908,2025-03-01,Hybride,Manuelle,90,Euro 1,Rouge,Crossover,Japon,22000,18907.0
Peugeot,208,2023,68479,2025-10-12,Diesel,Automatique,130,Euro 6,Blanc,Crossover,Japon,18000,19383.0
Ford,Fiesta,2019,41769,2020-12-29,Diesel,Automatique,150,Euro 5,Gris,Berline,Espagne,18000,17415.0
Mercedes,GLC,2012,194562,2012-04-13,Hybride,Automatique,130,Euro 1,Blanc,Monospace,Espagne,85000,41085.0
Mercedes,GLC,2015,18660,2015-12-27,Gaz,Automatique,200,Euro 5,Rouge,Berline,Allemagne,85000,65160.0
Audi,Q5,2021,110743,2021-05-10,Essence,Automatique,130,Euro 6,Rouge,SUV,Espagne,65000,53840.0
Mercedes,Classe A,2014,66243,2014-08-22,Diesel,Automatique,90,Euro 4,Gris,SUV,USA,38000,26176.0
Citroen,C5 Aircross,2021,234560,2022-07-31,Diesel,Automatique,130,Euro 6,Gris,SUV,USA,35000,26044.0
Hyundai,i20,2014,50613,2014-11-29,Essence,Manuelle,90,Euro 4,Bleu,Crossover,USA,19500,12610.0
Ford,Focus,2015,143386,2017-08-03,Hybride,Automatique,110,Euro 1,Noir,Berline,Espagne,26000,18939.0
Kia,Rio,2016,57163,2017-02-02,Essence,Manuelle,150,Euro 5,Noir,Break,Allemagne,18900,13774.0
Citroen,C4,2005,160537,2006-12-16,Gaz,Manuelle,110,Euro 3,Blanc,SUV,USA,24000,7182.0
Citroen,C4,2024,94028,2026-01-24,Electrique,Manuelle,130,Euro 1,Rouge,Break,Allemagne,24000,27573.0
Peugeot,3008,2005,119787,2006-06-15,Gaz,Automatique,110,Euro 3,Rouge,Berline,Allemagne,35000,12672.0
Toyota,Yaris,2024,119340,2026-07-15,Gaz,Automatique,130,Euro 6,Bleu,SUV,Japon,19000,21182.0
Renault,Talisman,2019,201610,2020-01-25,Essence,Automatique,130,Euro 5,Noir,SUV,USA,40000,27495.0
Audi,Q5,2007,74499,2008-02-19,Gaz,Automatique,150,Euro 3,Rouge,Monospace,Italie,65000,29400.0
Citroen,C3,2011,206439,2013-10-17,Essence,Manuelle,130,Euro 4,Blanc,Crossover,Allemagne,16000,6683.0
Ford,Focus,2020,237474,2022-10-31,Gaz,Manuelle,200,Euro 6,Rouge,SUV,Espagne,26000,19175.0
Mercedes,Classe C,2008,225035,2008-05-24,Gaz,Manuelle,200,Euro 3,Gris,Break,Allemagne,55000,17550.0
Citroen,C4,2009,212693,2009-01-07,Gaz,Manuelle,200,Euro 3,Bleu,Break,Espagne,24000,9350.0
Mercedes,Classe E,2005,101549,2005-10-26,Essence,Automatique,110,Euro 3,Gris,SUV,USA,75000,25443.0
Mercedes,GLC,2022,163790,2025-08-08,Gaz,Manuelle,110,Euro 6,Noir,Berline,USA,85000,68328.0
Renault,Clio,2013,135947,2016-01-25,Hybride,Automatique,110,Euro 1,Gris,SUV,Japon,17000,12474.0
Hyundai,i30,2021,108728,2023-06-04,Electrique,Manuelle,200,Euro 1,Rouge,Crossover,Espagne,22000,23490.0
Citroen,C5 Aircross,2020,30020,2023-08-08,Electrique,Automatique,90,Euro 1,Rouge,Crossover,Italie,35000,36465.0
BMW,Serie 1,2014,225837,2017-05-23,Diesel,Automatique,150,Euro 4,Rouge,SUV,Japon,35000,18480.0
Tesla,Model 3,2006,57162,2008-05-03,Gaz,Automatique,90,Euro 3,Gris,Monospace,Espagne,45000,20254.0
BMW,Serie 3,2009,191393,2011-04-21,Diesel,Automatique,110,Euro 3,Blanc,Monospace,Japon,45000,17316.0
Kia,Sportage,2010,157937,2010-09-26,Gaz,Manuelle,150,Euro 4,Blanc,Crossover,Espagne,34000,15910.0
BMW,Serie 3,2022,92459,2025-02-09,Hybride,Automatique,110,Euro 1,Blanc,Berline,Japon,45000,43435.0
Volkswagen,Tiguan,2010,146784,2011-03-06,Gaz,Automatique,90,Euro 4,Rouge,Crossover,Allemagne,40000,19536.0
Tesla,Model S,2023,92244,2025-12-17,Essence,Automatique,90,Euro 6,Blanc,SUV,Espagne,95000,85272.0
Renault,Megane,2022,149244,2025-04-07,Gaz,Automatique,130,Euro 6,Noir,Break,Espagne,25000,23840.0
BMW,Serie 5,2024,136406,2027-11-30,Hybride,Automatique,200,Euro 1,Noir,Crossover,Espagne,65000,62640.0
Ford,Focus,2006,201933,2006-01-19,Diesel,Manuelle,90,Euro 3,Rouge,Monospace,Allemagne,26000,6994.0
Citroen,C4,2023,217098,2026-03-30,Hybride,Automatique,130,Euro 1,Blanc,Break,USA,24000,23028.0
Citroen,C5 Aircross,2007,63104,2007-05-23,Gaz,Automatique,110,Euro 3,Rouge,Monospace,Italie,35000,17028.0
Renault,Talisman,2009,183203,2009-01-08,Gaz,Automatique,90,Euro 3,Gris,Crossover,Japon,40000,16428.0
Hyundai,i30,2020,156511,2023-09-14,Diesel,Manuelle,200,Euro 6,Rouge,Berline,Japon,22000,17520.0
Peugeot,308,2022,121404,2023-05-07,Electrique,Manuelle,110,Euro 1,Rouge,Monospace,Allemagne,30000,29602.0
Renault,Clio,2005,43022,2006-07-03,Gaz,Automatique,90,Euro 3,Blanc,Break,France,17000,8346.0
Peugeot,208,2014,216951,2015-03-11,Essence,Automatique,90,Euro 4,Gris,Monospace,Italie,18000,9751.0
BMW,X5,2017,222645,2019-06-26,Essence,Manuelle,110,Euro 5,Blanc,Break,France,80000,45657.0
Tesla,Model S,2013,184359,2013-11-28,Essence,Automatique,130,Euro 4,Gris,Crossover,USA,95000,47677.0
Tesla,Model X,2023,147513,2023-06-19,Hybride,Automatique,90,Euro 1,Gris,Berline,Italie,120000,104497.0
Dacia,Spring,2022,75492,2024-11-12,Gaz,Manuelle,150,Euro 6,Blanc,Crossover,Japon,22000,21750.0
Kia,Ceed,2022,223423,2022-11-12,Diesel,Manuelle,130,Euro 6,Blanc,Break,Japon,23000,17496.0
Mercedes,Classe E,2006,22408,2007-01-23,Essence,Automatique,130,Euro 3,Blanc,Monospace,Italie,75000,34012.0
Tesla,Model 3,2006,175494,2008-10-07,Essence,Automatique,90,Euro 3,Rouge,Crossover,Espagne,45000,13601.0
Toyota,Corolla,2006,160294,2009-01-05,Essence,Automatique,90,Euro 3,Blanc,Berline,Italie,28000,8970.0
Kia,Ceed,2011,43309,2011-07-25,Hybride,Automatique,200,Euro 1,Blanc,SUV,France,23000,17100.0
Kia,Ceed,2010,228816,2012-05-30,Gaz,Automatique,110,Euro 4,Rouge,Break,Allemagne,23000,9936.0
Hyundai,i20,2016,226395,2017-07-20,Diesel,Manuelle,130,Euro 5,Blanc,Crossover,Japon,19500,11232.0
Renault,Talisman,2017,90311,2020-06-04,Hybride,Automatique,150,Euro 1,Noir,Monospace,Japon,40000,32550.0
Audi,A4,2023,95498,2025-05-15,Diesel,Manuelle,110,Euro 6,Noir,Crossover,Allemagne,48000,43208.0
Mercedes,GLC,2012,235464,2015-09-03,Hybride,Manuelle,130,Euro 1,Rouge,SUV,Allemagne,85000,36613.0
Dacia,Spring,2010,223580,2013-01-22,Essence,Automatique,130,Euro 4,Gris,Crossover,France,22000,8748.0
BMW,X5,2009,161250,2010-03-10,Gaz,Manuelle,150,Euro 3,Noir,Monospace,France,80000,32370.0
Ford,Focus,2008,86887,2010-11-02,Diesel,Automatique,150,Euro 3,Gris,Berline,Allemagne,26000,12980.0
Volkswagen,Arteon,2005,35487,2008-02-19,Essence,Automatique,150,Euro 3,Gris,Berline,Japon,48000,20200.0
Citroen,C5 Aircross,2012,74424,2015-04-08,Hybride,Automatique,110,Euro 1,Rouge,SUV,Italie,35000,23427.0
Hyundai,i30,2017,57558,2020-08-26,Diesel,Manuelle,200,Euro 5,Bleu,Break,USA,22000,17760.0
Toyota,Yaris,2024,167374,2024-06-30,Hybride,Manuelle,130,Euro 1,Bleu,Break,USA,19000,19572.0
BMW,Serie 3,2021,64864,2022-03-27,Diesel,Manuelle,90,Euro 6,Noir,Monospace,Allemagne,45000,39015.0
Volkswagen,Passat,2016,158156,2018-02-05,Diesel,Automatique,130,Euro 5,Noir,Monospace,Italie,36000,23973.0
Kia,Rio,2007,132585,2008-01-31,Essence,Automatique,200,Euro 3,Noir,Break,Allemagne,18900,7884.0
Ford,Fiesta,2018,247672,2020-08-20,Essence,Manuelle,90,Euro 5,Blanc,Crossover,France,18000,10382.0
Toyota,Corolla,2011,143343,2012-09-17,Essence,Automatique,110,Euro 4,Noir,Crossover,Espagne,28000,14147.0
Volkswagen,Passat,2022,143184,2024-03-06,Hybride,Manuelle,200,Euro 1,Rouge,Break,USA,36000,32800.0
Mercedes,Classe C,2015,31383,2016-08-25,Gaz,Automatique,150,Euro 5,Bleu,Berline,France,55000,42000.0
Toyota,Hilux,2022,205068,2022-02-26,Hybride,Manuelle,90,Euro 1,Blanc,Break,Italie,45000,36186.0
Toyota,Yaris,2015,170087,2017-05-18,Hybride,Automatique,90,Euro 1,Noir,Berline,Japon,19000,13944.0
Peugeot,3008,2021,42412,2022-09-14,Hybride,Automatique,110,Euro 1,Rouge,SUV,Espagne,35000,35757.0
Volkswagen,Arteon,2010,190783,2010-08-19,Gaz,Automatique,110,Euro 4,Rouge,Monospace,Espagne,48000,20514.0
Ford,Focus,2009,232956,2009-03-24,Gaz,Automatique,130,Euro 3,Rouge,Break,France,26000,9856.0
Hyundai,i30,2024,56070,2027-04-15,Hybride,Automatique,90,Euro 1,Bleu,Berline,Japon,22000,26505.0
Volkswagen,Tiguan,2024,225479,2024-09-27,Gaz,Automatique,150,Euro 6,Noir,Berline,Espagne,40000,35100.0
Audi,Q5,2006,111705,2009-09-13,Gaz,Automatique,200,Euro 3,Noir,SUV,Allemagne,65000,24675.0
Volkswagen,Golf,2016,62487,2016-11-13,Diesel,Manuelle,200,Euro 5,Blanc,Monospace,USA,25000,18900.0
Mercedes,Classe E,2005,74129,2008-06-12,Essence,Manuelle,200,Euro 3,Rouge,Break,Italie,75000,27360.0
Citroen,C3,2013,22465,2015-09-01,Gaz,Automatique,130,Euro 4,Blanc,Crossover,Allemagne,16000,13520.0
Ford,Kuga,2011,35481,2011-07-06,Diesel,Automatique,200,Euro 4,Rouge,Monospace,Italie,34000,22040.0
Tesla,Model S,2013,119376,2015-03-01,Essence,Manuelle,90,Euro 4,Noir,Monospace,Allemagne,95000,53144.0
Peugeot,5008,2019,148695,2019-11-16,Gaz,Manuelle,110,Euro 5,Bleu,Break,Italie,42000,31666.0
Kia,Rio,2019,236082,2022-01-11,Gaz,Manuelle,150,Euro 5,Rouge,SUV,Japon,18900,13578.0
Volkswagen,Arteon,2016,172671,2019-04-03,Diesel,Automatique,90,Euro 5,Noir,Berline,France,48000,30031.0
Hyundai,i20,2017,58068,2020-11-15,Gaz,Manuelle,200,Euro 5,Blanc,Break,Japon,19500,17020.0
Citroen,C3,2005,82693,2008-07-21,Gaz,Automatique,200,Euro 3,Noir,Berline,Espagne,16000,7525.0
Kia,Rio,2005,226333,2006-04-26,Gaz,Automatique,150,Euro 3,Rouge,SUV,Italie,18900,5019.0
Peugeot,5008,2012,91785,2012-12-01,Essence,Automatique,90,Euro 4,Bleu,Break,Italie,42000,24145.0
Dacia,Sandero,2019,113520,2021-12-01,Essence,Automatique,90,Euro 5,Blanc,Monospace,Japon,15900,13172.0
Hyundai,i30,2010,25940,2012-07-20,Gaz,Manuelle,90,Euro 4,Gris,Break,Allemagne,22000,13664.0
Renault,Clio,2009,46828,2010-06-24,Gaz,Manuelle,90,Euro 3,Gris,Monospace,France,17000,9894.0
Ford,Fiesta,2013,155967,2014-10-30,Hybride,Manuelle,130,Euro 1,Gris,Break,France,18000,11596.0
Hyundai,i30,2009,104543,2010-05-21,Diesel,Automatique,150,Euro 3,Bleu,Break,Espagne,22000,11475.0
Citroen,C3,2008,237474,2011-02-12,Diesel,Automatique,130,Euro 3,Noir,SUV,France,16000,5597.0
Tesla,Model S,2009,35443,2010-03-13,Diesel,Automatique,200,Euro 3,Rouge,Berline,Japon,95000,51480.0
Volkswagen,Passat,2007,219810,2010-09-07,Essence,Automatique,150,Euro 3,Noir,Crossover,USA,36000,10780.0
Toyota,RAV4,2018,225537,2021-03-19,Hybride,Automatique,130,Euro 1,Blanc,Crossover,France,37000,25980.0
Hyundai,Tucson,2012,51310,2015-06-18,Gaz,Automatique,90,Euro 4,Blanc,Crossover,Allemagne,35000,23246.0
Audi,A4,2006,114964,2007-06-12,Gaz,Automatique,200,Euro 3,Noir,Crossover,Italie,48000,18725.0
Volkswagen,Tiguan,2012,155083,2012-05-16,Diesel,Manuelle,130,Euro 4,Rouge,SUV,USA,40000,20237.0
Dacia,Duster,2009,246166,2012-08-08,Essence,Manuelle,150,Euro 3,Blanc,Berline,Japon,19900,6324.0
BMW,Serie 3,2014,119601,2016-01-27,Hybride,Manuelle,150,Euro 1,Rouge,Crossover,USA,45000,29205.0
Audi,A3,2008,241356,2010-05-04,Diesel,Manuelle,110,Euro 3,Noir,SUV,USA,34000,9828.0
Citroen,C3,2008,171816,2010-11-02,Gaz,Automatique,130,Euro 3,Noir,Crossover,USA,16000,7280.0
Dacia,Sandero,2007,228246,2008-11-06,Gaz,Automatique,150,Euro 3,Noir,Break,Espagne,15900,5643.0
Toyota,RAV4,2012,39039,2013-01-25,Diesel,Automatique,110,Euro 4,Gris,Break,USA,37000,24461.0
Tesla,Model 3,2018,226240,2018-01-06,Gaz,Manuelle,150,Euro 5,Bleu,Crossover,Japon,45000,28800.0
Renault,Clio,2009,34755,2010-07-31,Gaz,Manuelle,130,Euro 3,Noir,Break,USA,17000,10296.0
Volkswagen,Tiguan,2013,106600,2015-07-27,Essence,Manuelle,90,Euro 4,Gris,Monospace,Italie,40000,22743.0
Peugeot,3008,2005,58015,2008-11-04,Gaz,Automatique,90,Euro 3,Blanc,Monospace,Italie,35000,14972.0
Ford,Focus,2020,83824,2021-04-17,Essence,Manuelle,90,Euro 6,Blanc,Monospace,Italie,26000,20720.0
Dacia,Sandero,2010,105651,2011-01-03,Essence,Automatique,130,Euro 4,Bleu,Monospace,Japon,15900,8736.0
Audi,A6,2011,240863,2011-06-26,Diesel,Manuelle,110,Euro 4,Rouge,SUV,Italie,72000,27047.0
Peugeot,308,2018,119938,2018-11-12,Diesel,Automatique,150,Euro 5,Gris,Berline,Japon,30000,23785.0
Toyota,Yaris,2020,173067,2022-06-22,Essence,Automatique,130,Euro 6,Gris,Break,France,19000,15123.0
Dacia,Duster,2023,69473,2024-08-23,Diesel,Manuelle,130,Euro 6,Gris,Break,Japon,19900,19292.0
Ford,Kuga,2014,175871,2015-05-16,Gaz,Automatique,150,Euro 4,Noir,Monospace,Italie,34000,20670.0
Toyota,Yaris,2020,247314,2020-04-25,Hybride,Manuelle,110,Euro 1,Noir,SUV,Espagne,19000,14784.0
Dacia,Sandero,2008,46609,2011-04-15,Diesel,Manuelle,200,Euro 3,Noir,Berline,France,15900,8592.0
Tesla,Model S,2017,13780,2019-03-07,Gaz,Automatique,200,Euro 5,Rouge,Break,USA,95000,78390.0
Peugeot,3008,2009,227265,2009-04-07,Diesel,Manuelle,130,Euro 3,Noir,Crossover,Japon,35000,11979.0
Hyundai,Tucson,2015,177337,2016-02-07,Gaz,Automatique,150,Euro 5,Bleu,Monospace,Allemagne,35000,22400.0
BMW,Serie 5,2005,89837,2005-02-11,Gaz,Manuelle,90,Euro 3,Bleu,Break,Espagne,65000,23590.0
Renault,Megane,2021,126822,2021-09-29,Hybride,Manuelle,110,Euro 1,Bleu,Berline,Espagne,25000,22989.0
Audi,A4,2006,225154,2007-01-22,Essence,Automatique,150,Euro 3,Gris,Crossover,Espagne,48000,12120.0
Audi,A6,2005,248343,2005-09-02,Essence,Manuelle,110,Euro 3,Bleu,Monospace,France,72000,13699.0
Tesla,Model S,2009,207654,2010-01-16,Essence,Manuelle,130,Euro 3,Noir,SUV,France,95000,33355.0
Volkswagen,Golf,2013,242868,2015-09-03,Essence,Manuelle,130,Euro 4,Gris,Crossover,France,25000,10879.0
Kia,Rio,2006,202717,2009-06-16,Gaz,Automatique,150,Euro 3,Rouge,Break,Allemagne,18900,6214.0
Audi,Q5,2009,174762,2011-07-13,Essence,Manuelle,200,Euro 3,Bleu,Crossover,Japon,65000,25080.0
Toyota,Corolla,2017,146711,2019-08-30,Gaz,Automatique,150,Euro 5,Gris,Monospace,USA,28000,21450.0
Kia,Rio,2018,142649,2020-03-02,Essence,Manuelle,90,Euro 5,Blanc,Crossover,Japon,18900,12784.0
Citroen,C4,2014,188746,2017-03-19,Essence,Manuelle,130,Euro 4,Gris,SUV,Espagne,24000,12636.0
Tesla,Model X,2018,19021,2020-05-17,Essence,Manuelle,90,Euro 5,Blanc,Monospace,USA,120000,97119.0
Peugeot,5008,2011,177992,2012-10-19,Hybride,Manuelle,130,Euro 1,Rouge,Break,Japon,42000,20372.0
Hyundai,i20,2005,224309,2008-11-18,Essence,Manuelle,200,Euro 3,Gris,Berline,France,19500,4305.0
Mercedes,Classe C,2006,47840,2007-03-17,Gaz,Automatique,90,Euro 3,Rouge,Monospace,France,55000,24948.0
Renault,Talisman,2021,66841,2022-08-22,Essence,Automatique,110,Euro 6,Rouge,Crossover,Japon,40000,35785.0
Volkswagen,Arteon,2009,133825,2010-09-10,Gaz,Manuelle,150,Euro 3,Bleu,Monospace,Espagne,48000,21420.0
Peugeot,208,2021,55077,2024-07-09,Gaz,Manuelle,90,Euro 6,Gris,Crossover,Allemagne,18000,17544.0
BMW,Serie 3,2018,54490,2020-09-19,Gaz,Automatique,90,Euro 5,Noir,Crossover,USA,45000,38038.0
Peugeot,3008,2013,124269,2016-12-27,Essence,Automatique,110,Euro 4,Blanc,Berline,USA,35000,20405.0
Tesla,Model X,2014,192080,2015-09-29,Gaz,Manuelle,130,Euro 4,Rouge,Break,Allemagne,120000,62628.0
Audi,A4,2014,197423,2014-05-03,Essence,Manuelle,200,Euro 4,Noir,Monospace,Japon,48000,24990.0
Ford,Focus,2020,32341,2023-06-25,Gaz,Automatique,130,Euro 6,Rouge,Crossover,Espagne,26000,26180.0
Audi,A4,2008,143878,2011-12-19,Gaz,Automatique,110,Euro 3,Rouge,Berline,Espagne,48000,19988.0
Mercedes,Classe C,2016,229645,2018-03-12,Diesel,Automatique,200,Euro 5,Gris,Berline,Espagne,55000,31860.0
Toyota,Corolla,2012,94449,2014-05-03,Essence,Automatique,150,Euro 4,Gris,Berline,Allemagne,28000,16775.0
Hyundai,Tucson,2024,85509,2026-08-17,Essence,Manuelle,200,Euro 6,Blanc,Crossover,USA,35000,33120.0
Tesla,Model S,2011,15491,2013-04-09,Hybride,Automatique,150,Euro 1,Gris,SUV,USA,95000,60900.0
Renault,Captur,2012,82511,2013-05-12,Diesel,Manuelle,150,Euro 4,Rouge,Break,Italie,28000,16520.0
BMW,X5,2005,240153,2007-02-09,Gaz,Automatique,90,Euro 3,Bleu,Monospace,Japon,80000,16036.0
Toyota,Yaris,2005,152123,2007-12-28,Diesel,Manuelle,110,Euro 3,Blanc,Break,France,19000,5628.0
Volkswagen,Tiguan,2006,92184,2007-06-17,Diesel,Manuelle,110,Euro 3,Blanc,Monospace,Italie,40000,15207.0
Renault,Megane,2013,56928,2014-04-06,Essence,Manuelle,130,Euro 4,Blanc,Monospace,Espagne,25000,15686.0
Peugeot,3008,2009,156238,2010-06-05,Gaz,Automatique,150,Euro 3,Bleu,SUV,Italie,35000,16000.0
Peugeot,3008,2005,39060,2006-07-01,Essence,Manuelle,130,Euro 3,Gris,Break,Italie,35000,14120.0
Tesla,Model S,2017,120476,2018-06-01,Diesel,Manuelle,90,Euro 5,Rouge,Berline,Espagne,95000,64253.0
Dacia,Spring,2017,213878,2019-03-08,Essence,Manuelle,150,Euro 5,Blanc,Monospace,Espagne,22000,13050.0
Renault,Clio,2020,85618,2023-07-05,Diesel,Manuelle,150,Euro 6,Gris,Break,Espagne,17000,14800.0
Kia,Rio,2009,62638,2011-08-21,Essence,Manuelle,130,Euro 3,Gris,Monospace,Allemagne,18900,9408.0
Audi,A6,2006,204187,2006-05-24,Essence,Automatique,90,Euro 3,Noir,SUV,Allemagne,72000,19214.0
Kia,Rio,2014,212737,2015-03-13,Gaz,Automatique,200,Euro 4,Blanc,Berline,USA,18900,11956.0
Dacia,Spring,2009,243821,2011-11-10,Gaz,Manuelle,150,Euro 3,Noir,Berline,Espagne,22000,7750.0
Renault,Talisman,2017,191782,2020-03-11,Essence,Manuelle,150,Euro 5,Bleu,Crossover,France,40000,24300.0
Mercedes,Classe A,2013,216331,2013-03-20,Gaz,Manuelle,90,Euro 4,Gris,Break,Italie,38000,18584.0
Citroen,C3,2018,242051,2020-03-25,Gaz,Manuelle,110,Euro 5,Noir,Monospace,Allemagne,16000,10788.0
Tesla,Model 3,2005,147700,2006-02-20,Gaz,Automatique,110,Euro 3,Bleu,SUV,USA,45000,14384.0
Volkswagen,Golf,2014,235202,2017-02-04,Essence,Automatique,200,Euro 4,Gris,Break,Espagne,25000,13160.0
Mercedes,Classe E,2020,45036,2021-08-16,Gaz,Manuelle,110,Euro 6,Bleu,Berline,USA,75000,65184.0
Hyundai,Tucson,2009,93525,2012-05-08,Diesel,Automatique,130,Euro 3,Rouge,Monospace,USA,35000,17618.0
Ford,Kuga,2005,103400,2005-04-27,Diesel,Automatique,90,Euro 3,Gris,Monospace,Allemagne,34000,12177.0
Audi,A4,2014,99178,2016-10-07,Essence,Automatique,130,Euro 4,Blanc,SUV,Allemagne,48000,30683.0
Volkswagen,Tiguan,2008,72559,2008-09-29,Essence,Automatique,110,Euro 3,Blanc,SUV,USA,40000,18945.0
Kia,Rio,2016,47932,2019-01-05,Hybride,Manuelle,110,Euro 1,Blanc,Monospace,France,18900,16560.0
Tesla,Model S,2023,133450,2025-08-14,Diesel,Manuelle,130,Euro 6,Gris,Crossover,France,95000,80892.0
Kia,Rio,2011,145374,2014-02-04,Essence,Automatique,200,Euro 4,Blanc,Crossover,Italie,18900,10293.0
Ford,Fiesta,2005,174540,2008-01-18,Gaz,Automatique,90,Euro 3,Rouge,SUV,Allemagne,18000,5824.0
Hyundai,Tucson,2012,52632,2014-05-03,Essence,Manuelle,130,Euro 4,Bleu,Break,France,35000,20827.0
Kia,Ceed,2020,214358,2021-09-14,Hybride,Automatique,130,Euro 1,Rouge,Break,Allemagne,23000,19631.0
Citroen,C3,2005,49337,2008-02-21,Essence,Manuelle,90,Euro 3,Rouge,Crossover,Allemagne,16000,6201.0
Citroen,C3,2005,232117,2005-03-29,Gaz,Automatique,110,Euro 3,Blanc,Monospace,USA,16000,4120.0
Dacia,Duster,2024,173925,2025-12-31,Gaz,Manuelle,200,Euro 6,Rouge,Break,Japon,19900,19422.0
Audi,A4,2005,29806,2008-08-10,Essence,Manuelle,150,Euro 3,Noir,Break,USA,48000,19885.0
Audi,A4,2014,152595,2015-03-02,Essence,Manuelle,200,Euro 4,Bleu,Break,Allemagne,48000,26950.0
BMW,Serie 1,2008,33773,2008-12-12,Diesel,Automatique,150,Euro 3,Bleu,Berline,France,35000,18865.0
Renault,Megane,2008,36271,2009-08-31,Diesel,Manuelle,110,Euro 3,Gris,SUV,USA,25000,12789.0
Mercedes,GLC,2016,24831,2017-06-20,Gaz,Manuelle,130,Euro 5,Gris,Break,USA,85000,64972.0
Hyundai,i20,2020,43473,2020-05-20,Hybride,Automatique,130,Euro 1,Bleu,Crossover,USA,19500,21672.0
Peugeot,3008,2006,157718,2006-09-26,Diesel,Manuelle,90,Euro 3,Gris,Break,France,35000,11129.0
Ford,Kuga,2012,139049,2014-05-28,Gaz,Manuelle,200,Euro 4,Noir,Break,Espagne,34000,19125.0
Tesla,Model 3,2008,141058,2008-04-16,Essence,Automatique,150,Euro 3,Rouge,Crossover,Espagne,45000,18050.0
Ford,Kuga,2008,34556,2009-06-22,Diesel,Manuelle,150,Euro 3,Bleu,Break,Japon,34000,17395.0
Mercedes,Classe C,2008,84391,2010-06-11,Gaz,Automatique,200,Euro 3,Bleu,Break,USA,55000,26620.0
Dacia,Spring,2013,14507,2014-02-02,Diesel,Automatique,200,Euro 4,Noir,SUV,Allemagne,22000,17160.0
Ford,Focus,2011,161682,2012-12-07,Hybride,Automatique,150,Euro 1,Gris,Break,France,26000,14625.0
BMW,Serie 5,2005,102881,2007-03-17,Essence,Manuelle,130,Euro 3,Gris,Crossover,Italie,65000,21549.0
Peugeot,3008,2014,127432,2014-03-19,Gaz,Automatique,90,Euro 4,Gris,Berline,France,35000,22852.0
Mercedes,Classe E,2020,85938,2022-07-10,Essence,Automatique,110,Euro 6,Rouge,Monospace,France,75000,61680.0
Citroen,C4,2020,132814,2021-02-11,Essence,Manuelle,200,Euro 6,Rouge,Berline,Allemagne,24000,18750.0
Hyundai,Tucson,2015,71615,2015-03-12,Hybride,Manuelle,90,Euro 1,Noir,Monospace,France,35000,25674.0
Tesla,Model 3,2008,97521,2008-02-20,Diesel,Automatique,150,Euro 3,Blanc,Break,France,45000,20855.0
Mercedes,Classe E,2018,60724,2018-07-09,Essence,Manuelle,150,Euro 5,Rouge,Berline,USA,75000,57380.0
Audi,A3,2020,129759,2020-04-23,Electrique,Automatique,110,Euro 1,Noir,Break,Japon,34000,31996.0
Hyundai,Tucson,2022,147079,2023-03-11,Essence,Automatique,110,Euro 6,Noir,Crossover,Espagne,35000,29680.0
Hyundai,i30,2014,95085,2016-10-03,Hybride,Automatique,110,Euro 1,Blanc,Berline,USA,22000,17141.0
Peugeot,3008,2012,243143,2014-04-09,Essence,Automatique,200,Euro 4,Rouge,Berline,France,35000,15200.0
Kia,Sportage,2013,79940,2015-07-08,Diesel,Automatique,90,Euro 4,Bleu,Monospace,France,34000,22140.0
Mercedes,Classe C,2024,83810,2027-09-14,Electrique,Manuelle,90,Euro 1,Gris,Berline,Allemagne,55000,56028.0
Citroen,C5 Aircross,2017,126300,2020-05-11,Diesel,Manuelle,200,Euro 5,Rouge,Break,France,35000,24790.0
Peugeot,5008,2007,63194,2007-05-18,Diesel,Automatique,150,Euro 3,Rouge,Break,Italie,42000,19565.0
BMW,Serie 3,2024,219158,2026-08-25,Diesel,Automatique,130,Euro 6,Rouge,Crossover,USA,45000,38157.0
Peugeot,5008,2011,138112,2011-04-10,Gaz,Manuelle,130,Euro 4,Noir,Berline,Espagne,42000,21504.0
Peugeot,5008,2018,180104,2021-07-10,Hybride,Automatique,130,Euro 1,Gris,Monospace,Allemagne,42000,30912.0
Tesla,Model 3,2014,152255,2014-01-05,Hybride,Manuelle,150,Euro 1,Blanc,Monospace,USA,45000,27225.0
Ford,Fiesta,2019,241407,2022-05-18,Hybride,Automatique,110,Euro 1,Blanc,Crossover,Italie,18000,14701.0
Dacia,Sandero,2013,46330,2013-07-13,Gaz,Automatique,130,Euro 4,Rouge,Monospace,Italie,15900,13041.0
Citroen,C4,2010,86172,2011-12-23,Hybride,Manuelle,130,Euro 1,Gris,Crossover,Espagne,24000,14150.0
Hyundai,i20,2023,88258,2026-08-04,Essence,Automatique,130,Euro 6,Bleu,Berline,Italie,19500,19402.0
Toyota,Yaris,2007,188678,2008-02-14,Essence,Automatique,110,Euro 3,Blanc,Crossover,USA,19000,6541.0
Volkswagen,Tiguan,2022,179807,2024-09-06,Gaz,Manuelle,200,Euro 6,Noir,Monospace,Italie,40000,33495.0
Tesla,Model S,2015,16264,2015-08-24,Essence,Manuelle,90,Euro 5,Bleu,Break,Espagne,95000,68328.0
Mercedes,Classe A,2016,114136,2017-01-10,Essence,Automatique,130,Euro 5,Bleu,Monospace,Allemagne,38000,26195.0
Ford,Focus,2020,216737,2021-10-20,Hybride,Manuelle,90,Euro 1,Noir,Break,Espagne,26000,20033.0
Dacia,Sandero,2023,100184,2025-12-24,Diesel,Manuelle,150,Euro 6,Rouge,SUV,France,15900,15138.0
Volkswagen,Golf,2019,131202,2022-09-19,Electrique,Automatique,130,Euro 1,Noir,Monospace,Espagne,25000,23976.0
Peugeot,3008,2012,15589,2015-07-29,Diesel,Automatique,110,Euro 4,Noir,Break,USA,35000,24003.0
Kia,Sportage,2010,144359,2012-01-10,Gaz,Manuelle,150,Euro 4,Gris,Break,Espagne,34000,16280.0
Mercedes,Classe A,2019,245413,2020-04-12,Diesel,Automatique,200,Euro 5,Rouge,Break,France,38000,25620.0
Renault,Captur,2023,130485,2024-12-01,Diesel,Manuelle,130,Euro 6,Blanc,Monospace,Espagne,28000,24612.0
Peugeot,5008,2005,163508,2007-11-15,Gaz,Manuelle,200,Euro 3,Noir,Crossover,Espagne,42000,12285.0
Toyota,Yaris,2015,158240,2016-03-13,Gaz,Manuelle,150,Euro 5,Blanc,Crossover,Allemagne,19000,12760.0
Hyundai,Tucson,2016,140304,2017-06-26,Diesel,Automatique,150,Euro 5,Noir,Break,France,35000,23870.0
BMW,X5,2008,98527,2008-12-18,Diesel,Manuelle,90,Euro 3,Rouge,SUV,Espagne,80000,34787.0
Citroen,C4,2013,181909,2013-06-10,Hybride,Manuelle,110,Euro 1,Rouge,Monospace,France,24000,13769.0
Volkswagen,Golf,2019,112796,2021-04-03,Gaz,Automatique,90,Euro 5,Blanc,Berline,Espagne,25000,21756.0
Hyundai,i30,2010,93541,2011-03-27,Diesel,Automatique,150,Euro 4,Rouge,Monospace,USA,22000,12495.0
Kia,Ceed,2011,178577,2014-07-22,Essence,Manuelle,110,Euro 4,Bleu,Crossover,USA,23000,10164.0
Peugeot,208,2017,87314,2018-10-18,Diesel,Automatique,110,Euro 5,Noir,Monospace,USA,18000,14981.0
Renault,Clio,2016,81055,2016-07-13,Essence,Automatique,110,Euro 5,Blanc,SUV,Espagne,17000,12988.0
BMW,Serie 1,2024,210134,2027-08-26,Hybride,Manuelle,110,Euro 1,Blanc,Crossover,France,35000,30889.0
Hyundai,i20,2018,188085,2018-06-28,Diesel,Automatique,150,Euro 5,Bleu,Monospace,Italie,19500,14720.0
Mercedes,GLC,2018,111013,2021-02-24,Essence,Automatique,150,Euro 5,Rouge,Crossover,Japon,85000,62125.0
Volkswagen,Tiguan,2012,151808,2012-10-07,Gaz,Automatique,150,Euro 4,Blanc,SUV,France,40000,22050.0
Citroen,C4,2013,142122,2016-10-02,Essence,Manuelle,90,Euro 4,Blanc,Crossover,Japon,24000,12667.0
Dacia,Duster,2019,62369,2020-06-18,Electrique,Automatique,130,Euro 1,Bleu,Break,Japon,19900,22278.0
Mercedes,Classe E,2014,58518,2015-03-24,Gaz,Automatique,90,Euro 4,Bleu,Crossover,Allemagne,75000,51610.0
Mercedes,GLC,2015,59831,2017-11-08,Essence,Manuelle,90,Euro 5,Blanc,Monospace,Espagne,85000,57732.0
Hyundai,i30,2016,38047,2018-07-26,Diesel,Automatique,90,Euro 5,Noir,Monospace,USA,22000,18177.0
Kia,Sportage,2005,191322,2005-03-24,Essence,Manuelle,90,Euro 3,Rouge,Berline,Italie,34000,8136.0
Toyota,Corolla,2007,175939,2007-09-12,Diesel,Manuelle,200,Euro 3,Noir,Monospace,Japon,28000,9600.0
Tesla,Model 3,2009,131766,2011-09-08,Gaz,Manuelle,200,Euro 3,Rouge,Crossover,Espagne,45000,20370.0
Citroen,C3,2024,223389,2024-12-19,Electrique,Automatique,150,Euro 1,Gris,Break,Italie,16000,19110.0
Peugeot,5008,2022,186629,2025-08-31,Electrique,Manuelle,150,Euro 1,Bleu,SUV,Japon,42000,36860.0
Dacia,Duster,2008,111371,2008-12-05,Essence,Manuelle,150,Euro 3,Gris,Berline,Japon,19900,8364.0
Citroen,C4,2005,143015,2007-04-09,Gaz,Manuelle,110,Euro 3,Bleu,Break,Italie,24000,7714.0
Citroen,C3,2018,79206,2020-08-27,Essence,Manuelle,150,Euro 5,Bleu,SUV,France,16000,12375.0
Renault,Captur,2009,29331,2009-03-31,Essence,Automatique,200,Euro 3,Noir,Break,France,28000,16430.0
Ford,Focus,2005,41933,2006-05-20,Diesel,Manuelle,200,Euro 3,Gris,Monospace,Espagne,26000,10920.0
Peugeot,3008,2023,68904,2024-02-13,Electrique,Automatique,90,Euro 1,Noir,Berline,France,35000,39039.0
Volkswagen,Arteon,2013,248134,2015-06-26,Essence,Automatique,200,Euro 4,Rouge,Berline,France,48000,21930.0
Volkswagen,Tiguan,2020,219651,2022-10-30,Diesel,Automatique,90,Euro 6,Blanc,Monospace,Espagne,40000,28743.0
Dacia,Duster,2013,222556,2014-10-15,Hybride,Manuelle,130,Euro 1,Noir,Break,France,19900,10890.0
Peugeot,3008,2017,215832,2018-06-01,Gaz,Manuelle,150,Euro 5,Gris,Crossover,Espagne,35000,22040.0
Peugeot,308,2006,245335,2007-10-05,Essence,Manuelle,90,Euro 3,Bleu,Monospace,Italie,30000,6578.0
Tesla,Model X,2013,163786,2013-08-26,Essence,Manuelle,130,Euro 4,Noir,Berline,Espagne,120000,61353.0
Kia,Rio,2022,55738,2023-03-21,Electrique,Manuelle,130,Euro 1,Noir,Crossover,Italie,18900,22428.0
Hyundai,Tucson,2019,185754,2021-04-05,Hybride,Manuelle,130,Euro 1,Gris,SUV,France,35000,26331.0
BMW,Serie 1,2013,174470,2013-03-11,Essence,Automatique,110,Euro 4,Gris,Crossover,USA,35000,18550.0
Audi,A4,2024,43820,2027-12-21,Electrique,Automatique,130,Euro 1,Bleu,Monospace,Italie,48000,54048.0
Kia,Sportage,2005,126133,2006-08-06,Diesel,Automatique,150,Euro 3,Bleu,SUV,Espagne,34000,11625.0
Volkswagen,Passat,2012,176115,2012-05-17,Essence,Automatique,90,Euro 4,Rouge,Berline,Japon,36000,17813.0
Peugeot,3008,2018,239844,2020-08-31,Essence,Manuelle,200,Euro 5,Gris,Break,Allemagne,35000,21240.0
Peugeot,3008,2023,119993,2024-12-12,Essence,Manuelle,150,Euro 6,Rouge,Break,France,35000,30530.0
Kia,Ceed,2017,98617,2020-10-15,Hybride,Manuelle,90,Euro 1,Rouge,SUV,Allemagne,23000,18830.0
Tesla,Model S,2021,98493,2021-02-21,Diesel,Manuelle,130,Euro 6,Bleu,SUV,USA,95000,78966.0
BMW,Serie 5,2022,234533,2023-12-18,Hybride,Manuelle,200,Euro 1,Noir,Crossover,France,65000,49700.0
Dacia,Spring,2024,217238,2026-05-14,Essence,Manuelle,130,Euro 6,Gris,Crossover,Italie,22000,17617.0
BMW,X5,2024,98052,2026-07-27,Hybride,Automatique,130,Euro 1,Blanc,Berline,Allemagne,80000,78533.0
Renault,Clio,2008,62193,2010-07-05,Essence,Automatique,90,Euro 3,Bleu,Monospace,France,17000,8694.0
Kia,Ceed,2015,221217,2017-07-06,Hybride,Automatique,90,Euro 1,Bleu,Berline,France,23000,14739.0
Toyota,Hilux,2008,198498,2008-06-09,Gaz,Manuelle,130,Euro 3,Noir,Crossover,Italie,45000,15774.0
Toyota,Yaris,2014,191005,2017-01-30,Essence,Manuelle,130,Euro 4,Gris,Crossover,Espagne,19000,9843.0
Tesla,Model 3,2024,136850,2026-03-04,Gaz,Manuelle,90,Euro 6,Noir,Break,Japon,45000,41238.0
Kia,Ceed,2013,207359,2015-05-10,Gaz,Automatique,150,Euro 4,Blanc,Berline,Japon,23000,13160.0
Audi,A6,2021,193345,2022-02-16,Gaz,Automatique,90,Euro 6,Rouge,SUV,Allemagne,72000,55008.0
Dacia,Duster,2019,215615,2021-04-23,Hybride,Automatique,90,Euro 1,Bleu,Berline,France,19900,16512.0
BMW,Serie 1,2018,149439,2021-08-22,Electrique,Automatique,150,Euro 1,Rouge,SUV,Italie,35000,29580.0
Peugeot,3008,2019,143598,2019-10-12,Hybride,Manuelle,90,Euro 1,Bleu,Crossover,Espagne,35000,27619.0
Tesla,Model S,2013,124284,2013-03-12,Gaz,Automatique,110,Euro 4,Bleu,Break,France,95000,54780.0
Kia,Rio,2008,24524,2011-12-27,Diesel,Automatique,200,Euro 3,Rouge,Crossover,France,18900,11450.0
Hyundai,i30,2006,245346,2006-11-07,Gaz,Automatique,150,Euro 3,Noir,SUV,Espagne,22000,5940.0
Hyundai,Tucson,2009,219927,2012-04-17,Gaz,Automatique,150,Euro 3,Rouge,Crossover,Espagne,35000,13600.0
Citroen,C5 Aircross,2016,172039,2016-12-05,Diesel,Automatique,130,Euro 5,Blanc,SUV,Japon,35000,22597.0
Volkswagen,Passat,2022,127078,2025-03-21,Gaz,Automatique,200,Euro 6,Noir,Monospace,USA,36000,34030.0
Hyundai,i30,2007,193301,2009-09-22,Diesel,Manuelle,200,Euro 3,Gris,Break,Italie,22000,7200.0
Renault,Megane,2011,164482,2013-12-13,Gaz,Automatique,200,Euro 4,Rouge,Monospace,France,25000,13725.0
Volkswagen,Arteon,2005,30943,2007-05-11,Gaz,Manuelle,200,Euro 3,Gris,Monospace,Japon,48000,20600.0
Kia,Sportage,2019,33446,2022-09-03,Hybride,Automatique,150,Euro 1,Rouge,Crossover,USA,34000,33210.0
Dacia,Sandero,2008,14115,2008-02-29,Gaz,Manuelle,150,Euro 3,Gris,Monospace,USA,15900,9639.0
Tesla,Model X,2009,61354,2012-04-03,Gaz,Automatique,90,Euro 3,Gris,SUV,France,120000,60956.0
Kia,Rio,2011,150477,2012-06-22,Hybride,Manuelle,110,Euro 1,Bleu,Break,France,18900,10580.0
BMW,Serie 3,2019,102438,2021-11-30,Essence,Automatique,150,Euro 5,Rouge,SUV,Japon,45000,35625.0
Audi,Q5,2020,143324,2023-12-21,Essence,Automatique,110,Euro 6,Gris,SUV,Italie,65000,49654.0
Peugeot,208,2015,157084,2015-11-03,Essence,Manuelle,110,Euro 5,Bleu,SUV,France,18000,10498.0
Citroen,C4,2016,210691,2016-11-05,Gaz,Automatique,200,Euro 5,Rouge,Crossover,France,24000,16225.0
Audi,A3,2011,178930,2012-01-04,Diesel,Automatique,200,Euro 4,Blanc,Monospace,USA,34000,16720.0
BMW,Serie 3,2020,79435,2023-12-17,Essence,Automatique,150,Euro 6,Blanc,Berline,Allemagne,45000,38475.0
Renault,Talisman,2015,99907,2017-12-28,Gaz,Automatique,200,Euro 5,Gris,Crossover,USA,40000,29120.0
Citroen,C3,2005,75363,2007-05-10,Essence,Manuelle,130,Euro 3,Noir,Monospace,USA,16000,5868.0
Volkswagen,Arteon,2018,92048,2018-07-07,Gaz,Automatique,200,Euro 5,Gris,Berline,France,48000,39055.0
Peugeot,308,2022,81828,2024-03-20,Electrique,Automatique,130,Euro 1,Blanc,SUV,Italie,30000,32938.0
Tesla,Model X,2018,184589,2019-04-20,Electrique,Automatique,90,Euro 1,Bleu,Monospace,USA,120000,81856.0
BMW,X5,2016,120940,2018-06-26,Essence,Manuelle,200,Euro 5,Bleu,Break,Allemagne,80000,51840.0
Renault,Megane,2008,229148,2010-08-30,Gaz,Automatique,110,Euro 3,Noir,Monospace,Japon,25000,8880.0
Citroen,C4,2010,126298,2011-12-03,Hybride,Manuelle,90,Euro 1,Blanc,Crossover,USA,24000,12834.0
BMW,Serie 1,2005,143051,2007-10-07,Essence,Automatique,150,Euro 3,Bleu,SUV,USA,35000,10875.0
Peugeot,5008,2006,12821,2007-10-25,Diesel,Manuelle,110,Euro 3,Noir,Crossover,Japon,42000,19395.0
Renault,Megane,2019,243283,2019-05-25,Essence,Manuelle,130,Euro 5,Noir,Berline,Italie,25000,15433.0
Peugeot,208,2020,96601,2022-11-20,Gaz,Automatique,90,Euro 6,Blanc,Break,Allemagne,18000,17696.0
Dacia,Spring,2017,141937,2020-03-29,Diesel,Automatique,200,Euro 5,Rouge,Berline,Espagne,22000,16900.0
BMW,Serie 3,2012,135335,2013-10-11,Essence,Manuelle,110,Euro 4,Blanc,Crossover,Italie,45000,23001.0
Ford,Focus,2012,38183,2012-08-19,Gaz,Manuelle,200,Euro 4,Gris,Monospace,Allemagne,26000,17995.0
Renault,Megane,2021,162939,2021-07-22,Gaz,Manuelle,150,Euro 6,Rouge,Crossover,USA,25000,21000.0
Kia,Sportage,2006,37153,2009-10-27,Diesel,Manuelle,130,Euro 3,Blanc,Monospace,Allemagne,34000,15179.0
Toyota,RAV4,2006,183088,2008-12-24,Essence,Automatique,110,Euro 3,Noir,Break,Espagne,37000,10948.0
BMW,X5,2018,56573,2019-04-14,Diesel,Manuelle,200,Euro 5,Gris,Monospace,Allemagne,80000,63140.0
Mercedes,Classe E,2006,86675,2007-11-28,Essence,Manuelle,200,Euro 3,Gris,Berline,USA,75000,28880.0
Dacia,Sandero,2018,39898,2019-12-07,Electrique,Automatique,150,Euro 1,Rouge,SUV,USA,15900,19276.0
Mercedes,Classe A,2010,89949,2011-08-23,Hybride,Automatique,130,Euro 1,Bleu,Monospace,Japon,38000,22150.0
Ford,Focus,2022,220564,2025-01-25,Essence,Automatique,150,Euro 6,Gris,Berline,Japon,26000,20520.0
Toyota,Yaris,2023,121968,2023-09-25,Electrique,Manuelle,90,Euro 1,Rouge,Berline,Allemagne,19000,21165.0
Toyota,Yaris,2010,166552,2010-08-29,Hybride,Automatique,150,Euro 1,Rouge,Monospace,Espagne,19000,10710.0
Mercedes,Classe E,2008,219232,2009-07-13,Diesel,Automatique,110,Euro 3,Noir,SUV,France,75000,24211.0
Hyundai,i30,2017,167700,2017-01-10,Gaz,Manuelle,130,Euro 5,Noir,SUV,Japon,22000,15624.0
BMW,X5,2020,119601,2022-04-03,Hybride,Manuelle,130,Euro 1,Noir,Crossover,Allemagne,80000,64911.0
Mercedes,Classe E,2005,97181,2007-08-15,Gaz,Manuelle,150,Euro 3,Noir,Break,Allemagne,75000,26520.0
Citroen,C5 Aircross,2005,181294,2005-11-28,Essence,Automatique,110,Euro 3,Bleu,Berline,France,35000,9275.0
Mercedes,Classe A,2012,241345,2012-08-15,Essence,Manuelle,90,Euro 4,Gris,Berline,Allemagne,38000,15160.0
Mercedes,Classe A,2010,118987,2011-08-17,Hybride,Automatique,90,Euro 1,Rouge,Break,Allemagne,38000,20633.0
Ford,Fiesta,2011,14332,2014-05-01,Essence,Manuelle,200,Euro 4,Bleu,Berline,France,18000,11400.0
Toyota,Corolla,2024,224878,2026-12-16,Gaz,Manuelle,200,Euro 6,Noir,Break,Allemagne,28000,24570.0
BMW,Serie 1,2018,119896,2019-02-08,Hybride,Manuelle,130,Euro 1,Bleu,Berline,Japon,35000,27903.0
Kia,Sportage,2024,18457,2026-07-12,Gaz,Manuelle,130,Euro 6,Noir,Crossover,Italie,34000,36432.0
Citroen,C3,2019,170958,2021-06-07,Hybride,Automatique,130,Euro 1,Gris,Crossover,Espagne,16000,15164.0
Dacia,Duster,2008,88983,2008-03-30,Diesel,Automatique,90,Euro 3,Rouge,Monospace,France,19900,10032.0
Dacia,Spring,2005,22292,2008-12-05,Diesel,Manuelle,90,Euro 3,Bleu,Crossover,Allemagne,22000,9389.0
Toyota,Corolla,2009,49356,2010-05-22,Diesel,Automatique,200,Euro 3,Noir,Crossover,Italie,28000,16320.0
Kia,Ceed,2009,87486,2011-12-23,Essence,Manuelle,150,Euro 3,Bleu,Crossover,France,23000,11045.0
Tesla,Model X,2016,229650,2016-08-18,Hybride,Manuelle,150,Euro 1,Gris,Berline,Allemagne,120000,67230.0
Peugeot,3008,2021,102830,2022-07-23,Diesel,Manuelle,90,Euro 6,Bleu,Break,Italie,35000,29079.0
BMW,Serie 5,2016,206550,2018-04-10,Essence,Automatique,150,Euro 5,Rouge,SUV,Espagne,65000,37800.0
Citroen,C4,2023,65514,2023-04-16,Hybride,Manuelle,150,Euro 1,Rouge,Crossover,Allemagne,24000,25935.0
Dacia,Spring,2020,16139,2022-09-27,Gaz,Automatique,200,Euro 6,Blanc,Berline,Allemagne,22000,23925.0
Citroen,C3,2011,34983,2013-03-13,Gaz,Automatique,90,Euro 4,Rouge,Berline,USA,16000,11832.0
Mercedes,Classe C,2017,126927,2018-08-20,Gaz,Manuelle,200,Euro 5,Bleu,Break,Allemagne,55000,39195.0
Toyota,Corolla,2009,67257,2009-02-07,Diesel,Automatique,150,Euro 3,Noir,Berline,USA,28000,15435.0
Dacia,Spring,2006,20181,2006-09-11,Essence,Manuelle,110,Euro 3,Gris,Break,France,22000,9724.0
Kia,Ceed,2017,211010,2019-02-12,Essence,Manuelle,110,Euro 5,Gris,SUV,Italie,23000,13398.0
Kia,Rio,2010,88411,2011-02-08,Diesel,Manuelle,200,Euro 4,Rouge,Berline,Japon,18900,10450.0
Citroen,C5 Aircross,2024,135028,2026-05-19,Hybride,Automatique,110,Euro 1,Bleu,Monospace,USA,35000,35757.0
Peugeot,208,2018,247601,2021-10-21,Gaz,Manuelle,200,Euro 5,Blanc,Monospace,Italie,18000,12470.0
Dacia,Sandero,2024,78914,2024-02-29,Diesel,Automatique,130,Euro 6,Gris,Monospace,Japon,15900,17856.0
Audi,A4,2019,70969,2020-02-05,Hybride,Automatique,110,Euro 1,Gris,SUV,Italie,48000,42198.0
Peugeot,208,2015,83337,2018-02-18,Essence,Manuelle,130,Euro 5,Blanc,Break,Japon,18000,11895.0
Volkswagen,Golf,2013,177076,2016-02-13,Gaz,Manuelle,200,Euro 4,Gris,Break,Japon,25000,14250.0
Volkswagen,Arteon,2015,29492,2018-11-30,Essence,Manuelle,90,Euro 5,Rouge,Monospace,Japon,48000,34009.0
Mercedes,Classe E,2015,34675,2018-10-09,Hybride,Automatique,150,Euro 1,Bleu,Monospace,France,75000,57050.0
Mercedes,GLC,2012,92725,2013-02-16,Diesel,Manuelle,200,Euro 4,Bleu,Crossover,Espagne,85000,47850.0
Ford,Focus,2018,196995,2020-09-13,Electrique,Automatique,90,Euro 1,Bleu,SUV,Italie,26000,21357.0
Renault,Talisman,2015,112773,2018-03-25,Essence,Automatique,150,Euro 5,Bleu,Berline,Italie,40000,26350.0
Renault,Captur,2020,15495,2021-11-09,Diesel,Manuelle,200,Euro 6,Blanc,Monospace,Allemagne,28000,26100.0
Audi,A3,2009,167297,2012-09-24,Gaz,Manuelle,130,Euro 3,Rouge,Crossover,Allemagne,34000,14352.0
BMW,X5,2007,66213,2010-05-16,Diesel,Manuelle,200,Euro 3,Blanc,Crossover,Allemagne,80000,35260.0
BMW,Serie 3,2011,80477,2014-07-04,Hybride,Automatique,150,Euro 1,Blanc,Crossover,Japon,45000,27295.0
Renault,Captur,2008,189062,2009-07-05,Gaz,Automatique,90,Euro 3,Gris,Crossover,USA,28000,11016.0
Peugeot,5008,2009,110263,2009-07-09,Gaz,Automatique,200,Euro 3,Blanc,Break,Allemagne,42000,20900.0
BMW,Serie 3,2020,137754,2021-09-24,Electrique,Manuelle,110,Euro 1,Rouge,SUV,USA,45000,38325.0
Dacia,Spring,2007,216714,2009-02-04,Diesel,Manuelle,200,Euro 3,Blanc,Crossover,Allemagne,22000,6720.0
Mercedes,GLC,2018,215803,2021-06-27,Hybride,Automatique,90,Euro 1,Noir,Break,France,85000,55449.0
Peugeot,5008,2010,46247,2012-09-23,Essence,Automatique,150,Euro 4,Blanc,SUV,Allemagne,42000,24030.0
Mercedes,Classe C,2021,247837,2021-11-04,Diesel,Automatique,150,Euro 6,Gris,SUV,Japon,55000,39195.0
Volkswagen,Arteon,2017,202411,2018-01-26,Hybride,Automatique,130,Euro 1,Noir,Monospace,Espagne,48000,32037.0
Kia,Sportage,2009,224207,2012-09-28,Gaz,Manuelle,90,Euro 3,Blanc,SUV,Espagne,34000,12012.0
Dacia,Duster,2005,162432,2006-02-21,Essence,Manuelle,130,Euro 3,Bleu,Crossover,Italie,19900,5454.0
Tesla,Model 3,2022,188697,2025-03-11,Gaz,Manuelle,130,Euro 6,Noir,Monospace,Espagne,45000,36328.0
Toyota,Hilux,2014,239247,2016-07-20,Diesel,Automatique,130,Euro 4,Blanc,Break,Allemagne,45000,22701.0
Mercedes,Classe E,2018,236458,2019-04-06,Diesel,Manuelle,150,Euro 5,Blanc,Monospace,USA,75000,45135.0
Tesla,Model S,2024,61860,2024-08-23,Electrique,Manuelle,130,Euro 1,Rouge,SUV,Allemagne,95000,95222.0
Citroen,C4,2020,141005,2022-07-02,Electrique,Manuelle,150,Euro 1,Rouge,Monospace,Espagne,24000,22570.0
BMW,Serie 1,2005,70588,2008-11-02,Diesel,Automatique,200,Euro 3,Gris,Monospace,Espagne,35000,14040.0
Volkswagen,Tiguan,2024,126998,2024-06-06,Essence,Manuelle,90,Euro 6,Bleu,Monospace,Italie,40000,35112.0
Mercedes,Classe A,2012,224987,2013-03-31,Essence,Automatique,150,Euro 4,Bleu,Crossover,USA,38000,17010.0
BMW,Serie 5,2020,57163,2022-04-10,Essence,Automatique,110,Euro 6,Blanc,Berline,France,65000,55693.0
Dacia,Duster,2011,129585,2012-07-16,Hybride,Manuelle,150,Euro 1,Noir,Monospace,Espagne,19900,11956.0
Renault,Clio,2007,69727,2009-11-20,Essence,Manuelle,110,Euro 3,Blanc,SUV,France,17000,7353.0
Citroen,C3,2011,218680,2013-01-14,Essence,Manuelle,150,Euro 4,Bleu,Crossover,Allemagne,16000,6600.0
Audi,Q5,2023,30530,2026-01-15,Gaz,Manuelle,110,Euro 6,Gris,Break,Espagne,65000,63544.0
BMW,Serie 3,2019,10427,2019-09-18,Gaz,Automatique,130,Euro 5,Gris,Monospace,Italie,45000,41832.0
Peugeot,3008,2011,140927,2014-02-01,Diesel,Manuelle,110,Euro 4,Blanc,Break,Allemagne,35000,16967.0
Hyundai,i30,2014,42772,2016-02-12,Essence,Manuelle,90,Euro 4,Blanc,Berline,Espagne,22000,14454.0
BMW,Serie 5,2007,164426,2007-12-09,Essence,Automatique,90,Euro 3,Noir,Berline,Italie,65000,22077.0
Citroen,C5 Aircross,2014,89384,2016-04-19,Gaz,Automatique,150,Euro 4,Gris,Crossover,Italie,35000,24800.0
Renault,Clio,2008,244701,2010-09-21,Diesel,Manuelle,130,Euro 3,Noir,Monospace,Espagne,17000,5124.0
Dacia,Spring,2021,211921,2022-01-11,Electrique,Automatique,110,Euro 1,Blanc,Break,Allemagne,22000,21070.0
Hyundai,Tucson,2023,222156,2026-12-07,Hybride,Automatique,90,Euro 1,Gris,SUV,Espagne,35000,30675.0
Renault,Clio,2011,235892,2013-12-30,Diesel,Manuelle,90,Euro 4,Gris,Break,France,17000,6802.0
Renault,Megane,2008,93269,2011-09-09,Diesel,Automatique,90,Euro 3,Gris,SUV,Italie,25000,11997.0
Tesla,Model S,2013,62506,2014-01-08,Diesel,Manuelle,130,Euro 4,Bleu,Monospace,Italie,95000,58743.0
Toyota,RAV4,2016,31620,2018-12-31,Diesel,Automatique,150,Euro 5,Noir,Break,USA,37000,29565.0
Dacia,Sandero,2022,45849,2022-10-09,Essence,Manuelle,110,Euro 6,Rouge,Berline,Japon,15900,14400.0
Mercedes,GLC,2021,201958,2023-01-01,Hybride,Manuelle,130,Euro 1,Noir,SUV,Japon,85000,63403.0
Volkswagen,Arteon,2011,126165,2011-12-04,Diesel,Automatique,90,Euro 4,Noir,Break,Allemagne,48000,24941.0
Tesla,Model S,2020,195109,2023-06-13,Essence,Manuelle,150,Euro 6,Blanc,Break,USA,95000,65895.0
Volkswagen,Arteon,2015,127040,2015-02-18,Diesel,Automatique,90,Euro 5,Bleu,Monospace,Espagne,48000,31049.0
Volkswagen,Tiguan,2021,214080,2024-07-08,Hybride,Manuelle,200,Euro 1,Blanc,Monospace,Espagne,40000,31500.0
Toyota,Yaris,2013,24191,2016-03-02,Essence,Automatique,200,Euro 4,Noir,Crossover,USA,19000,14300.0
Toyota,RAV4,2006,72262,2007-08-18,Diesel,Automatique,90,Euro 3,Rouge,Crossover,Japon,37000,15561.0
BMW,Serie 3,2024,233621,2024-11-14,Essence,Automatique,150,Euro 6,Gris,Break,Italie,45000,36575.0
Kia,Ceed,2017,180792,2017-05-08,Diesel,Automatique,130,Euro 5,Noir,Berline,Allemagne,23000,16043.0
Toyota,Yaris,2017,160270,2019-08-01,Essence,Manuelle,90,Euro 5,Rouge,SUV,France,19000,11907.0
Hyundai,i30,2012,159257,2015-09-23,Essence,Manuelle,90,Euro 4,Gris,SUV,Allemagne,22000,10731.0
Toyota,RAV4,2009,73484,2009-01-17,Gaz,Manuelle,150,Euro 3,Bleu,Berline,France,37000,19200.0
Mercedes,Classe E,2024,45624,2026-11-17,Electrique,Automatique,90,Euro 1,Bleu,Monospace,France,75000,79584.0
Toyota,Hilux,2011,50387,2012-11-18,Diesel,Manuelle,150,Euro 4,Bleu,Crossover,Allemagne,45000,26040.0
Hyundai,Tucson,2014,177180,2014-01-01,Hybride,Automatique,200,Euro 1,Rouge,Berline,Japon,35000,22260.0
Mercedes,Classe A,2019,169317,2022-04-13,Electrique,Manuelle,200,Euro 1,Rouge,Berline,Italie,38000,31050.0
Mercedes,Classe C,2007,98932,2007-11-15,Gaz,Manuelle,90,Euro 3,Bleu,Berline,Italie,55000,22960.0
Tesla,Model 3,2016,85525,2019-05-17,Diesel,Manuelle,200,Euro 5,Noir,SUV,Italie,45000,31960.0
Hyundai,i20,2009,99960,2010-10-10,Diesel,Automatique,110,Euro 3,Bleu,Break,Allemagne,19500,10396.0
Kia,Ceed,2007,216648,2007-11-25,Essence,Manuelle,90,Euro 3,Bleu,Break,Italie,23000,6412.0
Peugeot,5008,2018,37953,2021-10-27,Hybride,Automatique,110,Euro 1,Blanc,Crossover,Allemagne,42000,37999.0
BMW,Serie 1,2023,201471,2026-06-14,Hybride,Manuelle,110,Euro 1,Bleu,Berline,Allemagne,35000,30107.0
Tesla,Model X,2016,182638,2016-08-31,Essence,Manuelle,90,Euro 5,Noir,Monospace,Espagne,120000,69542.0
Ford,Focus,2015,151971,2017-05-15,Essence,Automatique,130,Euro 5,Gris,Monospace,USA,26000,16414.0
Renault,Megane,2007,234968,2009-10-28,Essence,Manuelle,110,Euro 3,Gris,Monospace,Japon,25000,6526.0
Mercedes,GLC,2023,97632,2026-01-20,Essence,Manuelle,90,Euro 6,Gris,SUV,USA,85000,74712.0
Audi,A3,2013,26415,2014-11-23,Hybride,Automatique,90,Euro 1,Gris,Crossover,France,34000,25935.0
Mercedes,Classe E,2020,125776,2021-08-08,Hybride,Manuelle,90,Euro 1,Blanc,Break,USA,75000,59964.0
Toyota,Yaris,2013,34563,2016-03-01,Essence,Automatique,90,Euro 4,Blanc,Break,USA,19000,13376.0
Dacia,Spring,2016,150693,2017-02-01,Essence,Manuelle,110,Euro 5,Noir,SUV,Japon,22000,13481.0
Ford,Kuga,2015,42374,2015-02-06,Diesel,Automatique,110,Euro 5,Gris,Break,Japon,34000,25599.0
Dacia,Sandero,2010,77685,2013-07-04,Gaz,Manuelle,200,Euro 4,Rouge,Crossover,USA,15900,9894.0
Toyota,Corolla,2011,119815,2012-11-09,Essence,Automatique,90,Euro 4,Gris,Berline,France,28000,14950.0
Dacia,Spring,2020,243977,2020-02-12,Electrique,Automatique,90,Euro 1,Bleu,Berline,France,22000,19136.0
Peugeot,208,2021,36533,2024-02-06,Essence,Automatique,110,Euro 6,Bleu,Crossover,Allemagne,18000,17688.0
Hyundai,Tucson,2023,214561,2024-10-31,Essence,Automatique,90,Euro 6,Blanc,Monospace,Allemagne,35000,28044.0
Ford,Focus,2018,83916,2019-08-11,Electrique,Automatique,90,Euro 1,Blanc,Break,Allemagne,26000,25086.0
Renault,Talisman,2017,182833,2019-12-26,Hybride,Automatique,90,Euro 1,Noir,Berline,Italie,40000,27999.0
Audi,A4,2012,241129,2012-01-07,Hybride,Automatique,200,Euro 1,Noir,Crossover,Italie,48000,22000.0
Volkswagen,Arteon,2019,115379,2021-02-18,Hybride,Manuelle,90,Euro 1,Gris,SUV,Espagne,48000,38406.0
Tesla,Model 3,2019,49227,2022-05-20,Hybride,Manuelle,110,Euro 1,Gris,SUV,Japon,45000,39771.0
Dacia,Duster,2022,204359,2022-02-05,Diesel,Automatique,90,Euro 6,Rouge,Crossover,USA,19900,16872.0
Renault,Talisman,2021,86308,2024-06-20,Diesel,Manuelle,200,Euro 6,Rouge,Break,USA,40000,34860.0
Renault,Clio,2005,195785,2005-11-14,Gaz,Automatique,200,Euro 3,Bleu,Monospace,USA,17000,5400.0
Toyota,RAV4,2011,129378,2012-04-19,Essence,Manuelle,200,Euro 4,Rouge,Monospace,Japon,37000,18620.0
Dacia,Sandero,2016,189532,2016-06-07,Essence,Manuelle,110,Euro 5,Noir,SUV,Allemagne,15900,9280.0
Dacia,Sandero,2011,90069,2013-08-06,Essence,Manuelle,130,Euro 4,Gris,Crossover,Japon,15900,8424.0
Mercedes,Classe A,2008,104010,2011-11-24,Gaz,Automatique,90,Euro 3,Rouge,Break,Japon,38000,17808.0
Hyundai,Tucson,2005,66837,2006-12-24,Gaz,Automatique,110,Euro 3,Noir,Break,Italie,35000,14652.0
Toyota,RAV4,2009,150220,2012-01-04,Essence,Manuelle,110,Euro 3,Bleu,Crossover,Italie,37000,14840.0
Peugeot,208,2008,23713,2008-01-13,Gaz,Automatique,110,Euro 3,Blanc,SUV,Allemagne,18000,11300.0
Volkswagen,Passat,2009,224317,2010-10-23,Gaz,Manuelle,90,Euro 3,Bleu,Break,France,36000,12672.0
Renault,Megane,2017,28315,2020-10-07,Essence,Automatique,150,Euro 5,Noir,Crossover,Allemagne,25000,21175.0
Ford,Kuga,2021,232092,2021-09-08,Essence,Manuelle,150,Euro 6,Blanc,SUV,Espagne,34000,23460.0
Kia,Rio,2020,77930,2021-04-11,Gaz,Manuelle,130,Euro 6,Blanc,SUV,USA,18900,17577.0
Citroen,C4,2014,229990,2017-12-06,Hybride,Automatique,150,Euro 1,Noir,Break,Espagne,24000,14640.0
Tesla,Model 3,2022,220193,2024-10-18,Essence,Automatique,200,Euro 6,Noir,Berline,Japon,45000,34560.0
Volkswagen,Tiguan,2014,64113,2015-11-30,Diesel,Automatique,150,Euro 4,Bleu,Break,France,40000,27840.0
BMW,X5,2017,92614,2019-11-15,Hybride,Manuelle,200,Euro 1,Noir,Crossover,Allemagne,80000,59500.0
Hyundai,i20,2008,13688,2010-07-17,Gaz,Manuelle,150,Euro 3,Blanc,Crossover,USA,19500,11475.0
Renault,Megane,2021,172419,2022-11-17,Hybride,Manuelle,200,Euro 1,Noir,Berline,USA,25000,22200.0
Volkswagen,Tiguan,2022,95384,2024-03-16,Hybride,Manuelle,90,Euro 1,Rouge,Berline,France,40000,37315.0
Mercedes,Classe E,2009,231702,2010-11-12,Diesel,Manuelle,90,Euro 3,Noir,Crossover,Japon,75000,24288.0
Renault,Captur,2022,208371,2022-09-04,Gaz,Manuelle,110,Euro 6,Blanc,Crossover,France,28000,22644.0
BMW,Serie 5,2016,78551,2018-01-17,Diesel,Automatique,130,Euro 5,Rouge,Break,Japon,65000,47127.0
Volkswagen,Tiguan,2019,60722,2022-02-13,Gaz,Automatique,130,Euro 5,Rouge,Berline,USA,40000,35392.0
Ford,Focus,2017,167692,2017-08-23,Hybride,Manuelle,200,Euro 1,Blanc,Monospace,Espagne,26000,19530.0
Hyundai,i30,2015,65996,2018-12-01,Gaz,Manuelle,130,Euro 5,Noir,SUV,Japon,22000,16616.0
Hyundai,i20,2013,33252,2014-04-07,Hybride,Manuelle,130,Euro 1,Gris,SUV,Allemagne,19500,15232.0
Mercedes,Classe A,2006,20450,2008-05-04,Essence,Manuelle,150,Euro 3,Rouge,Break,Italie,38000,16940.0
Ford,Fiesta,2013,22478,2013-11-16,Essence,Manuelle,200,Euro 4,Blanc,Crossover,Allemagne,18000,12350.0
Citroen,C3,2023,178238,2025-11-09,Diesel,Automatique,110,Euro 6,Blanc,Crossover,Espagne,16000,15280.0
Audi,A3,2022,189240,2025-09-28,Essence,Automatique,90,Euro 6,Noir,Monospace,Allemagne,34000,27284.0
Tesla,Model X,2017,238553,2019-09-29,Hybride,Manuelle,150,Euro 1,Bleu,SUV,USA,120000,69720.0
Mercedes,GLC,2011,42585,2011-09-14,Hybride,Automatique,90,Euro 1,Gris,Break,Japon,85000,51813.0
Hyundai,i30,2009,16695,2010-08-20,Diesel,Automatique,150,Euro 3,Bleu,Berline,USA,22000,13770.0
BMW,Serie 5,2013,240613,2014-04-01,Essence,Automatique,90,Euro 4,Noir,SUV,France,65000,28767.0
Toyota,Yaris,2021,211512,2022-11-19,Electrique,Automatique,150,Euro 1,Gris,Berline,Japon,19000,19250.0
Tesla,Model S,2010,70239,2011-11-01,Essence,Automatique,200,Euro 4,Rouge,Break,Japon,95000,49980.0
Kia,Rio,2015,88899,2015-05-14,Diesel,Manuelle,200,Euro 5,Noir,SUV,Japon,18900,13585.0
Ford,Fiesta,2022,82706,2025-06-04,Hybride,Automatique,110,Euro 1,Noir,Break,Japon,18000,20726.0
Renault,Captur,2015,49531,2015-12-26,Hybride,Manuelle,130,Euro 1,Noir,Berline,Italie,28000,22287.0
Ford,Fiesta,2016,23176,2019-11-22,Diesel,Automatique,90,Euro 5,Blanc,Crossover,Japon,18000,15466.0
Dacia,Spring,2019,113024,2022-03-08,Electrique,Manuelle,130,Euro 1,Bleu,Berline,France,22000,20942.0
Tesla,Model 3,2007,151110,2008-01-15,Gaz,Manuelle,90,Euro 3,Bleu,Break,Espagne,45000,16116.0
Tesla,Model X,2010,193188,2013-07-11,Essence,Automatique,110,Euro 4,Blanc,Monospace,France,120000,47619.0
Dacia,Duster,2010,153773,2010-02-08,Gaz,Manuelle,110,Euro 4,Noir,Berline,Italie,19900,9675.0
Mercedes,Classe C,2006,43544,2006-09-01,Diesel,Automatique,150,Euro 3,Rouge,Monospace,Espagne,55000,24570.0
Tesla,Model X,2010,103949,2011-01-29,Hybride,Manuelle,200,Euro 1,Rouge,Crossover,Espagne,120000,60000.0
Ford,Kuga,2008,113253,2011-09-11,Essence,Automatique,150,Euro 3,Blanc,Monospace,Espagne,34000,14965.0
Toyota,Yaris,2011,95643,2013-01-17,Diesel,Manuelle,90,Euro 4,Noir,Crossover,France,19000,10348.0
Mercedes,GLC,2005,39403,2005-05-27,Essence,Manuelle,110,Euro 3,Bleu,Monospace,Italie,85000,34040.0
Hyundai,i20,2023,45775,2023-11-20,Hybride,Automatique,90,Euro 1,Gris,SUV,Japon,19500,23622.0
Toyota,Hilux,2010,194843,2012-10-25,Gaz,Manuelle,90,Euro 4,Bleu,Break,France,45000,18486.0
BMW,Serie 1,2006,184543,2009-04-05,Essence,Manuelle,90,Euro 3,Gris,Monospace,USA,35000,9772.0
Tesla,Model 3,2005,68824,2005-07-05,Essence,Automatique,150,Euro 3,Blanc,Monospace,USA,45000,17575.0
Volkswagen,Golf,2007,76747,2010-10-14,Diesel,Automatique,150,Euro 3,Noir,Crossover,Japon,25000,11970.0
Toyota,Yaris,2020,242708,2023-03-10,Hybride,Manuelle,110,Euro 1,Bleu,Break,USA,19000,14784.0
Peugeot,208,2011,133647,2011-06-02,Gaz,Manuelle,130,Euro 4,Noir,Break,USA,18000,9984.0
Peugeot,3008,2021,60406,2024-03-05,Electrique,Manuelle,200,Euro 1,Noir,Break,USA,35000,35700.0
BMW,X5,2018,203875,2021-08-24,Electrique,Manuelle,200,Euro 1,Noir,Monospace,Italie,80000,53940.0
BMW,X5,2014,192913,2016-01-19,Diesel,Manuelle,200,Euro 4,Gris,Break,Italie,80000,41820.0
Citroen,C5 Aircross,2016,211473,2018-01-14,Hybride,Manuelle,200,Euro 1,Bleu,Berline,USA,35000,22000.0
Hyundai,i30,2017,104352,2019-03-15,Gaz,Automatique,110,Euro 5,Gris,SUV,Japon,22000,18354.0
Ford,Kuga,2019,179274,2020-11-30,Gaz,Automatique,110,Euro 5,Bleu,Monospace,USA,34000,26248.0
Toyota,Yaris,2012,87292,2014-08-08,Essence,Automatique,150,Euro 4,Gris,Crossover,Japon,19000,12040.0
Peugeot,308,2023,32838,2025-11-25,Gaz,Manuelle,200,Euro 6,Gris,Berline,USA,30000,31490.0
Volkswagen,Arteon,2007,236030,2009-03-30,Essence,Automatique,90,Euro 3,Noir,Monospace,Espagne,48000,12974.0
Peugeot,5008,2022,230692,2022-03-24,Hybride,Automatique,130,Euro 1,Blanc,Break,Allemagne,42000,34293.0
Audi,A4,2015,183168,2015-11-14,Hybride,Manuelle,110,Euro 1,Gris,Monospace,Allemagne,48000,28655.0
Audi,A6,2023,152791,2024-11-03,Hybride,Automatique,150,Euro 1,Noir,Berline,Allemagne,72000,64370.0
Volkswagen,Passat,2010,174481,2013-05-27,Gaz,Automatique,200,Euro 4,Blanc,Berline,Japon,36000,17015.0
Audi,A6,2007,107216,2010-12-08,Essence,Manuelle,150,Euro 3,Rouge,Crossover,USA,72000,28275.0
Toyota,Hilux,2022,202097,2023-12-15,Essence,Automatique,130,Euro 6,Noir,SUV,Italie,45000,35002.0
Renault,Talisman,2018,13343,2018-09-01,Diesel,Automatique,200,Euro 5,Noir,Crossover,Allemagne,40000,35640.0
Dacia,Spring,2024,225913,2027-11-13,Essence,Automatique,110,Euro 6,Gris,SUV,Allemagne,22000,18798.0
Volkswagen,Arteon,2017,138619,2018-06-18,Gaz,Manuelle,90,Euro 5,Noir,SUV,Allemagne,48000,33264.0
BMW,Serie 1,2020,206351,2020-02-29,Gaz,Manuelle,110,Euro 6,Blanc,Monospace,Japon,35000,25568.0
Hyundai,i30,2019,226023,2020-05-28,Diesel,Manuelle,90,Euro 5,Gris,Break,France,22000,14427.0
Peugeot,5008,2014,140479,2016-04-07,Hybride,Manuelle,130,Euro 1,Rouge,Break,Japon,42000,25928.0
Audi,A6,2008,167174,2009-11-19,Essence,Automatique,130,Euro 3,Rouge,Berline,France,72000,26748.0
Hyundai,i20,2013,216499,2014-05-23,Gaz,Manuelle,110,Euro 4,Rouge,Monospace,Espagne,19500,10166.0
Citroen,C4,2012,130358,2014-02-11,Hybride,Manuelle,130,Euro 1,Noir,Berline,Allemagne,24000,14433.0
Peugeot,208,2021,171131,2024-02-23,Essence,Manuelle,150,Euro 6,Blanc,Break,France,18000,13690.0
Audi,A4,2018,176307,2019-07-07,Electrique,Automatique,90,Euro 1,Blanc,Monospace,USA,48000,36335.0
Mercedes,Classe E,2024,151914,2024-05-03,Hybride,Automatique,110,Euro 1,Blanc,Berline,Espagne,75000,68935.0
Dacia,Sandero,2021,37676,2022-09-26,Diesel,Automatique,150,Euro 6,Rouge,Crossover,Espagne,15900,17072.0
Kia,Ceed,2008,223131,2011-09-10,Diesel,Automatique,130,Euro 3,Blanc,Monospace,Allemagne,23000,7890.0
Hyundai,Tucson,2016,31134,2018-03-02,Hybride,Automatique,130,Euro 1,Gris,Break,Espagne,35000,30149.0
Toyota,RAV4,2022,33709,2024-07-17,Hybride,Automatique,130,Euro 1,Gris,Break,Italie,37000,39403.0
Toyota,RAV4,2009,212994,2012-04-22,Gaz,Manuelle,150,Euro 3,Rouge,Break,USA,37000,13600.0
Hyundai,Tucson,2014,236435,2015-07-11,Essence,Manuelle,200,Euro 4,Blanc,Break,Japon,35000,16920.0
Renault,Clio,2018,28077,2019-09-21,Gaz,Automatique,90,Euro 5,Bleu,Crossover,Japon,17000,17120.0
Citroen,C5 Aircross,2020,239091,2022-04-14,Electrique,Manuelle,150,Euro 1,Rouge,Break,USA,35000,26975.0
Ford,Fiesta,2006,145652,2008-03-18,Gaz,Automatique,90,Euro 3,Bleu,Monospace,USA,18000,7168.0
Renault,Captur,2007,165773,2007-09-20,Essence,Manuelle,110,Euro 3,Noir,Break,USA,28000,9273.0
Audi,A4,2015,143269,2015-04-18,Diesel,Automatique,200,Euro 5,Noir,SUV,Japon,48000,30680.0
Hyundai,i30,2009,146637,2009-07-22,Essence,Manuelle,90,Euro 3,Rouge,Berline,France,22000,8979.0
Tesla,Model S,2014,214772,2016-10-19,Essence,Manuelle,110,Euro 4,Bleu,Break,Espagne,95000,46599.0
Mercedes,GLC,2021,247437,2022-05-26,Hybride,Automatique,90,Euro 1,Bleu,Monospace,Japon,85000,60903.0
Dacia,Spring,2010,197146,2011-01-17,Gaz,Automatique,150,Euro 4,Bleu,Berline,Allemagne,22000,10530.0
Volkswagen,Passat,2011,249371,2014-03-21,Diesel,Automatique,90,Euro 4,Gris,SUV,Italie,36000,14393.0
BMW,X5,2014,34564,2015-04-13,Gaz,Manuelle,150,Euro 4,Noir,Monospace,Italie,80000,55610.0
Kia,Rio,2022,93223,2025-10-23,Hybride,Manuelle,90,Euro 1,Blanc,Monospace,France,18900,19380.0
Ford,Fiesta,2018,196094,2020-11-15,Hybride,Manuelle,110,Euro 1,Blanc,Break,USA,18000,13923.0
Tesla,Model S,2011,24445,2014-06-19,Gaz,Manuelle,130,Euro 4,Blanc,Monospace,France,95000,57702.0
Renault,Talisman,2015,220419,2018-01-27,Gaz,Manuelle,130,Euro 5,Noir,Break,USA,40000,21828.0
Toyota,Yaris,2015,221527,2016-06-06,Gaz,Automatique,90,Euro 5,Gris,Monospace,Japon,19000,11934.0
Dacia,Duster,2016,159538,2018-09-02,Essence,Manuelle,110,Euro 5,Gris,Break,Allemagne,19900,12200.0
Hyundai,Tucson,2011,93928,2014-08-19,Hybride,Manuelle,150,Euro 1,Bleu,Crossover,USA,35000,20540.0
Kia,Ceed,2012,205580,2014-07-04,Diesel,Automatique,130,Euro 4,Blanc,Break,Japon,23000,11572.0
Tesla,Model 3,2007,63947,2010-01-18,Diesel,Automatique,200,Euro 3,Blanc,SUV,USA,45000,21070.0
Hyundai,i20,2019,134584,2019-03-21,Electrique,Manuelle,90,Euro 1,Noir,SUV,Italie,19500,18288.0
Toyota,Hilux,2011,91660,2014-03-02,Hybride,Manuelle,150,Euro 1,Blanc,Crossover,Espagne,45000,25740.0
Mercedes,Classe C,2019,24990,2020-02-29,Essence,Automatique,150,Euro 5,Noir,Crossover,Italie,55000,47725.0
Renault,Megane,2014,191708,2017-11-26,Essence,Automatique,90,Euro 4,Noir,SUV,Japon,25000,13719.0
Citroen,C3,2016,157443,2016-02-25,Gaz,Automatique,90,Euro 5,Noir,Break,Espagne,16000,12444.0
Renault,Clio,2015,210894,2017-12-26,Gaz,Manuelle,150,Euro 5,Blanc,Monospace,Espagne,17000,10400.0
Renault,Captur,2007,172361,2007-11-07,Essence,Manuelle,110,Euro 3,Rouge,SUV,Espagne,28000,8992.0
Hyundai,i30,2020,113987,2021-09-26,Electrique,Automatique,130,Euro 1,Noir,Monospace,France,22000,23331.0
Audi,A6,2017,76942,2017-04-14,Essence,Manuelle,150,Euro 5,Gris,Monospace,Allemagne,72000,52200.0
Toyota,Hilux,2024,149256,2024-01-02,Essence,Manuelle,90,Euro 6,Noir,Monospace,USA,45000,38614.0
Mercedes,Classe E,2009,155738,2009-06-08,Essence,Automatique,200,Euro 3,Noir,Crossover,USA,75000,31200.0
Toyota,Corolla,2018,146164,2021-11-30,Electrique,Manuelle,200,Euro 1,Rouge,SUV,Allemagne,28000,23800.0
Citroen,C4,2009,203298,2011-09-13,Essence,Automatique,90,Euro 3,Rouge,Crossover,Japon,24000,9065.0
Volkswagen,Tiguan,2014,109372,2014-12-12,Essence,Manuelle,200,Euro 4,Rouge,Crossover,Italie,40000,24600.0
BMW,Serie 3,2010,75539,2012-01-05,Gaz,Manuelle,130,Euro 4,Rouge,Monospace,USA,45000,24378.0
Kia,Rio,2024,78744,2026-10-17,Hybride,Manuelle,130,Euro 1,Bleu,Crossover,Italie,18900,21576.0
Toyota,Yaris,2021,140225,2023-09-14,Essence,Manuelle,150,Euro 6,Bleu,Break,France,19000,15015.0
Ford,Kuga,2014,154822,2015-11-09,Hybride,Automatique,130,Euro 1,Gris,Monospace,Allemagne,34000,22165.0
Renault,Talisman,2020,30672,2021-05-11,Electrique,Manuelle,130,Euro 1,Gris,SUV,USA,40000,39355.0
Dacia,Sandero,2011,193871,2013-06-17,Gaz,Automatique,110,Euro 4,Noir,Break,France,15900,8610.0
Kia,Sportage,2009,20934,2010-10-21,Gaz,Automatique,130,Euro 3,Rouge,SUV,USA,34000,20564.0
Kia,Sportage,2013,96864,2014-01-24,Essence,Manuelle,200,Euro 4,Noir,Berline,Italie,34000,20300.0
Tesla,Model X,2012,103576,2015-11-23,Hybride,Automatique,200,Euro 1,Bleu,Berline,USA,120000,68580.0
Ford,Focus,2015,206700,2015-04-08,Diesel,Automatique,90,Euro 5,Noir,Crossover,Espagne,26000,15317.0
Toyota,Yaris,2011,155719,2014-03-31,Diesel,Manuelle,90,Euro 4,Bleu,Berline,Allemagne,19000,9154.0
BMW,Serie 1,2013,147090,2016-11-14,Gaz,Automatique,110,Euro 4,Noir,Monospace,Espagne,35000,20988.0
Mercedes,Classe E,2014,183963,2014-09-15,Essence,Automatique,110,Euro 4,Rouge,Berline,France,75000,40092.0
Audi,Q5,2005,215031,2005-09-27,Essence,Automatique,150,Euro 3,Rouge,Break,Espagne,65000,14850.0
Audi,A3,2017,234233,2018-09-10,Essence,Automatique,110,Euro 5,Noir,Monospace,France,34000,20216.0
Mercedes,GLC,2014,242433,2014-04-06,Gaz,Manuelle,90,Euro 4,Gris,Break,Japon,85000,40204.0
Mercedes,GLC,2015,84910,2015-06-17,Hybride,Manuelle,130,Euro 1,Bleu,Monospace,Japon,85000,58045.0
Ford,Kuga,2008,133723,2011-08-14,Diesel,Automatique,130,Euro 3,Noir,Berline,Japon,34000,14547.0
Toyota,Corolla,2021,246743,2023-02-17,Electrique,Automatique,150,Euro 1,Bleu,Crossover,Espagne,28000,24455.0
Toyota,Yaris,2012,148328,2014-07-25,Diesel,Manuelle,130,Euro 4,Blanc,Monospace,Allemagne,19000,10150.0
Toyota,Yaris,2011,73943,2014-05-17,Hybride,Manuelle,200,Euro 1,Gris,Monospace,France,19000,12960.0
Toyota,Corolla,2010,23405,2012-09-08,Diesel,Manuelle,110,Euro 4,Noir,Break,Espagne,28000,16296.0
Hyundai,i20,2020,61398,2022-07-03,Electrique,Automatique,130,Euro 1,Noir,SUV,Italie,19500,22796.0
Dacia,Duster,2007,53172,2008-11-15,Essence,Automatique,200,Euro 3,Bleu,Break,Italie,19900,10076.0
Hyundai,i30,2023,151505,2026-04-03,Gaz,Automatique,150,Euro 6,Bleu,Monospace,USA,22000,22140.0
Dacia,Sandero,2006,126468,2006-07-12,Essence,Automatique,90,Euro 3,Rouge,Monospace,Allemagne,15900,6052.0
Audi,A4,2009,202137,2010-10-15,Diesel,Manuelle,130,Euro 3,Noir,SUV,Italie,48000,17255.0
Citroen,C5 Aircross,2006,244901,2006-02-11,Essence,Automatique,200,Euro 3,Rouge,Crossover,France,35000,8360.0
Hyundai,i20,2009,14626,2011-09-08,Gaz,Automatique,90,Euro 3,Bleu,SUV,Italie,19500,12906.0
Mercedes,Classe E,2009,62789,2012-04-18,Gaz,Manuelle,130,Euro 3,Blanc,SUV,USA,75000,38122.0
Peugeot,3008,2023,176829,2025-08-16,Diesel,Automatique,150,Euro 6,Gris,Crossover,USA,35000,30800.0
Peugeot,308,2012,57813,2013-01-24,Gaz,Manuelle,150,Euro 4,Rouge,Berline,Allemagne,30000,19470.0
Dacia,Sandero,2008,74285,2011-12-24,Essence,Manuelle,130,Euro 3,Rouge,Monospace,Espagne,15900,7290.0
BMW,Serie 5,2022,241122,2023-05-24,Essence,Automatique,150,Euro 6,Blanc,Monospace,Italie,65000,47250.0
Mercedes,Classe C,2013,183779,2015-06-20,Gaz,Automatique,150,Euro 4,Gris,Berline,Espagne,55000,29400.0
Tesla,Model 3,2020,78965,2022-11-24,Diesel,Manuelle,110,Euro 6,Noir,Berline,USA,45000,37341.0
Peugeot,5008,2006,43189,2007-02-23,Essence,Manuelle,150,Euro 3,Gris,Break,Japon,42000,17850.0
Renault,Megane,2024,134777,2024-10-07,Gaz,Automatique,90,Euro 6,Bleu,SUV,USA,25000,25578.0
BMW,Serie 5,2011,188946,2014-05-31,Gaz,Automatique,110,Euro 4,Rouge,Monospace,Allemagne,65000,29928.0
Dacia,Duster,2006,107074,2008-09-26,Essence,Automatique,130,Euro 3,Gris,Berline,France,19900,7992.0
Peugeot,3008,2008,131820,2010-11-11,Gaz,Manuelle,200,Euro 3,Blanc,Crossover,Allemagne,35000,15015.0
Audi,Q5,2007,17915,2010-01-10,Essence,Automatique,90,Euro 3,Blanc,Berline,Japon,65000,32112.0
Dacia,Duster,2008,177699,2010-07-06,Diesel,Automatique,90,Euro 3,Bleu,Break,Italie,19900,7980.0
Volkswagen,Golf,2016,137118,2018-07-18,Hybride,Manuelle,90,Euro 1,Rouge,Berline,Allemagne,25000,18207.0
Citroen,C4,2022,10838,2024-02-20,Electrique,Automatique,130,Euro 1,Noir,SUV,USA,24000,30039.0
Ford,Kuga,2010,140662,2010-01-28,Essence,Manuelle,130,Euro 4,Bleu,Break,Espagne,34000,15092.0
Dacia,Duster,2012,41968,2015-10-11,Gaz,Automatique,90,Euro 4,Gris,SUV,USA,19900,14580.0
Ford,Focus,2010,118152,2012-06-21,Diesel,Automatique,150,Euro 4,Blanc,SUV,Allemagne,26000,13865.0
Renault,Clio,2021,38147,2023-03-13,Essence,Automatique,150,Euro 6,Bleu,Crossover,Japon,17000,17160.0
Volkswagen,Passat,2015,213205,2018-05-08,Hybride,Manuelle,110,Euro 1,Rouge,Berline,USA,36000,20852.0
Citroen,C3,2023,85542,2024-03-02,Electrique,Manuelle,200,Euro 1,Bleu,SUV,Allemagne,16000,20470.0
Mercedes,GLC,2024,43598,2025-02-15,Electrique,Manuelle,130,Euro 1,Rouge,Break,Italie,85000,87648.0
Tesla,Model S,2012,192887,2014-07-17,Gaz,Manuelle,150,Euro 4,Bleu,Berline,Japon,95000,44100.0
Hyundai,i20,2024,37982,2024-12-06,Diesel,Automatique,130,Euro 6,Rouge,Monospace,France,19500,22116.0
Dacia,Sandero,2024,220685,2027-07-09,Gaz,Automatique,130,Euro 6,Rouge,Monospace,France,15900,16146.0
Citroen,C4,2010,118816,2011-02-22,Hybride,Manuelle,130,Euro 1,Gris,Monospace,Allemagne,24000,13301.0
Ford,Fiesta,2023,83072,2025-04-07,Electrique,Manuelle,90,Euro 1,Rouge,Crossover,Espagne,18000,21271.0
Mercedes,Classe A,2018,177350,2021-10-17,Electrique,Manuelle,200,Euro 1,Rouge,Berline,USA,38000,29250.0
Ford,Kuga,2016,214871,2019-05-31,Essence,Automatique,150,Euro 5,Gris,Break,USA,34000,20075.0
Toyota,Hilux,2021,152116,2021-02-07,Electrique,Automatique,90,Euro 1,Rouge,Crossover,USA,45000,40204.0
Audi,Q5,2008,194575,2010-02-16,Diesel,Automatique,130,Euro 3,Noir,Monospace,Japon,65000,22539.0
Ford,Focus,2015,64513,2018-06-05,Hybride,Manuelle,200,Euro 1,Bleu,SUV,France,26000,20770.0
BMW,X5,2006,20849,2009-12-11,Diesel,Automatique,110,Euro 3,Noir,Berline,Espagne,80000,36564.0
Renault,Clio,2024,227987,2027-02-25,Diesel,Automatique,130,Euro 6,Gris,Crossover,France,17000,15834.0
Mercedes,Classe A,2008,212467,2009-12-29,Diesel,Manuelle,200,Euro 3,Noir,Berline,Espagne,38000,12400.0
Kia,Ceed,2014,222812,2014-02-25,Essence,Manuelle,150,Euro 4,Bleu,Monospace,Japon,23000,11280.0
Audi,Q5,2009,129341,2009-02-05,Essence,Automatique,150,Euro 3,Noir,Crossover,Allemagne,65000,29025.0
BMW,X5,2006,73289,2007-06-06,Diesel,Automatique,90,Euro 3,Gris,SUV,France,80000,32331.0
Peugeot,5008,2009,223601,2012-02-28,Gaz,Automatique,90,Euro 3,Noir,SUV,Espagne,42000,15312.0
Dacia,Duster,2021,248320,2023-10-03,Essence,Automatique,200,Euro 6,Noir,Break,France,19900,15343.0
Toyota,Yaris,2015,150722,2017-02-24,Gaz,Automatique,200,Euro 5,Noir,Crossover,France,19000,14210.0
Volkswagen,Passat,2023,153677,2026-02-09,Essence,Manuelle,110,Euro 6,Noir,Break,Italie,36000,29602.0
Ford,Fiesta,2005,163810,2005-12-01,Diesel,Manuelle,200,Euro 3,Noir,Crossover,USA,18000,5400.0
Dacia,Sandero,2024,237545,2026-11-21,Electrique,Automatique,200,Euro 1,Bleu,Crossover,USA,15900,19173.0
Peugeot,3008,2007,217797,2008-01-28,Essence,Automatique,90,Euro 3,Blanc,Monospace,Italie,35000,10332.0
Hyundai,i30,2015,92636,2017-07-10,Hybride,Manuelle,110,Euro 1,Noir,Break,Japon,22000,16704.0
Toyota,Yaris,2014,64247,2016-11-29,Diesel,Manuelle,90,Euro 4,Gris,Berline,France,19000,12736.0
Tesla,Model 3,2007,89111,2010-08-10,Diesel,Manuelle,110,Euro 3,Rouge,Break,Italie,45000,18901.0
Toyota,Yaris,2018,98709,2018-02-06,Gaz,Manuelle,150,Euro 5,Bleu,SUV,France,19000,16060.0
Tesla,Model S,2024,57048,2026-05-08,Hybride,Automatique,150,Euro 1,Blanc,Monospace,Japon,95000,96425.0
Volkswagen,Tiguan,2009,123356,2010-09-10,Diesel,Automatique,200,Euro 3,Noir,Monospace,Japon,40000,18920.0
Audi,Q5,2024,56976,2024-10-05,Gaz,Manuelle,150,Euro 6,Noir,Break,USA,65000,64600.0
Audi,Q5,2006,212553,2009-05-14,Gaz,Manuelle,90,Euro 3,Noir,Berline,Japon,65000,16850.0
Tesla,Model 3,2006,124032,2008-12-12,Diesel,Automatique,110,Euro 3,Rouge,Crossover,Japon,45000,16354.0
Citroen,C4,2024,214585,2026-12-28,Electrique,Manuelle,90,Euro 1,Gris,Berline,France,24000,23621.0
Hyundai,i30,2022,227551,2024-10-12,Gaz,Automatique,200,Euro 6,Rouge,SUV,Italie,22000,19800.0
Volkswagen,Golf,2022,81809,2024-11-20,Diesel,Manuelle,200,Euro 6,Noir,Break,Japon,25000,23220.0
Dacia,Duster,2011,92946,2012-07-18,Gaz,Manuelle,200,Euro 4,Bleu,SUV,Allemagne,19900,12168.0
Renault,Captur,2009,154171,2011-04-05,Diesel,Manuelle,150,Euro 3,Noir,SUV,Japon,28000,11800.0
Kia,Sportage,2020,73136,2023-09-26,Hybride,Automatique,90,Euro 1,Rouge,Monospace,Allemagne,34000,32319.0
Audi,A6,2016,130860,2019-01-16,Essence,Automatique,200,Euro 5,Blanc,Break,Italie,72000,47250.0
Peugeot,208,2018,63544,2018-07-05,Gaz,Manuelle,130,Euro 5,Rouge,SUV,USA,18000,15808.0
Citroen,C4,2006,28206,2008-12-02,Gaz,Automatique,110,Euro 3,Noir,Monospace,Allemagne,24000,12584.0
BMW,Serie 1,2011,153261,2013-06-21,Hybride,Automatique,150,Euro 1,Gris,Berline,Espagne,35000,19090.0
Citroen,C5 Aircross,2014,120021,2014-07-15,Essence,Automatique,90,Euro 4,Blanc,Berline,Allemagne,35000,21402.0
Dacia,Sandero,2013,160075,2015-10-07,Diesel,Automatique,90,Euro 4,Noir,Monospace,USA,15900,9588.0
Toyota,Corolla,2012,81189,2013-05-13,Essence,Manuelle,200,Euro 4,Gris,SUV,France,28000,16240.0
Audi,A4,2024,78457,2027-06-13,Essence,Automatique,150,Euro 6,Rouge,Crossover,Allemagne,48000,46965.0
Dacia,Sandero,2007,74820,2010-10-03,Diesel,Automatique,150,Euro 3,Blanc,Monospace,Espagne,15900,8148.0
Citroen,C5 Aircross,2022,50734,2025-05-10,Diesel,Automatique,200,Euro 6,Noir,Monospace,Italie,35000,34710.0
Peugeot,3008,2015,51423,2018-03-15,Essence,Automatique,150,Euro 5,Noir,Crossover,Italie,35000,25500.0
Mercedes,GLC,2019,111271,2021-06-16,Essence,Automatique,150,Euro 5,Blanc,Monospace,Allemagne,85000,64750.0
Tesla,Model X,2011,161041,2012-07-10,Hybride,Automatique,200,Euro 1,Gris,SUV,Japon,120000,57150.0
Volkswagen,Tiguan,2012,117151,2012-11-13,Essence,Automatique,200,Euro 4,Noir,Break,USA,40000,22790.0
Tesla,Model S,2019,98524,2020-01-23,Electrique,Automatique,130,Euro 1,Rouge,SUV,Italie,95000,78508.0
Mercedes,Classe E,2022,62455,2024-11-07,Diesel,Manuelle,130,Euro 6,Rouge,Break,Italie,75000,67144.0
Citroen,C4,2021,105166,2021-04-08,Diesel,Automatique,200,Euro 6,Bleu,Monospace,Japon,24000,22680.0
Mercedes,Classe C,2005,149214,2005-03-29,Gaz,Automatique,110,Euro 3,Rouge,Monospace,France,55000,17284.0
Kia,Rio,2017,155001,2018-11-16,Gaz,Manuelle,110,Euro 5,Noir,Berline,Italie,18900,13760.0
Toyota,Hilux,2007,117642,2010-10-11,Gaz,Manuelle,200,Euro 3,Blanc,Crossover,Espagne,45000,18430.0
Volkswagen,Tiguan,2005,45937,2007-06-12,Diesel,Manuelle,200,Euro 3,Rouge,SUV,Japon,40000,16380.0
Audi,A4,2009,51664,2011-12-02,Diesel,Automatique,90,Euro 3,Bleu,Crossover,Japon,48000,25450.0
Hyundai,Tucson,2007,212129,2007-11-20,Essence,Manuelle,130,Euro 3,Noir,Berline,Japon,35000,9884.0
BMW,Serie 5,2024,31168,2027-12-24,Electrique,Automatique,200,Euro 1,Noir,Break,Japon,65000,71780.0
Ford,Focus,2005,63131,2005-07-19,Essence,Manuelle,90,Euro 3,Rouge,Break,Espagne,26000,9583.0
Hyundai,Tucson,2012,241213,2015-01-01,Gaz,Automatique,130,Euro 4,Noir,SUV,France,35000,15920.0
Peugeot,3008,2014,161523,2014-10-21,Hybride,Manuelle,90,Euro 1,Gris,Crossover,Japon,35000,21006.0
Peugeot,308,2015,80425,2018-01-04,Hybride,Automatique,110,Euro 1,Noir,Crossover,Espagne,30000,23465.0
Audi,Q5,2024,92989,2026-12-01,Gaz,Manuelle,150,Euro 6,Bleu,Crossover,Allemagne,65000,61880.0
Mercedes,Classe A,2024,201459,2025-03-23,Diesel,Manuelle,130,Euro 6,Rouge,Monospace,USA,38000,31440.0
Mercedes,GLC,2019,55398,2019-06-24,Essence,Manuelle,200,Euro 5,Noir,Berline,France,85000,68800.0
Audi,A4,2013,198138,2014-09-28,Gaz,Manuelle,90,Euro 4,Bleu,Crossover,France,48000,24192.0
Citroen,C5 Aircross,2016,182659,2016-11-15,Gaz,Automatique,130,Euro 5,Gris,Monospace,Espagne,35000,23084.0
Ford,Fiesta,2015,194831,2017-07-25,Essence,Automatique,130,Euro 5,Noir,Crossover,USA,18000,10962.0
Audi,A4,2009,34233,2009-06-10,Diesel,Manuelle,130,Euro 3,Bleu,Break,USA,48000,25636.0
Audi,Q5,2011,187749,2011-03-10,Diesel,Automatique,200,Euro 4,Rouge,SUV,Espagne,65000,29670.0
Renault,Clio,2021,66618,2024-03-28,Electrique,Automatique,110,Euro 1,Noir,Monospace,Italie,17000,21335.0
Tesla,Model 3,2015,248617,2015-03-10,Diesel,Manuelle,90,Euro 5,Gris,Berline,Japon,45000,22491.0
BMW,Serie 5,2005,249641,2007-10-12,Diesel,Manuelle,110,Euro 3,Rouge,Crossover,USA,65000,12559.0
Mercedes,Classe C,2006,87077,2006-07-19,Diesel,Manuelle,150,Euro 3,Blanc,Break,Espagne,55000,21470.0
Mercedes,GLC,2007,127116,2007-10-17,Gaz,Manuelle,90,Euro 3,Bleu,Crossover,Japon,85000,32338.0
Mercedes,Classe A,2006,235136,2007-06-11,Diesel,Manuelle,130,Euro 3,Noir,SUV,France,38000,9039.0
Tesla,Model X,2012,86734,2015-05-23,Diesel,Manuelle,130,Euro 4,Gris,SUV,Japon,120000,67928.0
Dacia,Sandero,2006,114484,2006-07-30,Diesel,Automatique,130,Euro 3,Bleu,Crossover,USA,15900,6720.0
Toyota,Hilux,2021,79569,2022-12-18,Electrique,Automatique,90,Euro 1,Gris,SUV,Japon,45000,44436.0
Ford,Focus,2010,29677,2012-06-04,Hybride,Manuelle,130,Euro 1,Rouge,Crossover,Japon,26000,16968.0
Tesla,Model 3,2018,113981,2021-07-29,Electrique,Automatique,130,Euro 1,Bleu,Berline,Italie,45000,37843.0
Hyundai,i20,2006,126117,2006-03-17,Diesel,Manuelle,200,Euro 3,Rouge,SUV,Espagne,19500,7310.0
Peugeot,308,2019,79702,2020-02-18,Gaz,Manuelle,110,Euro 5,Bleu,Berline,Italie,30000,25428.0
Kia,Rio,2021,193038,2021-12-03,Gaz,Manuelle,150,Euro 6,Noir,Monospace,Allemagne,18900,15768.0
BMW,X5,2009,154700,2009-12-23,Diesel,Automatique,90,Euro 3,Bleu,Break,Italie,80000,33160.0
Hyundai,i20,2011,192563,2012-07-08,Diesel,Automatique,110,Euro 4,Gris,Monospace,Japon,19500,9492.0
Ford,Focus,2017,70602,2018-07-26,Essence,Manuelle,110,Euro 5,Blanc,Berline,France,26000,18792.0
Volkswagen,Golf,2022,115316,2024-08-11,Hybride,Automatique,90,Euro 1,Noir,Monospace,Allemagne,25000,25647.0
BMW,Serie 3,2017,104965,2019-02-25,Essence,Manuelle,150,Euro 5,Bleu,Crossover,Allemagne,45000,31395.0
Tesla,Model X,2011,142619,2014-11-05,Hybride,Manuelle,110,Euro 1,Noir,SUV,Japon,120000,58327.0
Ford,Focus,2013,59623,2013-01-26,Hybride,Manuelle,150,Euro 1,Blanc,Crossover,France,26000,18910.0
Ford,Fiesta,2005,29868,2005-01-19,Diesel,Manuelle,150,Euro 3,Noir,Berline,Italie,18000,7995.0
Tesla,Model X,2018,27974,2018-03-29,Gaz,Manuelle,90,Euro 5,Blanc,Crossover,France,120000,97920.0
Mercedes,Classe C,2006,181445,2006-02-07,Gaz,Automatique,130,Euro 3,Rouge,Monospace,Espagne,55000,16744.0
Ford,Kuga,2008,53702,2009-11-15,Diesel,Manuelle,150,Euro 3,Rouge,Crossover,Japon,34000,16685.0
BMW,Serie 1,2010,53081,2011-09-23,Hybride,Automatique,90,Euro 1,Noir,Monospace,Japon,35000,21677.0
Audi,Q5,2021,162383,2024-04-26,Electrique,Automatique,150,Euro 1,Noir,SUV,France,65000,55125.0
Peugeot,208,2010,213702,2011-06-13,Essence,Automatique,110,Euro 4,Gris,SUV,Allemagne,18000,7437.0
Toyota,RAV4,2008,43583,2009-12-29,Essence,Manuelle,200,Euro 3,Rouge,Berline,France,37000,18240.0
Dacia,Sandero,2024,30507,2027-12-08,Essence,Manuelle,110,Euro 6,Blanc,Break,Espagne,15900,15520.0
Audi,Q5,2022,157349,2024-12-13,Hybride,Automatique,130,Euro 1,Blanc,Break,Italie,65000,56327.0
Toyota,Yaris,2012,133215,2015-09-08,Diesel,Automatique,90,Euro 4,Bleu,Crossover,France,19000,11169.0
Renault,Clio,2005,190416,2006-06-01,Essence,Manuelle,200,Euro 3,Blanc,Crossover,Japon,17000,4320.0
BMW,Serie 5,2006,23973,2009-05-05,Diesel,Manuelle,200,Euro 3,Noir,Berline,USA,65000,29480.0
Renault,Clio,2024,78840,2025-09-11,Diesel,Automatique,90,Euro 6,Gris,Monospace,Espagne,17000,18507.0
Toyota,Hilux,2006,160182,2007-06-19,Gaz,Manuelle,110,Euro 3,Gris,Monospace,USA,45000,14280.0
Kia,Ceed,2021,200305,2021-01-01,Diesel,Manuelle,110,Euro 6,Noir,Crossover,Japon,23000,17111.0
BMW,Serie 1,2007,190913,2010-05-04,Gaz,Automatique,110,Euro 3,Bleu,Crossover,USA,35000,11880.0
Audi,A3,2011,107239,2011-11-22,Gaz,Manuelle,90,Euro 4,Blanc,Berline,USA,34000,18564.0
Tesla,Model X,2010,113569,2010-05-31,Diesel,Manuelle,150,Euro 4,Noir,SUV,Allemagne,120000,57105.0
Toyota,Corolla,2021,160055,2022-05-17,Hybride,Automatique,110,Euro 1,Bleu,Berline,France,28000,25575.0
Kia,Sportage,2013,206805,2013-10-20,Gaz,Automatique,130,Euro 4,Rouge,Crossover,Italie,34000,18236.0
Volkswagen,Passat,2010,23896,2011-11-11,Gaz,Automatique,150,Euro 4,Bleu,Berline,Espagne,36000,22960.0
Renault,Captur,2024,137968,2027-07-19,Hybride,Manuelle,90,Euro 1,Noir,Monospace,Allemagne,28000,27753.0
Peugeot,308,2020,142960,2020-08-12,Diesel,Manuelle,90,Euro 6,Blanc,Monospace,France,30000,22866.0
Hyundai,i30,2018,247265,2020-09-20,Essence,Manuelle,130,Euro 5,Bleu,SUV,USA,22000,12934.0
Audi,A6,2012,33077,2015-05-16,Diesel,Automatique,130,Euro 4,Bleu,SUV,Italie,72000,45933.0
Citroen,C4,2016,220917,2019-10-02,Gaz,Automatique,110,Euro 5,Gris,Monospace,USA,24000,15444.0
Toyota,RAV4,2024,139907,2026-10-26,Electrique,Automatique,110,Euro 1,Blanc,SUV,Italie,37000,39237.0
Ford,Fiesta,2013,232552,2014-06-16,Essence,Manuelle,130,Euro 4,Noir,Berline,Japon,18000,8052.0
Toyota,Hilux,2016,30414,2018-11-24,Essence,Automatique,150,Euro 5,Bleu,Monospace,Italie,45000,34675.0
Kia,Rio,2009,35839,2009-03-23,Diesel,Automatique,150,Euro 3,Rouge,Break,Japon,18900,11648.0
Kia,Sportage,2012,189133,2015-06-19,Essence,Automatique,90,Euro 4,Bleu,Berline,Italie,34000,16514.0
Toyota,Corolla,2021,107745,2021-08-02,Gaz,Automatique,130,Euro 6,Bleu,SUV,France,28000,26568.0
Kia,Sportage,2014,10076,2015-07-29,Gaz,Automatique,130,Euro 4,Blanc,SUV,Espagne,34000,26772.0
Kia,Sportage,2013,249196,2015-11-27,Hybride,Manuelle,90,Euro 1,Gris,Berline,Italie,34000,16297.0
Toyota,Corolla,2007,119356,2008-10-17,Essence,Manuelle,150,Euro 3,Bleu,SUV,France,28000,10830.0
Kia,Sportage,2024,78839,2025-12-10,Gaz,Automatique,110,Euro 6,Noir,Crossover,USA,34000,35898.0
Ford,Focus,2011,49831,2011-10-10,Diesel,Automatique,200,Euro 4,Rouge,Berline,Japon,26000,17100.0
Toyota,Hilux,2020,180172,2022-06-29,Essence,Manuelle,200,Euro 6,Gris,Monospace,Allemagne,45000,32200.0
Audi,A6,2007,210185,2010-06-12,Gaz,Automatique,130,Euro 3,Rouge,Break,Japon,72000,21504.0
Audi,A6,2008,17216,2009-05-26,Gaz,Manuelle,130,Euro 3,Rouge,Berline,France,72000,38148.0
Audi,A3,2005,45381,2006-02-15,Gaz,Manuelle,150,Euro 3,Noir,Berline,USA,34000,14430.0
Volkswagen,Tiguan,2008,199894,2008-03-17,Diesel,Automatique,130,Euro 3,Gris,Berline,Japon,40000,14289.0
Hyundai,Tucson,2021,157397,2021-01-08,Electrique,Manuelle,110,Euro 1,Bleu,Break,Allemagne,35000,31236.0
Citroen,C3,2006,19492,2009-10-26,Gaz,Manuelle,200,Euro 3,Gris,Berline,USA,16000,8775.0
Mercedes,Classe E,2012,143197,2013-07-15,Gaz,Manuelle,150,Euro 4,Gris,Monospace,USA,75000,39000.0
Toyota,Hilux,2010,24838,2012-09-22,Gaz,Manuelle,110,Euro 4,Bleu,Break,Italie,45000,26656.0
Peugeot,208,2005,166642,2006-09-07,Diesel,Manuelle,90,Euro 3,Gris,SUV,Japon,18000,5103.0
Hyundai,i30,2020,108199,2021-11-24,Essence,Manuelle,150,Euro 6,Blanc,SUV,Allemagne,22000,17550.0
Kia,Rio,2024,60682,2025-09-05,Essence,Manuelle,200,Euro 6,Bleu,Break,USA,18900,18706.0
Citroen,C3,2007,177024,2007-03-15,Diesel,Automatique,90,Euro 3,Blanc,Monospace,Espagne,16000,6048.0
Ford,Fiesta,2013,30828,2016-06-12,Gaz,Automatique,110,Euro 4,Gris,Berline,Allemagne,18000,14464.0
Ford,Focus,2015,11449,2018-02-01,Essence,Automatique,130,Euro 5,Gris,Crossover,Espagne,26000,20376.0
BMW,Serie 1,2022,230698,2023-09-12,Electrique,Manuelle,130,Euro 1,Rouge,Break,USA,35000,29323.0
Hyundai,i20,2021,237057,2022-04-27,Hybride,Automatique,130,Euro 1,Noir,SUV,Allemagne,19500,17544.0
Tesla,Model 3,2022,205638,2025-01-18,Gaz,Manuelle,110,Euro 6,Blanc,Monospace,Espagne,45000,35224.0
Audi,A6,2014,70145,2016-06-14,Essence,Automatique,130,Euro 4,Rouge,Berline,USA,72000,46809.0
Volkswagen,Arteon,2006,160934,2009-12-26,Gaz,Automatique,130,Euro 3,Blanc,Berline,Espagne,48000,15840.0
Volkswagen,Passat,2018,128373,2019-10-30,Essence,Automatique,130,Euro 5,Rouge,Break,Espagne,36000,26810.0
Peugeot,5008,2016,33975,2018-07-03,Gaz,Manuelle,200,Euro 5,Noir,Crossover,Espagne,42000,33215.0
Dacia,Spring,2006,80090,2008-06-15,Essence,Automatique,110,Euro 3,Rouge,Break,Allemagne,22000,9158.0
BMW,Serie 1,2021,210481,2023-09-17,Electrique,Manuelle,90,Euro 1,Gris,Berline,USA,35000,28630.0
BMW,Serie 1,2018,142371,2019-02-12,Hybride,Manuelle,200,Euro 1,Blanc,Break,Espagne,35000,27200.0
Mercedes,GLC,2005,214562,2008-09-18,Gaz,Manuelle,150,Euro 3,Bleu,Crossover,Espagne,85000,19360.0
Mercedes,Classe E,2018,69175,2019-01-28,Hybride,Manuelle,150,Euro 1,Noir,Monospace,France,75000,60420.0
Mercedes,GLC,2020,135734,2022-05-13,Electrique,Manuelle,90,Euro 1,Bleu,Crossover,Allemagne,85000,68175.0
Tesla,Model X,2010,189276,2011-09-20,Diesel,Manuelle,200,Euro 4,Bleu,SUV,Japon,120000,48800.0
Audi,A4,2019,207097,2021-10-18,Diesel,Automatique,90,Euro 5,Bleu,Berline,Espagne,48000,33085.0
Toyota,RAV4,2012,125453,2015-07-19,Diesel,Automatique,110,Euro 4,Gris,Break,Japon,37000,20852.0
Tesla,Model 3,2010,190112,2010-02-08,Hybride,Automatique,150,Euro 1,Blanc,Berline,Espagne,45000,20085.0
Citroen,C5 Aircross,2011,19932,2012-03-16,Gaz,Manuelle,110,Euro 4,Blanc,Crossover,USA,35000,22560.0
Kia,Ceed,2014,110809,2016-03-31,Diesel,Automatique,90,Euro 4,Gris,Monospace,Allemagne,23000,15281.0
Renault,Megane,2005,103252,2007-05-02,Gaz,Manuelle,130,Euro 3,Rouge,Crossover,Allemagne,25000,9174.0
Toyota,Corolla,2015,242224,2018-03-15,Gaz,Automatique,90,Euro 5,Gris,Crossover,Espagne,28000,15876.0
Ford,Kuga,2017,189744,2018-07-17,Diesel,Automatique,150,Euro 5,Noir,Break,Japon,34000,22875.0
Peugeot,5008,2010,59781,2012-01-09,Diesel,Automatique,90,Euro 4,Bleu,Monospace,Espagne,42000,23797.0
Audi,A3,2010,74274,2010-09-18,Gaz,Manuelle,150,Euro 4,Gris,Monospace,Japon,34000,18870.0
Volkswagen,Tiguan,2014,125532,2017-12-17,Hybride,Automatique,130,Euro 1,Noir,Crossover,France,40000,26854.0
Audi,A3,2014,108327,2015-09-30,Diesel,Automatique,200,Euro 4,Gris,SUV,Allemagne,34000,22800.0
Peugeot,3008,2010,32858,2010-03-23,Gaz,Manuelle,150,Euro 4,Bleu,Crossover,France,35000,20900.0
Tesla,Model S,2021,38754,2022-02-25,Essence,Automatique,130,Euro 6,Noir,Berline,Allemagne,95000,85624.0
Peugeot,208,2021,28795,2022-12-22,Hybride,Manuelle,90,Euro 1,Blanc,Monospace,USA,18000,19491.0
Dacia,Sandero,2015,14473,2016-06-27,Essence,Automatique,110,Euro 5,Rouge,Berline,France,15900,12960.0
Ford,Kuga,2010,243330,2012-10-24,Gaz,Manuelle,150,Euro 4,Bleu,SUV,USA,34000,12580.0
Tesla,Model X,2017,241759,2018-07-11,Essence,Automatique,150,Euro 5,Bleu,SUV,Japon,120000,67375.0
Renault,Clio,2023,16065,2023-06-06,Essence,Manuelle,200,Euro 6,Rouge,Berline,USA,17000,17280.0
Dacia,Sandero,2024,220284,2027-04-09,Electrique,Manuelle,150,Euro 1,Noir,Crossover,France,15900,17472.0
Kia,Rio,2023,58672,2026-04-10,Hybride,Manuelle,130,Euro 1,Noir,Crossover,Japon,18900,21344.0
Mercedes,GLC,2014,218684,2015-11-06,Hybride,Manuelle,90,Euro 1,Rouge,Berline,USA,85000,43561.0
Renault,Megane,2017,146910,2017-10-15,Diesel,Manuelle,150,Euro 5,Blanc,Break,USA,25000,17225.0
Dacia,Duster,2017,153092,2019-01-30,Hybride,Manuelle,150,Euro 1,Noir,Berline,Allemagne,19900,15616.0
Ford,Fiesta,2011,86434,2013-05-17,Diesel,Manuelle,110,Euro 4,Blanc,Break,USA,18000,10123.0
Volkswagen,Tiguan,2019,248567,2019-12-01,Electrique,Manuelle,200,Euro 1,Bleu,Monospace,USA,40000,28670.0
Mercedes,Classe C,2005,85077,2006-11-04,Essence,Manuelle,130,Euro 3,Rouge,SUV,Espagne,55000,19355.0
Tesla,Model X,2016,78719,2018-07-13,Essence,Manuelle,150,Euro 5,Noir,Crossover,Italie,120000,83145.0
Tesla,Model 3,2007,124506,2009-01-18,Gaz,Manuelle,200,Euro 3,Blanc,SUV,France,45000,17945.0
Volkswagen,Tiguan,2024,71668,2025-09-08,Electrique,Manuelle,110,Euro 1,Noir,Crossover,Japon,40000,42873.0
Tesla,Model 3,2020,44441,2022-06-20,Diesel,Manuelle,130,Euro 6,Blanc,Monospace,Italie,45000,38892.0
Toyota,Hilux,2012,32034,2014-09-03,Hybride,Automatique,90,Euro 1,Bleu,Break,France,45000,31049.0
Kia,Rio,2018,234526,2019-10-23,Gaz,Automatique,90,Euro 5,Rouge,Monospace,Allemagne,18900,13747.0
Kia,Rio,2007,197707,2009-05-27,Essence,Manuelle,90,Euro 3,Noir,Monospace,Japon,18900,5640.0
Peugeot,3008,2014,243247,2016-03-13,Essence,Manuelle,110,Euro 4,Gris,Monospace,Espagne,35000,16146.0
Tesla,Model S,2013,139291,2014-08-06,Diesel,Manuelle,130,Euro 4,Bleu,Crossover,Japon,95000,52002.0
Tesla,Model X,2020,167646,2021-07-16,Diesel,Manuelle,200,Euro 6,Gris,SUV,Espagne,120000,87840.0
Audi,A3,2019,66165,2020-06-14,Essence,Manuelle,130,Euro 5,Gris,Berline,Italie,34000,27097.0
Citroen,C4,2013,78890,2015-12-27,Gaz,Manuelle,150,Euro 4,Bleu,Monospace,Espagne,24000,16200.0
Toyota,Hilux,2011,37907,2014-05-09,Essence,Manuelle,150,Euro 4,Gris,Crossover,Espagne,45000,26390.0
Kia,Rio,2012,93600,2013-05-15,Hybride,Automatique,90,Euro 1,Noir,Berline,France,18900,13640.0
Peugeot,5008,2014,188230,2016-08-04,Essence,Automatique,150,Euro 4,Gris,Monospace,Allemagne,42000,23140.0
Tesla,Model X,2022,149232,2025-10-16,Electrique,Manuelle,150,Euro 1,Bleu,Crossover,Allemagne,120000,101200.0
Mercedes,Classe E,2022,193349,2022-11-22,Diesel,Automatique,90,Euro 6,Rouge,Break,USA,75000,58425.0
Mercedes,Classe C,2019,23539,2021-05-24,Essence,Manuelle,200,Euro 5,Blanc,Break,Allemagne,55000,46480.0
Tesla,Model S,2021,216255,2021-02-22,Diesel,Manuelle,90,Euro 6,Rouge,Berline,Japon,95000,67130.0
Mercedes,Classe E,2008,131802,2009-05-22,Diesel,Automatique,150,Euro 3,Gris,SUV,Espagne,75000,30615.0
Peugeot,3008,2007,14243,2010-11-04,Diesel,Manuelle,150,Euro 3,Blanc,Break,Japon,35000,17520.0
Kia,Ceed,2017,23900,2019-12-05,Diesel,Automatique,200,Euro 5,Gris,Monospace,USA,23000,20790.0
Audi,Q5,2023,197126,2026-07-18,Electrique,Manuelle,90,Euro 1,Gris,SUV,USA,65000,55302.0
Citroen,C4,2020,124241,2023-10-08,Diesel,Manuelle,200,Euro 6,Gris,Crossover,Italie,24000,19760.0
Citroen,C3,2005,133924,2008-09-10,Gaz,Automatique,150,Euro 3,Gris,Crossover,Allemagne,16000,6300.0
Tesla,Model S,2008,41433,2011-05-29,Gaz,Automatique,150,Euro 3,Rouge,Berline,Espagne,95000,48000.0
Ford,Kuga,2019,234813,2021-11-18,Electrique,Automatique,90,Euro 1,Bleu,Berline,Espagne,34000,25978.0
Ford,Fiesta,2005,158011,2006-02-10,Gaz,Automatique,200,Euro 3,Bleu,Berline,Espagne,18000,6580.0
Mercedes,GLC,2014,186114,2017-08-24,Diesel,Automatique,130,Euro 4,Bleu,SUV,USA,85000,45916.0
BMW,Serie 3,2009,101913,2011-03-05,Essence,Automatique,90,Euro 3,Bleu,SUV,Allemagne,45000,21105.0
Peugeot,208,2005,223096,2008-10-01,Gaz,Manuelle,150,Euro 3,Bleu,Berline,Japon,18000,4410.0
Toyota,Corolla,2010,71065,2012-10-08,Diesel,Automatique,110,Euro 4,Noir,Berline,Japon,28000,15861.0
Volkswagen,Tiguan,2006,162355,2006-03-25,Essence,Manuelle,110,Euro 3,Rouge,Break,France,40000,12030.0
Mercedes,GLC,2015,213562,2018-12-04,Essence,Manuelle,90,Euro 5,Gris,SUV,France,85000,44148.0
Kia,Sportage,2023,38945,2026-06-22,Essence,Automatique,90,Euro 6,Blanc,Monospace,France,34000,33746.0
Mercedes,Classe A,2016,132167,2017-05-13,Hybride,Automatique,200,Euro 1,Noir,Berline,Espagne,38000,28350.0
Peugeot,5008,2020,88477,2020-04-20,Diesel,Automatique,130,Euro 6,Gris,Crossover,France,42000,36240.0
Tesla,Model S,2017,131936,2017-05-08,Hybride,Automatique,110,Euro 1,Noir,Crossover,Espagne,95000,66726.0
Kia,Sportage,2008,25116,2009-04-03,Gaz,Automatique,200,Euro 3,Rouge,SUV,Allemagne,34000,19750.0
Peugeot,308,2023,40666,2023-01-23,Diesel,Automatique,90,Euro 6,Noir,Crossover,Japon,30000,30597.0
Toyota,Corolla,2013,242080,2013-10-17,Essence,Manuelle,130,Euro 4,Noir,SUV,Espagne,28000,12169.0
Renault,Megane,2021,74946,2024-06-11,Hybride,Manuelle,90,Euro 1,Gris,Crossover,France,25000,24276.0
Ford,Fiesta,2007,157145,2009-12-01,Essence,Manuelle,130,Euro 3,Blanc,Crossover,Espagne,18000,6222.0
BMW,Serie 1,2014,162759,2016-09-29,Diesel,Manuelle,110,Euro 4,Gris,Monospace,Japon,35000,19494.0
Mercedes,GLC,2016,104205,2019-02-22,Essence,Manuelle,200,Euro 5,Blanc,Crossover,USA,85000,56760.0
Kia,Sportage,2007,171343,2009-03-14,Diesel,Automatique,130,Euro 3,Noir,Crossover,Japon,34000,11936.0
Renault,Megane,2022,27272,2024-11-02,Electrique,Manuelle,90,Euro 1,Blanc,Monospace,Allemagne,25000,28428.0
Volkswagen,Golf,2021,157276,2024-11-16,Diesel,Manuelle,90,Euro 6,Bleu,Break,USA,25000,19684.0
Audi,A6,2012,133867,2014-04-29,Hybride,Manuelle,200,Euro 1,Noir,Berline,Japon,72000,39270.0
Ford,Focus,2022,249780,2024-09-22,Gaz,Automatique,150,Euro 6,Gris,Berline,Japon,26000,21700.0
Tesla,Model 3,2012,235714,2013-02-26,Hybride,Manuelle,200,Euro 1,Blanc,Break,Italie,45000,20500.0
Audi,A6,2022,163601,2024-04-24,Diesel,Manuelle,200,Euro 6,Rouge,Crossover,Japon,72000,57720.0
Mercedes,Classe A,2008,19967,2011-11-04,Gaz,Automatique,150,Euro 3,Blanc,Berline,USA,38000,21930.0
Peugeot,308,2005,198748,2006-05-18,Essence,Automatique,200,Euro 3,Rouge,Crossover,Allemagne,30000,7920.0
Mercedes,Classe A,2021,26353,2024-10-09,Hybride,Automatique,110,Euro 1,Blanc,Monospace,Espagne,38000,39249.0
Audi,A4,2010,228742,2010-03-23,Diesel,Manuelle,200,Euro 4,Noir,Break,USA,48000,18000.0
BMW,X5,2021,249835,2024-12-03,Electrique,Automatique,90,Euro 1,Gris,Berline,Allemagne,80000,58893.0
Dacia,Duster,2005,56991,2005-03-14,Essence,Automatique,110,Euro 3,Rouge,SUV,Japon,19900,8360.0
Audi,A4,2018,61116,2020-03-14,Electrique,Automatique,200,Euro 1,Noir,Monospace,Japon,48000,43320.0
BMW,X5,2023,225750,2023-07-09,Essence,Automatique,200,Euro 6,Blanc,SUV,Espagne,80000,62250.0
Ford,Kuga,2012,197164,2013-12-12,Gaz,Automatique,150,Euro 4,Gris,Berline,USA,34000,17550.0
Peugeot,208,2016,211688,2018-12-01,Gaz,Manuelle,130,Euro 5,Gris,Break,Espagne,18000,11440.0
Toyota,Hilux,2007,198420,2008-08-28,Gaz,Automatique,130,Euro 3,Bleu,Crossover,Japon,45000,14940.0
Renault,Megane,2005,142522,2007-06-18,Gaz,Automatique,110,Euro 3,Rouge,SUV,Japon,25000,8584.0
Tesla,Model X,2011,49828,2014-07-29,Essence,Manuelle,90,Euro 4,Gris,SUV,France,120000,68343.0
BMW,Serie 5,2011,225032,2014-10-09,Diesel,Automatique,200,Euro 4,Blanc,SUV,Japon,65000,26910.0
Ford,Fiesta,2020,31920,2023-02-24,Hybride,Automatique,110,Euro 1,Blanc,Monospace,Allemagne,18000,20485.0
Ford,Kuga,2023,243389,2026-08-20,Gaz,Manuelle,150,Euro 6,Rouge,Monospace,USA,34000,27010.0
Hyundai,Tucson,2006,171158,2008-02-06,Gaz,Manuelle,200,Euro 3,Bleu,SUV,Japon,35000,11165.0
Renault,Clio,2019,110961,2022-05-26,Gaz,Manuelle,130,Euro 5,Noir,Crossover,Allemagne,17000,14652.0
Toyota,RAV4,2010,28514,2011-09-01,Gaz,Manuelle,110,Euro 4,Gris,Crossover,Espagne,37000,22176.0
Mercedes,Classe C,2015,142522,2017-08-05,Hybride,Automatique,150,Euro 1,Bleu,Crossover,Japon,55000,36285.0
Audi,Q5,2016,66959,2016-11-04,Hybride,Automatique,200,Euro 1,Blanc,Monospace,Espagne,65000,50400.0
Audi,A4,2007,88078,2009-12-27,Gaz,Manuelle,130,Euro 3,Noir,Crossover,Espagne,48000,20828.0
Citroen,C5 Aircross,2010,211156,2013-02-12,Diesel,Automatique,130,Euro 4,Gris,Crossover,France,35000,14171.0
Volkswagen,Golf,2015,122122,2016-09-29,Diesel,Automatique,200,Euro 5,Gris,SUV,USA,25000,17690.0
Toyota,Hilux,2021,211240,2024-10-14,Diesel,Automatique,200,Euro 6,Bleu,Berline,Italie,45000,34300.0
Volkswagen,Golf,2013,185011,2014-07-14,Diesel,Automatique,130,Euro 4,Noir,Monospace,Japon,25000,13867.0
Hyundai,Tucson,2008,110478,2008-09-15,Diesel,Manuelle,200,Euro 3,Bleu,Berline,Espagne,35000,15170.0
Renault,Megane,2015,192012,2017-07-04,Diesel,Automatique,150,Euro 5,Bleu,Break,Italie,25000,15390.0
Hyundai,Tucson,2013,60831,2013-10-01,Essence,Manuelle,200,Euro 4,Noir,Monospace,Allemagne,35000,21960.0
Mercedes,GLC,2009,204648,2012-01-27,Gaz,Manuelle,110,Euro 3,Bleu,SUV,Italie,85000,30660.0
Kia,Ceed,2020,210304,2021-12-18,Electrique,Automatique,90,Euro 1,Bleu,Break,Italie,23000,20703.0
Volkswagen,Arteon,2016,151169,2016-12-11,Essence,Automatique,90,Euro 5,Gris,SUV,Allemagne,48000,30439.0
Audi,A3,2021,102541,2022-05-20,Diesel,Automatique,110,Euro 6,Rouge,Monospace,France,34000,30051.0
Kia,Ceed,2022,168069,2024-03-19,Hybride,Automatique,90,Euro 1,Rouge,SUV,France,23000,22542.0
Mercedes,Classe C,2017,249081,2020-09-22,Diesel,Manuelle,200,Euro 5,Noir,Monospace,USA,55000,31350.0
Toyota,RAV4,2006,32769,2007-06-26,Essence,Manuelle,90,Euro 3,Noir,Crossover,Espagne,37000,15867.0
Citroen,C3,2018,99059,2021-02-01,Diesel,Manuelle,200,Euro 5,Rouge,Break,Japon,16000,13140.0
Kia,Rio,2006,112189,2009-03-13,Diesel,Automatique,90,Euro 3,Bleu,Crossover,Espagne,18900,7630.0
Dacia,Sandero,2017,49606,2020-02-04,Hybride,Manuelle,130,Euro 1,Rouge,Monospace,France,15900,15150.0
Audi,Q5,2006,117399,2006-10-19,Essence,Automatique,150,Euro 3,Bleu,Monospace,Allemagne,65000,23625.0
Toyota,Hilux,2012,11998,2013-08-05,Gaz,Automatique,150,Euro 4,Bleu,Crossover,Espagne,45000,31500.0
Kia,Ceed,2008,96830,2009-12-06,Diesel,Automatique,110,Euro 3,Blanc,SUV,Espagne,23000,11223.0
Audi,Q5,2014,181117,2017-05-10,Diesel,Manuelle,110,Euro 4,Gris,Crossover,Italie,65000,34372.0
Mercedes,GLC,2018,140620,2018-06-27,Diesel,Automatique,200,Euro 5,Blanc,Break,Italie,85000,60520.0
Tesla,Model X,2006,98839,2008-08-06,Gaz,Automatique,90,Euro 3,Blanc,Break,Allemagne,120000,46028.0
BMW,Serie 3,2023,92181,2023-12-26,Electrique,Automatique,90,Euro 1,Blanc,Crossover,Italie,45000,46552.0
Audi,A4,2007,164757,2008-02-27,Gaz,Automatique,200,Euro 3,Rouge,Crossover,Espagne,48000,17655.0
Mercedes,Classe E,2010,38493,2013-12-20,Diesel,Automatique,200,Euro 4,Bleu,SUV,France,75000,43450.0
Tesla,Model S,2016,145200,2018-12-10,Hybride,Manuelle,110,Euro 1,Bleu,Crossover,USA,95000,61442.0
Hyundai,Tucson,2010,204943,2011-12-10,Diesel,Automatique,90,Euro 4,Bleu,Break,Japon,35000,14402.0
BMW,Serie 5,2020,152405,2021-04-20,Essence,Automatique,200,Euro 6,Blanc,Break,Japon,65000,49640.0
Renault,Megane,2018,94555,2018-10-06,Gaz,Manuelle,110,Euro 5,Bleu,SUV,Espagne,25000,20148.0
Volkswagen,Passat,2007,198373,2010-10-30,Diesel,Manuelle,200,Euro 3,Rouge,Break,Italie,36000,11400.0
Ford,Focus,2010,48434,2013-08-08,Hybride,Manuelle,150,Euro 1,Gris,Berline,Italie,26000,16470.0
Tesla,Model S,2014,189191,2016-03-20,Diesel,Automatique,130,Euro 4,Gris,Berline,Espagne,95000,51116.0
Volkswagen,Tiguan,2005,240312,2008-01-27,Gaz,Automatique,130,Euro 3,Noir,Berline,Italie,40000,8512.0
Volkswagen,Passat,2005,185202,2006-01-14,Essence,Automatique,90,Euro 3,Rouge,Monospace,USA,36000,9475.0
Volkswagen,Passat,2009,17693,2012-03-26,Diesel,Manuelle,150,Euro 3,Rouge,Crossover,France,36000,20250.0
Mercedes,Classe A,2019,25908,2020-01-05,Diesel,Manuelle,110,Euro 5,Noir,Break,USA,38000,32453.0
Hyundai,Tucson,2014,231805,2015-05-12,Diesel,Manuelle,150,Euro 4,Blanc,Break,Italie,35000,17155.0
Hyundai,i20,2005,91419,2008-04-18,Essence,Manuelle,110,Euro 3,Bleu,SUV,Japon,19500,6664.0
Kia,Rio,2024,161658,2026-06-17,Hybride,Automatique,110,Euro 1,Blanc,Crossover,Japon,18900,21000.0
Peugeot,3008,2024,244054,2025-01-30,Gaz,Automatique,110,Euro 6,Blanc,Crossover,Allemagne,35000,30096.0
Volkswagen,Passat,2005,155045,2007-08-22,Gaz,Manuelle,90,Euro 3,Blanc,Berline,Italie,36000,10752.0
Toyota,RAV4,2008,170343,2011-07-14,Gaz,Automatique,200,Euro 3,Blanc,SUV,Espagne,37000,14875.0
Renault,Captur,2020,185667,2020-05-07,Essence,Manuelle,90,Euro 6,Rouge,Monospace,Italie,28000,19530.0
Kia,Ceed,2018,162438,2021-06-20,Essence,Manuelle,200,Euro 5,Noir,Monospace,USA,23000,15840.0
Tesla,Model 3,2005,61057,2006-04-09,Gaz,Manuelle,150,Euro 3,Blanc,Break,France,45000,17760.0
Toyota,Yaris,2023,88034,2023-03-12,Essence,Automatique,110,Euro 6,Bleu,Crossover,Italie,19000,18779.0
Hyundai,Tucson,2011,59707,2014-05-22,Essence,Manuelle,200,Euro 4,Gris,Crossover,Japon,35000,20160.0
Ford,Fiesta,2020,112229,2022-04-14,Electrique,Manuelle,200,Euro 1,Noir,Crossover,France,18000,19250.0
Mercedes,Classe E,2013,144620,2016-04-28,Diesel,Manuelle,90,Euro 4,Rouge,Crossover,Italie,75000,40227.0
Volkswagen,Tiguan,2005,111651,2007-07-21,Diesel,Manuelle,200,Euro 3,Rouge,Crossover,Allemagne,40000,13440.0
Tesla,Model X,2019,122219,2019-10-27,Gaz,Manuelle,150,Euro 5,Bleu,SUV,USA,120000,89790.0
Ford,Focus,2009,212986,2012-04-11,Gaz,Automatique,200,Euro 3,Bleu,Crossover,Allemagne,26000,10710.0
Dacia,Duster,2014,152969,2016-01-24,Essence,Manuelle,200,Euro 4,Bleu,Break,Allemagne,19900,11495.0
Tesla,Model S,2020,171548,2021-09-11,Diesel,Manuelle,90,Euro 6,Blanc,Break,Italie,95000,68089.0
Volkswagen,Passat,2019,141272,2020-11-11,Gaz,Manuelle,90,Euro 5,Bleu,Monospace,USA,36000,27264.0
Citroen,C3,2012,56972,2014-04-24,Gaz,Manuelle,130,Euro 4,Noir,Break,Italie,16000,11092.0
Hyundai,i30,2008,229478,2011-06-12,Diesel,Manuelle,200,Euro 3,Gris,Break,Allemagne,22000,7200.0
Dacia,Sandero,2007,136660,2007-08-16,Diesel,Automatique,200,Euro 3,Rouge,Monospace,Espagne,15900,7164.0
BMW,X5,2014,63170,2015-09-17,Gaz,Automatique,130,Euro 4,Blanc,Crossover,France,80000,54272.0
Mercedes,Classe E,2011,13825,2013-12-19,Hybride,Automatique,150,Euro 1,Blanc,Berline,Japon,75000,48900.0
Audi,A3,2014,158854,2014-06-16,Essence,Automatique,130,Euro 4,Gris,Berline,Italie,34000,19965.0
Peugeot,5008,2011,237550,2014-12-16,Diesel,Automatique,130,Euro 4,Bleu,SUV,Allemagne,42000,17214.0
Peugeot,208,2021,148891,2024-12-03,Diesel,Automatique,90,Euro 6,Blanc,Break,Italie,18000,16093.0
Volkswagen,Tiguan,2021,142593,2024-04-29,Diesel,Manuelle,130,Euro 6,Bleu,Crossover,USA,40000,31801.0
Toyota,RAV4,2012,35718,2012-08-19,Hybride,Manuelle,110,Euro 1,Bleu,Crossover,Allemagne,37000,25071.0
Renault,Captur,2020,223163,2023-06-02,Hybride,Manuelle,150,Euro 1,Noir,Crossover,Espagne,28000,21450.0
Tesla,Model 3,2018,180600,2020-05-26,Electrique,Manuelle,200,Euro 1,Bleu,SUV,Italie,45000,33280.0
Citroen,C3,2020,221094,2020-05-13,Electrique,Manuelle,130,Euro 1,Blanc,SUV,Allemagne,16000,14718.0
Audi,Q5,2011,54008,2014-10-16,Diesel,Automatique,110,Euro 4,Bleu,SUV,Espagne,65000,38136.0
Kia,Ceed,2024,93364,2026-05-14,Essence,Manuelle,200,Euro 6,Noir,Berline,Italie,23000,21840.0
Renault,Talisman,2011,41766,2014-05-02,Hybride,Manuelle,150,Euro 1,Blanc,Berline,France,40000,25365.0
BMW,Serie 5,2008,78753,2011-12-30,Gaz,Manuelle,130,Euro 3,Bleu,Break,Italie,65000,30510.0
Mercedes,Classe E,2006,83079,2006-08-09,Diesel,Manuelle,130,Euro 3,Blanc,Crossover,Japon,75000,28994.0
Tesla,Model S,2009,33951,2010-05-19,Diesel,Automatique,130,Euro 3,Noir,Berline,Japon,95000,51116.0
Ford,Fiesta,2022,38130,2025-11-09,Diesel,Manuelle,90,Euro 6,Bleu,Berline,Italie,18000,17199.0
Ford,Focus,2013,142898,2015-05-06,Hybride,Manuelle,130,Euro 1,Gris,Berline,Espagne,26000,16059.0
Audi,Q5,2005,12797,2005-01-09,Essence,Automatique,130,Euro 3,Bleu,Berline,Japon,65000,28266.0
Hyundai,Tucson,2019,139467,2021-07-23,Diesel,Manuelle,150,Euro 5,Gris,Monospace,Japon,35000,26280.0
Dacia,Duster,2022,214236,2023-07-12,Hybride,Manuelle,90,Euro 1,Rouge,Crossover,Japon,19900,17374.0
Renault,Megane,2022,159012,2024-09-01,Essence,Manuelle,200,Euro 6,Rouge,Break,USA,25000,20540.0
Tesla,Model X,2011,52946,2012-11-10,Diesel,Automatique,130,Euro 4,Gris,Crossover,USA,120000,69048.0
Toyota,Corolla,2008,144372,2010-04-05,Gaz,Automatique,200,Euro 3,Bleu,Monospace,Allemagne,28000,12730.0
Ford,Focus,2017,43099,2019-07-13,Gaz,Manuelle,110,Euro 5,Rouge,Monospace,USA,26000,21450.0
Citroen,C5 Aircross,2005,137660,2008-03-15,Gaz,Automatique,150,Euro 3,Blanc,Monospace,Italie,35000,12000.0
Ford,Focus,2016,47734,2017-11-15,Diesel,Automatique,110,Euro 5,Rouge,Monospace,Japon,26000,20952.0
Tesla,Model X,2012,204083,2014-07-09,Essence,Manuelle,90,Euro 4,Rouge,Monospace,Espagne,120000,52756.0
Volkswagen,Passat,2014,55598,2014-02-25,Diesel,Automatique,110,Euro 4,Gris,Crossover,USA,36000,25415.0
Citroen,C3,2013,197602,2015-08-12,Diesel,Manuelle,150,Euro 4,Noir,Crossover,Espagne,16000,8400.0
Dacia,Sandero,2012,170565,2014-06-19,Essence,Automatique,200,Euro 4,Noir,Monospace,Italie,15900,8883.0
Ford,Kuga,2022,217267,2023-12-19,Essence,Automatique,200,Euro 6,Blanc,Monospace,France,34000,27010.0
Citroen,C5 Aircross,2007,81658,2007-01-29,Essence,Automatique,130,Euro 3,Blanc,Berline,Japon,35000,15293.0
Hyundai,i20,2017,40640,2017-09-19,Diesel,Automatique,130,Euro 5,Rouge,Berline,Italie,19500,17100.0
Toyota,Hilux,2017,230718,2020-05-22,Essence,Manuelle,200,Euro 5,Bleu,SUV,USA,45000,25760.0
Tesla,Model S,2007,187290,2009-06-17,Essence,Manuelle,200,Euro 3,Blanc,Crossover,France,95000,29760.0
Kia,Sportage,2013,217637,2015-08-23,Gaz,Manuelle,150,Euro 4,Rouge,Berline,Italie,34000,17020.0
Ford,Kuga,2018,144811,2020-03-10,Gaz,Automatique,150,Euro 5,Rouge,Monospace,France,34000,26520.0
Tesla,Model S,2024,156520,2026-01-07,Gaz,Automatique,110,Euro 6,Gris,SUV,Espagne,95000,84660.0
Tesla,Model 3,2013,10406,2016-03-21,Gaz,Manuelle,90,Euro 4,Blanc,Crossover,Espagne,45000,31284.0
Ford,Focus,2014,226314,2014-01-10,Gaz,Manuelle,150,Euro 4,Bleu,Crossover,Japon,26000,13920.0
Tesla,Model S,2012,109879,2013-12-20,Gaz,Automatique,150,Euro 4,Bleu,Crossover,Japon,95000,54000.0
Citroen,C4,2020,64028,2022-09-07,Diesel,Manuelle,110,Euro 6,Gris,Berline,Allemagne,24000,20582.0
Tesla,Model S,2021,224615,2024-08-18,Gaz,Automatique,130,Euro 6,Gris,SUV,Italie,95000,68862.0
Mercedes,Classe C,2021,71690,2021-12-31,Electrique,Manuelle,200,Euro 1,Rouge,Break,Allemagne,55000,52080.0
Renault,Megane,2011,79348,2012-04-27,Essence,Automatique,150,Euro 4,Blanc,Monospace,France,25000,14850.0
Toyota,Hilux,2019,102421,2019-08-01,Essence,Automatique,90,Euro 5,Rouge,SUV,Japon,45000,35175.0
Hyundai,i30,2022,45817,2023-01-21,Electrique,Automatique,200,Euro 1,Gris,Monospace,France,22000,27900.0
Citroen,C3,2005,137425,2008-08-10,Diesel,Manuelle,90,Euro 3,Bleu,Monospace,Italie,16000,5070.0
Kia,Ceed,2018,21538,2021-06-12,Gaz,Manuelle,200,Euro 5,Bleu,Break,USA,23000,21200.0
Kia,Rio,2023,248126,2024-08-05,Electrique,Manuelle,130,Euro 1,Gris,Break,USA,18900,18396.0
Volkswagen,Arteon,2018,220098,2020-10-19,Hybride,Automatique,150,Euro 1,Noir,SUV,Japon,48000,32700.0
Mercedes,Classe E,2005,79075,2005-05-20,Essence,Manuelle,200,Euro 3,Gris,Break,Italie,75000,27360.0
Citroen,C4,2011,109701,2011-05-21,Essence,Manuelle,90,Euro 4,Rouge,SUV,France,24000,12189.0
Volkswagen,Arteon,2011,176432,2013-06-11,Essence,Manuelle,110,Euro 4,Rouge,Crossover,Espagne,48000,21164.0
Citroen,C4,2021,79468,2023-04-05,Essence,Manuelle,150,Euro 6,Noir,Monospace,USA,24000,20580.0
BMW,Serie 1,2018,246506,2020-06-08,Gaz,Manuelle,200,Euro 5,Noir,SUV,France,35000,22330.0
Renault,Clio,2024,177475,2025-03-06,Hybride,Manuelle,90,Euro 1,Gris,Break,France,17000,17347.0
Volkswagen,Golf,2024,64840,2025-12-11,Essence,Manuelle,90,Euro 6,Noir,SUV,Allemagne,25000,23406.0
Hyundai,Tucson,2013,161235,2014-11-01,Essence,Manuelle,110,Euro 4,Rouge,SUV,USA,35000,17901.0
Volkswagen,Passat,2008,127156,2009-01-09,Essence,Manuelle,90,Euro 3,Noir,Crossover,France,36000,14360.0
Mercedes,Classe C,2024,120524,2026-11-29,Electrique,Automatique,150,Euro 1,Gris,Berline,Italie,55000,55880.0
Peugeot,208,2022,219178,2025-11-13,Diesel,Manuelle,110,Euro 6,Noir,Break,USA,18000,13943.0
Peugeot,308,2015,119192,2016-09-13,Essence,Manuelle,90,Euro 5,Rouge,SUV,France,30000,18538.0
Dacia,Spring,2015,113655,2018-03-31,Gaz,Manuelle,200,Euro 5,Gris,Berline,USA,22000,15810.0
Mercedes,Classe C,2012,117002,2012-03-11,Essence,Automatique,150,Euro 4,Blanc,Crossover,France,55000,30475.0
Mercedes,Classe E,2006,228399,2006-10-11,Diesel,Automatique,90,Euro 3,Noir,Berline,Allemagne,75000,18696.0
Mercedes,GLC,2009,92949,2012-12-08,Diesel,Automatique,130,Euro 3,Blanc,Berline,Espagne,85000,40618.0
Mercedes,Classe A,2022,142035,2024-12-06,Essence,Manuelle,150,Euro 6,Bleu,Break,Espagne,38000,30800.0
Kia,Ceed,2016,241294,2016-02-12,Diesel,Manuelle,150,Euro 5,Noir,Monospace,Italie,23000,12740.0
Tesla,Model S,2016,147566,2019-09-18,Diesel,Manuelle,200,Euro 5,Blanc,Berline,Espagne,95000,60140.0
Peugeot,308,2012,27332,2014-03-13,Hybride,Manuelle,110,Euro 1,Blanc,Berline,Allemagne,30000,21142.0
Tesla,Model 3,2023,95496,2023-07-09,Diesel,Manuelle,130,Euro 6,Rouge,Berline,Espagne,45000,40744.0
Kia,Sportage,2016,156641,2016-12-22,Hybride,Manuelle,150,Euro 1,Rouge,Monospace,Allemagne,34000,23485.0
Volkswagen,Arteon,2012,159810,2015-03-30,Diesel,Automatique,110,Euro 4,Rouge,Crossover,Espagne,48000,25039.0
Renault,Captur,2008,93604,2009-08-06,Diesel,Manuelle,150,Euro 3,Gris,Crossover,Allemagne,28000,12685.0
Renault,Talisman,2010,24678,2010-08-27,Hybride,Automatique,130,Euro 1,Rouge,Crossover,USA,40000,25928.0
Mercedes,Classe A,2022,200967,2025-01-11,Electrique,Automatique,90,Euro 1,Gris,Berline,France,38000,33966.0
Hyundai,Tucson,2023,10925,2023-05-15,Gaz,Manuelle,150,Euro 6,Gris,Crossover,Japon,35000,36480.0
Volkswagen,Golf,2022,70939,2022-10-07,Electrique,Manuelle,130,Euro 1,Rouge,Berline,Allemagne,25000,27231.0
Dacia,Duster,2007,94925,2007-09-20,Diesel,Manuelle,130,Euro 3,Bleu,Monospace,Italie,19900,8480.0
Toyota,RAV4,2007,58029,2009-06-09,Essence,Automatique,150,Euro 3,Rouge,Break,Allemagne,37000,17380.0
Hyundai,i20,2014,51631,2017-04-14,Gaz,Manuelle,200,Euro 4,Blanc,Crossover,France,19500,14950.0
Ford,Kuga,2019,65221,2020-02-23,Gaz,Automatique,90,Euro 5,Noir,Berline,Espagne,34000,30336.0
Citroen,C4,2009,207995,2012-09-17,Diesel,Manuelle,130,Euro 3,Blanc,Break,Japon,24000,8855.0
Audi,Q5,2014,95721,2017-10-04,Gaz,Automatique,150,Euro 4,Blanc,SUV,France,65000,42700.0
Volkswagen,Tiguan,2021,175531,2022-03-31,Diesel,Automatique,200,Euro 6,Blanc,Crossover,Allemagne,40000,32560.0
Audi,A4,2012,55100,2015-04-26,Gaz,Manuelle,150,Euro 4,Bleu,SUV,Italie,48000,30090.0
Renault,Captur,2007,88002,2010-11-24,Essence,Automatique,200,Euro 3,Noir,SUV,Allemagne,28000,12710.0
Mercedes,Classe E,2017,77584,2020-02-18,Hybride,Automatique,200,Euro 1,Gris,SUV,Japon,75000,59040.0
Hyundai,i30,2015,106025,2016-05-04,Hybride,Manuelle,110,Euro 1,Blanc,Crossover,Allemagne,22000,16443.0
Renault,Captur,2012,71896,2013-08-17,Gaz,Automatique,150,Euro 4,Gris,Monospace,Italie,28000,18810.0
Peugeot,5008,2012,117229,2014-07-17,Diesel,Automatique,150,Euro 4,Blanc,Crossover,Italie,42000,24115.0
Peugeot,208,2014,201862,2015-02-27,Gaz,Automatique,150,Euro 4,Bleu,Break,USA,18000,11500.0
Volkswagen,Golf,2019,63174,2022-08-30,Hybride,Manuelle,90,Euro 1,Gris,Break,Italie,25000,22831.0
BMW,Serie 1,2009,14702,2011-09-24,Gaz,Manuelle,150,Euro 3,Gris,Monospace,Allemagne,35000,20520.0
Toyota,Hilux,2018,106935,2021-04-13,Electrique,Automatique,150,Euro 1,Rouge,Monospace,USA,45000,38520.0
Peugeot,308,2024,56525,2027-08-09,Electrique,Manuelle,200,Euro 1,Rouge,Berline,Japon,30000,35150.0
Kia,Sportage,2007,66561,2010-05-26,Diesel,Automatique,200,Euro 3,Noir,Monospace,Allemagne,34000,16340.0
Toyota,RAV4,2016,232264,2016-03-08,Diesel,Manuelle,150,Euro 5,Blanc,SUV,Japon,37000,20405.0
Tesla,Model 3,2023,56568,2026-11-07,Electrique,Manuelle,110,Euro 1,Noir,SUV,Italie,45000,47012.0
Renault,Clio,2013,176491,2014-02-13,Essence,Manuelle,110,Euro 4,Rouge,Monospace,France,17000,8550.0
Toyota,RAV4,2016,39396,2018-09-03,Diesel,Manuelle,130,Euro 5,Bleu,Monospace,Espagne,37000,27959.0
Citroen,C3,2023,60295,2025-08-28,Hybride,Manuelle,90,Euro 1,Rouge,Crossover,Allemagne,16000,18109.0
Peugeot,308,2010,168569,2012-11-20,Essence,Automatique,90,Euro 4,Bleu,Berline,France,30000,13398.0
Toyota,RAV4,2017,63350,2018-04-28,Gaz,Automatique,130,Euro 5,Blanc,Berline,Japon,37000,30514.0
Dacia,Duster,2014,191184,2014-02-02,Gaz,Manuelle,200,Euro 4,Rouge,Monospace,Italie,19900,11934.0
Volkswagen,Golf,2020,207861,2022-02-16,Diesel,Manuelle,90,Euro 6,Bleu,Crossover,Espagne,25000,17612.0
Dacia,Sandero,2017,210194,2020-11-04,Hybride,Manuelle,90,Euro 1,Blanc,Break,Japon,15900,11484.0
Renault,Clio,2011,102363,2011-11-12,Hybride,Automatique,200,Euro 1,Noir,Break,Japon,17000,12240.0
Hyundai,i30,2009,41947,2011-04-16,Essence,Automatique,150,Euro 3,Blanc,Monospace,USA,22000,12495.0
Toyota,Yaris,2010,203020,2012-06-02,Gaz,Manuelle,110,Euro 4,Rouge,SUV,France,19000,8208.0
Tesla,Model 3,2021,74640,2021-10-12,Gaz,Automatique,200,Euro 6,Blanc,SUV,Japon,45000,42420.0
Tesla,Model X,2010,42088,2011-07-19,Essence,Manuelle,200,Euro 4,Rouge,Monospace,USA,120000,65340.0
Peugeot,208,2023,216471,2025-09-06,Diesel,Automatique,90,Euro 6,Noir,Berline,Japon,18000,15884.0
Tesla,Model X,2012,78124,2012-07-31,Essence,Automatique,90,Euro 4,Bleu,Monospace,Italie,120000,69483.0
Volkswagen,Tiguan,2015,164051,2015-01-19,Diesel,Automatique,150,Euro 5,Bleu,Berline,Espagne,40000,24795.0
Dacia,Sandero,2016,13307,2016-06-24,Essence,Automatique,200,Euro 5,Bleu,SUV,USA,15900,14175.0
Volkswagen,Tiguan,2012,149674,2012-04-18,Essence,Automatique,90,Euro 4,Rouge,SUV,Allemagne,40000,20950.0
Mercedes,Classe C,2012,239914,2014-08-11,Essence,Automatique,150,Euro 4,Noir,Crossover,Japon,55000,23575.0
BMW,Serie 1,2014,14334,2016-08-08,Gaz,Automatique,110,Euro 4,Gris,Crossover,France,35000,27324.0
Hyundai,i30,2023,196602,2025-03-22,Hybride,Manuelle,130,Euro 1,Blanc,Monospace,France,22000,20514.0
Audi,Q5,2011,237505,2011-10-05,Essence,Automatique,130,Euro 4,Blanc,SUV,USA,65000,25574.0
Peugeot,208,2015,69420,2016-06-27,Hybride,Automatique,110,Euro 1,Blanc,Berline,France,18000,16147.0
Audi,A6,2005,211620,2007-03-06,Gaz,Manuelle,110,Euro 3,Bleu,Break,Allemagne,72000,16412.0
Dacia,Sandero,2014,54634,2016-05-24,Gaz,Manuelle,130,Euro 4,Bleu,Monospace,Italie,15900,12155.0
Audi,Q5,2007,184479,2010-07-06,Essence,Manuelle,90,Euro 3,Bleu,Crossover,Espagne,65000,20119.0
Mercedes,Classe C,2021,69481,2021-05-03,Diesel,Automatique,90,Euro 6,Noir,Break,Japon,55000,49215.0
Tesla,Model X,2010,210586,2010-12-27,Gaz,Manuelle,200,Euro 4,Gris,Monospace,Japon,120000,45695.0
Hyundai,i30,2007,29168,2009-04-18,Essence,Automatique,200,Euro 3,Bleu,Break,Allemagne,22000,11750.0
Tesla,Model X,2010,224966,2011-03-12,Gaz,Automatique,90,Euro 4,Noir,Break,Espagne,120000,44784.0
Peugeot,3008,2020,222757,2020-04-12,Electrique,Manuelle,110,Euro 1,Bleu,SUV,Espagne,35000,27126.0
Ford,Fiesta,2006,153732,2009-10-30,Gaz,Automatique,200,Euro 3,Gris,Break,Espagne,18000,7285.0
Volkswagen,Passat,2006,71259,2006-01-28,Essence,Automatique,200,Euro 3,Noir,SUV,Italie,36000,15210.0
Citroen,C4,2008,86144,2008-08-10,Diesel,Automatique,150,Euro 3,Rouge,Break,USA,24000,12100.0
Toyota,RAV4,2016,200177,2017-12-13,Essence,Manuelle,110,Euro 5,Rouge,SUV,Japon,37000,20776.0
Tesla,Model S,2011,141259,2011-10-16,Gaz,Manuelle,90,Euro 4,Bleu,Crossover,Espagne,95000,45778.0
Audi,A4,2021,33012,2023-11-04,Diesel,Manuelle,110,Euro 6,Bleu,Monospace,Italie,48000,43208.0
BMW,Serie 5,2018,196120,2020-01-28,Hybride,Automatique,110,Euro 1,Rouge,Berline,Espagne,65000,44793.0
Tesla,Model X,2011,186860,2012-07-06,Hybride,Automatique,90,Euro 1,Blanc,Break,Italie,120000,54137.0
Volkswagen,Arteon,2017,126702,2019-03-06,Essence,Automatique,130,Euro 5,Bleu,Break,France,48000,33701.0
Renault,Megane,2014,134864,2014-11-08,Hybride,Automatique,110,Euro 1,Rouge,Berline,Allemagne,25000,17727.0
Citroen,C5 Aircross,2005,51677,2006-07-12,Gaz,Automatique,110,Euro 3,Bleu,Crossover,Espagne,35000,15048.0
Volkswagen,Passat,2013,89355,2016-11-14,Essence,Automatique,150,Euro 4,Rouge,Berline,USA,36000,22715.0
Hyundai,i30,2014,240261,2017-01-30,Hybride,Manuelle,110,Euro 1,Blanc,Monospace,Japon,22000,12006.0
Mercedes,Classe E,2023,65531,2026-01-01,Hybride,Manuelle,110,Euro 1,Blanc,Crossover,Allemagne,75000,71981.0
Toyota,Hilux,2018,89666,2018-05-05,Gaz,Automatique,200,Euro 5,Noir,SUV,Allemagne,45000,37370.0
Audi,A4,2022,222459,2023-03-01,Gaz,Automatique,200,Euro 6,Blanc,SUV,France,48000,38520.0
Dacia,Sandero,2010,227718,2011-05-09,Gaz,Manuelle,110,Euro 4,Blanc,Berline,Japon,15900,6660.0
Kia,Rio,2019,123831,2020-06-25,Essence,Automatique,150,Euro 5,Noir,Break,USA,18900,15622.0
Volkswagen,Tiguan,2016,19536,2016-05-20,Gaz,Manuelle,110,Euro 5,Gris,Break,USA,40000,31950.0
Tesla,Model X,2014,119607,2017-07-05,Essence,Manuelle,150,Euro 4,Noir,Berline,Allemagne,120000,71095.0
Mercedes,Classe E,2016,45772,2017-02-16,Essence,Manuelle,110,Euro 5,Bleu,Berline,France,75000,54072.0
Ford,Kuga,2014,122596,2017-01-30,Diesel,Manuelle,200,Euro 4,Blanc,Berline,USA,34000,20880.0
Citroen,C4,2006,114945,2006-04-11,Essence,Automatique,130,Euro 3,Noir,SUV,Japon,24000,9205.0
Peugeot,208,2012,149448,2013-07-26,Hybride,Automatique,110,Euro 1,Noir,Berline,France,18000,12050.0
Audi,A3,2020,242588,2023-10-09,Essence,Automatique,130,Euro 6,Gris,Crossover,USA,34000,23232.0
Mercedes,GLC,2005,119929,2006-07-05,Gaz,Manuelle,90,Euro 3,Blanc,Monospace,Japon,85000,27968.0
Kia,Ceed,2005,103200,2008-05-07,Essence,Automatique,110,Euro 3,Noir,Break,Espagne,23000,8283.0
Audi,A4,2016,92381,2017-03-10,Essence,Manuelle,150,Euro 5,Bleu,Monospace,USA,48000,32495.0
Tesla,Model 3,2010,18485,2012-10-14,Essence,Manuelle,200,Euro 4,Noir,Break,Japon,45000,26220.0
Volkswagen,Arteon,2009,196168,2011-10-06,Essence,Automatique,150,Euro 3,Gris,SUV,Allemagne,48000,18180.0
Ford,Kuga,2015,13966,2017-07-01,Gaz,Automatique,110,Euro 5,Blanc,SUV,USA,34000,27792.0
Hyundai,i30,2011,223502,2012-08-20,Diesel,Manuelle,110,Euro 4,Noir,Crossover,USA,22000,9009.0
Kia,Rio,2017,176893,2020-09-26,Essence,Automatique,110,Euro 5,Gris,Crossover,Italie,18900,13020.0
Peugeot,208,2010,189067,2012-08-25,Essence,Manuelle,130,Euro 4,Noir,Monospace,USA,18000,7320.0
Audi,A3,2015,96945,2016-10-04,Essence,Automatique,110,Euro 5,Blanc,Break,France,34000,23104.0
Renault,Captur,2020,66006,2021-09-20,Hybride,Manuelle,110,Euro 1,Bleu,Break,Espagne,28000,26322.0
Citroen,C3,2006,175745,2007-02-01,Diesel,Automatique,130,Euro 3,Noir,Monospace,USA,16000,5597.0
Audi,A3,2006,28522,2006-03-15,Diesel,Automatique,150,Euro 3,Bleu,Crossover,USA,34000,16500.0
Toyota,RAV4,2011,118267,2011-07-02,Gaz,Automatique,150,Euro 4,Noir,Break,Italie,37000,21000.0
Tesla,Model 3,2011,105739,2014-12-29,Essence,Manuelle,150,Euro 4,Bleu,Crossover,Japon,45000,23205.0
Toyota,Yaris,2018,189994,2018-08-09,Diesel,Automatique,130,Euro 5,Blanc,Monospace,Italie,19000,14272.0
BMW,Serie 3,2012,98009,2014-04-13,Hybride,Manuelle,130,Euro 1,Blanc,Crossover,Espagne,45000,27115.0
Ford,Fiesta,2012,115627,2012-07-05,Essence,Automatique,200,Euro 4,Bleu,Break,Japon,18000,11130.0
Mercedes,Classe A,2014,94256,2016-05-29,Diesel,Manuelle,90,Euro 4,Rouge,SUV,USA,38000,23729.0
Hyundai,Tucson,2008,100042,2009-03-12,Diesel,Automatique,110,Euro 3,Blanc,Break,France,35000,16002.0
Audi,Q5,2017,67250,2020-09-18,Gaz,Automatique,110,Euro 5,Blanc,Monospace,Espagne,65000,50808.0
Audi,A4,2006,120861,2009-12-09,Essence,Automatique,90,Euro 3,Rouge,Berline,Italie,48000,16966.0
Ford,Focus,2018,113181,2021-01-06,Diesel,Manuelle,130,Euro 5,Rouge,Break,Allemagne,26000,19383.0
Hyundai,i30,2006,25138,2008-02-10,Gaz,Automatique,130,Euro 3,Blanc,Break,USA,22000,11792.0
Tesla,Model X,2009,158931,2009-08-01,Gaz,Manuelle,130,Euro 3,Gris,Monospace,Allemagne,120000,49120.0
Tesla,Model 3,2017,126752,2019-07-28,Diesel,Manuelle,150,Euro 5,Noir,Monospace,Italie,45000,31155.0
Dacia,Spring,2012,43496,2012-05-03,Gaz,Automatique,110,Euro 4,Gris,Crossover,Espagne,22000,15960.0
Renault,Talisman,2015,235940,2016-09-27,Hybride,Manuelle,130,Euro 1,Rouge,Berline,France,40000,22150.0
Dacia,Duster,2011,182275,2014-05-07,Essence,Automatique,90,Euro 4,Bleu,Crossover,Allemagne,19900,9374.0
Renault,Talisman,2005,248792,2005-05-22,Gaz,Manuelle,110,Euro 3,Gris,Break,Japon,40000,8094.0
Audi,Q5,2023,122698,2023-08-17,Diesel,Automatique,150,Euro 6,Bleu,Break,USA,65000,58225.0
Volkswagen,Golf,2006,32997,2007-02-07,Essence,Automatique,150,Euro 3,Bleu,Break,Allemagne,25000,11825.0
Citroen,C3,2016,62368,2017-02-06,Essence,Manuelle,110,Euro 5,Bleu,Berline,Espagne,16000,11270.0
Mercedes,GLC,2016,157262,2016-09-25,Hybride,Automatique,110,Euro 1,Blanc,Break,Espagne,85000,55571.0
Kia,Rio,2008,81939,2009-03-04,Diesel,Manuelle,150,Euro 3,Blanc,Berline,France,18900,8976.0
Mercedes,GLC,2024,167888,2026-07-12,Gaz,Manuelle,110,Euro 6,Rouge,Break,Italie,85000,73584.0
Dacia,Duster,2011,23078,2013-09-11,Gaz,Automatique,90,Euro 4,Rouge,Berline,France,19900,14337.0
Ford,Focus,2006,133500,2008-04-13,Essence,Automatique,110,Euro 3,Bleu,SUV,Allemagne,26000,9273.0
Audi,A4,2014,29224,2016-04-17,Essence,Automatique,90,Euro 4,Bleu,SUV,France,48000,33932.0
BMW,Serie 5,2020,104810,2023-11-23,Diesel,Automatique,150,Euro 6,Rouge,Monospace,Japon,65000,53430.0
Toyota,Corolla,2023,245509,2025-08-13,Gaz,Automatique,200,Euro 6,Blanc,SUV,Italie,28000,24455.0
Toyota,Yaris,2022,58431,2024-08-06,Gaz,Automatique,150,Euro 6,Blanc,Crossover,France,19000,21360.0
Volkswagen,Arteon,2022,86668,2023-09-27,Essence,Manuelle,130,Euro 6,Gris,Monospace,Allemagne,48000,41538.0
Volkswagen,Tiguan,2021,127683,2023-08-02,Hybride,Manuelle,90,Euro 1,Rouge,Crossover,USA,40000,34681.0
Citroen,C5 Aircross,2010,179680,2010-08-13,Gaz,Manuelle,110,Euro 4,Gris,Break,Japon,35000,15416.0
Kia,Ceed,2008,48395,2008-11-19,Essence,Automatique,150,Euro 3,Gris,Crossover,Allemagne,23000,12240.0
Kia,Ceed,2018,51030,2019-07-18,Gaz,Automatique,110,Euro 5,Gris,Break,Allemagne,23000,21252.0
Volkswagen,Golf,2013,19868,2014-09-18,Hybride,Automatique,200,Euro 1,Rouge,Berline,USA,25000,21120.0
Audi,A4,2015,96340,2015-09-16,Gaz,Automatique,200,Euro 5,Bleu,Monospace,Italie,48000,34240.0
Audi,Q5,2024,223642,2025-11-05,Diesel,Automatique,150,Euro 6,Rouge,SUV,Espagne,65000,53430.0
Tesla,Model 3,2007,44819,2008-06-29,Gaz,Automatique,90,Euro 3,Bleu,Berline,Espagne,45000,22230.0
Ford,Fiesta,2012,237435,2014-04-26,Essence,Automatique,130,Euro 4,Noir,SUV,USA,18000,8323.0
Tesla,Model 3,2005,170554,2005-08-17,Diesel,Manuelle,200,Euro 3,Noir,Monospace,Allemagne,45000,12220.0
Dacia,Duster,2015,109468,2017-08-21,Hybride,Manuelle,90,Euro 1,Gris,Crossover,Japon,19900,14994.0
Renault,Captur,2012,65860,2014-02-07,Diesel,Automatique,110,Euro 4,Rouge,Break,Japon,28000,18038.0
Peugeot,208,2023,151221,2024-02-21,Diesel,Manuelle,200,Euro 6,Bleu,Monospace,Japon,18000,16400.0
Peugeot,308,2010,95618,2011-07-15,Diesel,Automatique,130,Euro 4,Noir,Monospace,France,30000,16317.0
Renault,Megane,2022,242828,2025-12-08,Hybride,Automatique,130,Euro 1,Noir,Break,Japon,25000,21910.0
Toyota,RAV4,2017,164737,2017-11-10,Hybride,Manuelle,130,Euro 1,Rouge,Crossover,Espagne,37000,26019.0
Citroen,C4,2013,194791,2013-02-14,Hybride,Automatique,110,Euro 1,Gris,Berline,Allemagne,24000,14448.0
Renault,Talisman,2005,149994,2008-08-25,Diesel,Automatique,90,Euro 3,Bleu,Break,Espagne,40000,12441.0
Ford,Fiesta,2021,156184,2021-09-08,Hybride,Automatique,130,Euro 1,Bleu,Berline,Japon,18000,18468.0
Mercedes,Classe C,2012,209047,2013-02-24,Diesel,Automatique,110,Euro 4,Rouge,Crossover,France,55000,25564.0
Audi,A4,2016,27154,2017-01-02,Hybride,Automatique,200,Euro 1,Blanc,Break,Allemagne,48000,40700.0
Peugeot,308,2012,194672,2014-05-03,Hybride,Manuelle,90,Euro 1,Rouge,Berline,Allemagne,30000,15255.0
Peugeot,5008,2017,92381,2019-01-13,Hybride,Automatique,200,Euro 1,Rouge,Crossover,Japon,42000,34300.0
Dacia,Spring,2023,173878,2025-02-19,Hybride,Manuelle,200,Euro 1,Rouge,SUV,Allemagne,22000,21600.0
BMW,Serie 1,2007,132016,2007-08-11,Gaz,Automatique,130,Euro 3,Gris,Crossover,USA,35000,14328.0
Dacia,Sandero,2008,120911,2009-10-05,Essence,Automatique,150,Euro 3,Blanc,Break,France,15900,7360.0
Kia,Ceed,2009,137825,2009-05-25,Diesel,Automatique,130,Euro 3,Rouge,Monospace,USA,23000,11046.0
Renault,Clio,2019,247137,2021-12-11,Essence,Manuelle,150,Euro 5,Noir,Break,Allemagne,17000,10675.0
Tesla,Model S,2022,198843,2025-02-11,Diesel,Manuelle,130,Euro 6,Rouge,Monospace,Espagne,95000,72225.0
Citroen,C3,2022,145160,2024-07-07,Essence,Manuelle,110,Euro 6,Rouge,Berline,Italie,16000,12880.0
Audi,A6,2011,41568,2012-08-16,Diesel,Manuelle,150,Euro 4,Rouge,Crossover,Allemagne,72000,41895.0
Dacia,Sandero,2024,191776,2027-04-15,Diesel,Manuelle,90,Euro 6,Blanc,Crossover,Italie,15900,13608.0
Ford,Fiesta,2014,13629,2015-01-01,Hybride,Automatique,200,Euro 1,Noir,SUV,Italie,18000,17250.0
Volkswagen,Arteon,2010,45319,2013-04-02,Diesel,Automatique,90,Euro 4,Blanc,Monospace,France,48000,27486.0
Tesla,Model 3,2015,217842,2018-10-31,Diesel,Manuelle,110,Euro 5,Gris,Crossover,Espagne,45000,23972.0
Peugeot,208,2016,55864,2018-10-06,Hybride,Manuelle,110,Euro 1,Rouge,Crossover,Allemagne,18000,15691.0
Hyundai,i30,2016,224555,2019-11-05,Hybride,Manuelle,110,Euro 1,Noir,Berline,Japon,22000,14094.0
Peugeot,308,2007,99529,2008-06-23,Diesel,Manuelle,130,Euro 3,Bleu,Berline,Italie,30000,12520.0
Volkswagen,Arteon,2024,202841,2026-07-15,Electrique,Manuelle,110,Euro 1,Blanc,Monospace,France,48000,43280.0
Tesla,Model S,2008,199822,2008-12-19,Essence,Manuelle,200,Euro 3,Bleu,Crossover,USA,95000,31680.0
Renault,Captur,2007,177159,2010-05-19,Diesel,Manuelle,130,Euro 3,Blanc,Berline,USA,28000,9376.0
Kia,Ceed,2022,99197,2022-11-07,Gaz,Automatique,110,Euro 6,Blanc,Monospace,Espagne,23000,23460.0
BMW,Serie 1,2012,155944,2013-04-25,Gaz,Manuelle,110,Euro 4,Bleu,Crossover,Japon,35000,18424.0
BMW,Serie 1,2008,170193,2010-01-14,Diesel,Automatique,150,Euro 3,Rouge,Monospace,Allemagne,35000,13475.0
Mercedes,Classe C,2019,40446,2020-05-10,Gaz,Manuelle,150,Euro 5,Rouge,Berline,Italie,55000,46980.0
Mercedes,Classe E,2005,204223,2006-05-14,Diesel,Automatique,90,Euro 3,Bleu,Crossover,Allemagne,75000,17917.0
Audi,A4,2020,119039,2023-01-24,Gaz,Manuelle,200,Euro 6,Rouge,Break,Japon,48000,39655.0
Audi,A4,2008,244002,2009-01-30,Essence,Automatique,130,Euro 3,Gris,SUV,Japon,48000,14084.0
BMW,Serie 1,2022,138896,2024-01-18,Essence,Automatique,150,Euro 6,Noir,SUV,Japon,35000,30375.0
Renault,Clio,2024,133165,2024-02-29,Essence,Manuelle,200,Euro 6,Gris,SUV,Espagne,17000,15660.0
Toyota,RAV4,2020,141251,2023-05-27,Gaz,Manuelle,130,Euro 6,Blanc,Break,Allemagne,37000,29452.0
Mercedes,Classe E,2014,129994,2017-07-06,Diesel,Manuelle,130,Euro 4,Bleu,SUV,Italie,75000,44254.0
Peugeot,308,2006,215041,2008-09-10,Diesel,Automatique,200,Euro 3,Bleu,Berline,Espagne,30000,8500.0
Volkswagen,Golf,2016,84049,2018-11-09,Essence,Manuelle,200,Euro 5,Bleu,Crossover,Allemagne,25000,17680.0
Peugeot,208,2020,111605,2021-05-21,Hybride,Automatique,90,Euro 1,Gris,Break,Allemagne,18000,18403.0
Mercedes,Classe C,2007,59886,2010-06-03,Gaz,Manuelle,200,Euro 3,Rouge,Berline,France,55000,25740.0
Peugeot,3008,2010,99522,2010-06-19,Hybride,Automatique,130,Euro 1,Rouge,Berline,Japon,35000,20237.0
Peugeot,208,2017,132966,2019-02-10,Essence,Manuelle,200,Euro 5,Noir,Berline,Italie,18000,12540.0
Volkswagen,Golf,2015,195813,2018-09-18,Essence,Manuelle,150,Euro 5,Blanc,SUV,Japon,25000,13770.0
Hyundai,i30,2018,148768,2021-03-16,Electrique,Automatique,150,Euro 1,Bleu,Berline,Allemagne,22000,20740.0
Volkswagen,Tiguan,2005,229503,2005-07-13,Gaz,Manuelle,130,Euro 3,Gris,Monospace,Italie,40000,8988.0
BMW,X5,2013,15580,2016-06-17,Diesel,Manuelle,90,Euro 4,Rouge,Monospace,Espagne,80000,53394.0
Toyota,Corolla,2012,96804,2014-02-03,Diesel,Automatique,130,Euro 4,Noir,Break,France,28000,17215.0
Volkswagen,Passat,2014,121527,2017-10-26,Hybride,Automatique,110,Euro 1,Blanc,Crossover,Italie,36000,24418.0
Dacia,Spring,2021,56032,2023-06-27,Essence,Automatique,200,Euro 6,Gris,Break,Espagne,22000,21500.0
Tesla,Model X,2012,122565,2015-07-10,Diesel,Manuelle,200,Euro 4,Bleu,Berline,Allemagne,120000,63440.0
Toyota,Hilux,2013,197964,2016-12-07,Gaz,Manuelle,130,Euro 4,Rouge,Break,France,45000,22944.0
Kia,Rio,2018,131571,2020-02-13,Electrique,Automatique,150,Euro 1,Gris,Crossover,Allemagne,18900,18906.0
Peugeot,5008,2014,200864,2015-03-03,Hybride,Automatique,150,Euro 1,Gris,Crossover,Japon,42000,24250.0
Dacia,Spring,2020,112742,2022-05-21,Gaz,Manuelle,110,Euro 6,Gris,Break,Allemagne,22000,18942.0
Audi,Q5,2006,24528,2006-03-05,Gaz,Automatique,200,Euro 3,Gris,Monospace,USA,65000,31020.0
Hyundai,Tucson,2006,205944,2009-03-12,Essence,Automatique,90,Euro 3,Blanc,SUV,France,35000,9594.0
Toyota,RAV4,2014,32387,2015-01-21,Essence,Automatique,90,Euro 4,Gris,Berline,Espagne,37000,26063.0
Kia,Sportage,2006,57389,2008-06-18,Diesel,Automatique,150,Euro 3,Blanc,Break,Japon,34000,15375.0
Hyundai,Tucson,2011,107344,2012-07-13,Essence,Manuelle,110,Euro 4,Gris,Berline,Espagne,35000,17901.0
Peugeot,208,2007,247091,2007-08-17,Diesel,Manuelle,90,Euro 3,Noir,Crossover,Italie,18000,4725.0
Mercedes,GLC,2005,150054,2007-04-06,Essence,Manuelle,130,Euro 3,Noir,SUV,Japon,85000,23884.0
Tesla,Model 3,2019,84617,2021-09-03,Essence,Automatique,150,Euro 5,Rouge,Crossover,Japon,45000,36575.0
Citroen,C3,2017,174468,2017-06-06,Gaz,Manuelle,90,Euro 5,Rouge,Berline,USA,16000,11408.0
Toyota,RAV4,2011,110160,2014-12-12,Essence,Automatique,90,Euro 4,Noir,SUV,Japon,37000,19450.0
Renault,Captur,2014,28520,2017-05-22,Gaz,Manuelle,150,Euro 4,Noir,Berline,Japon,28000,21080.0
Mercedes,Classe C,2007,191196,2010-01-13,Gaz,Automatique,130,Euro 3,Blanc,Monospace,USA,55000,17940.0
Citroen,C5 Aircross,2008,32008,2009-08-13,Gaz,Manuelle,130,Euro 3,Blanc,Berline,Japon,35000,18522.0
Peugeot,308,2013,69972,2016-12-30,Diesel,Manuelle,200,Euro 4,Bleu,SUV,Espagne,30000,19520.0
Kia,Ceed,2018,208376,2020-11-26,Hybride,Automatique,200,Euro 1,Gris,Monospace,Allemagne,23000,18600.0
Kia,Ceed,2006,80009,2009-05-11,Essence,Automatique,110,Euro 3,Rouge,Break,Allemagne,23000,9538.0
Peugeot,308,2019,131472,2022-07-27,Electrique,Automatique,200,Euro 1,Rouge,Crossover,Japon,30000,28080.0
Renault,Megane,2014,148800,2016-10-03,Hybride,Manuelle,150,Euro 1,Noir,Monospace,Japon,25000,16520.0
Peugeot,3008,2020,42791,2020-10-25,Electrique,Automatique,150,Euro 1,Noir,Crossover,Espagne,35000,36540.0
Mercedes,Classe E,2010,143594,2011-12-20,Gaz,Automatique,200,Euro 4,Bleu,Berline,Allemagne,75000,35420.0
Audi,Q5,2015,125113,2018-04-27,Diesel,Manuelle,90,Euro 5,Blanc,Monospace,Allemagne,65000,40199.0
Tesla,Model S,2021,34997,2024-08-27,Electrique,Manuelle,150,Euro 1,Gris,SUV,France,95000,89320.0
Renault,Clio,2013,188267,2016-09-01,Hybride,Manuelle,110,Euro 1,Bleu,Berline,Italie,17000,10339.0
Hyundai,i30,2022,195816,2023-07-08,Hybride,Manuelle,110,Euro 1,Rouge,Crossover,Italie,22000,19575.0
Toyota,Corolla,2017,27423,2018-10-05,Gaz,Manuelle,200,Euro 5,Gris,Berline,Japon,28000,24255.0
Dacia,Duster,2005,231337,2008-10-09,Essence,Manuelle,110,Euro 3,Gris,Break,Italie,19900,4000.0
BMW,Serie 3,2010,217454,2013-03-21,Diesel,Manuelle,110,Euro 4,Blanc,SUV,Italie,45000,17057.0
Kia,Ceed,2022,210043,2024-07-22,Hybride,Automatique,200,Euro 1,Gris,SUV,Japon,23000,21900.0
Mercedes,GLC,2010,163448,2012-10-19,Hybride,Manuelle,150,Euro 1,Noir,SUV,Italie,85000,37590.0
Volkswagen,Golf,2011,223163,2014-04-21,Essence,Manuelle,200,Euro 4,Blanc,SUV,Italie,25000,10140.0
Renault,Megane,2015,59367,2015-02-07,Gaz,Manuelle,130,Euro 5,Gris,Crossover,Italie,25000,18904.0
Toyota,Corolla,2015,229268,2016-03-08,Hybride,Automatique,130,Euro 1,Bleu,Berline,Italie,28000,17493.0
Tesla,Model S,2009,182273,2010-09-18,Diesel,Automatique,130,Euro 3,Rouge,Break,USA,95000,36371.0
Kia,Sportage,2017,108355,2019-10-17,Diesel,Manuelle,200,Euro 5,Bleu,Break,Allemagne,34000,24840.0
Volkswagen,Arteon,2018,201660,2019-06-04,Hybride,Automatique,200,Euro 1,Rouge,SUV,France,48000,34100.0
Ford,Focus,2018,168832,2019-06-29,Hybride,Manuelle,150,Euro 1,Blanc,Break,USA,26000,20130.0
Audi,A3,2006,36296,2006-10-19,Gaz,Automatique,130,Euro 3,Rouge,Monospace,Espagne,34000,16684.0
Mercedes,Classe A,2017,194518,2019-06-16,Diesel,Manuelle,150,Euro 5,Gris,Berline,USA,38000,23700.0
Hyundai,Tucson,2023,232263,2024-11-15,Gaz,Automatique,150,Euro 6,Rouge,Monospace,France,35000,29600.0
Toyota,Yaris,2005,229362,2007-01-27,Essence,Manuelle,150,Euro 3,Gris,Berline,Italie,19000,4095.0
Ford,Kuga,2008,220682,2008-10-09,Essence,Manuelle,130,Euro 3,Bleu,Monospace,Allemagne,34000,10290.0
Volkswagen,Arteon,2019,88015,2019-02-07,Gaz,Automatique,150,Euro 5,Noir,Berline,France,48000,40810.0
BMW,Serie 3,2023,191030,2024-06-01,Essence,Automatique,150,Euro 6,Noir,Break,Japon,45000,37050.0
Ford,Focus,2020,100642,2020-03-24,Hybride,Manuelle,150,Euro 1,Rouge,Break,France,26000,23790.0
Kia,Sportage,2006,199733,2007-02-19,Gaz,Manuelle,110,Euro 3,Rouge,SUV,Allemagne,34000,9882.0
Kia,Rio,2022,209959,2022-12-20,Electrique,Automatique,150,Euro 1,Noir,Monospace,Espagne,18900,20276.0
Ford,Fiesta,2019,10779,2021-08-27,Hybride,Automatique,130,Euro 1,Rouge,Berline,Japon,18000,20412.0
Ford,Focus,2005,65447,2008-12-05,Gaz,Automatique,200,Euro 3,Rouge,Monospace,USA,26000,11655.0
Tesla,Model X,2020,96070,2020-06-14,Electrique,Manuelle,130,Euro 1,Noir,Crossover,France,120000,99777.0
Kia,Rio,2019,108513,2020-10-03,Diesel,Manuelle,200,Euro 5,Bleu,Crossover,Japon,18900,15675.0
Kia,Sportage,2016,60160,2017-06-16,Essence,Manuelle,130,Euro 5,Bleu,Berline,Japon,34000,24010.0
Kia,Ceed,2009,204007,2009-12-12,Essence,Manuelle,130,Euro 3,Rouge,Crossover,Espagne,23000,8155.0
Renault,Clio,2013,210693,2013-11-06,Hybride,Manuelle,90,Euro 1,Bleu,Berline,USA,17000,9614.0
Kia,Rio,2015,185291,2018-07-09,Gaz,Manuelle,110,Euro 5,Gris,Crossover,USA,18900,11825.0
Renault,Megane,2007,141710,2007-08-23,Gaz,Manuelle,130,Euro 3,Gris,Monospace,USA,25000,9730.0
Toyota,Hilux,2015,235370,2015-03-02,Hybride,Automatique,110,Euro 1,Gris,SUV,Japon,45000,25550.0
Hyundai,Tucson,2009,10677,2010-04-01,Essence,Automatique,200,Euro 3,Rouge,Monospace,Espagne,35000,20520.0
Audi,A6,2024,57361,2026-10-17,Electrique,Manuelle,110,Euro 1,Gris,Break,Japon,72000,74195.0
Kia,Ceed,2014,14824,2016-01-10,Diesel,Automatique,130,Euro 4,Gris,Monospace,Allemagne,23000,18147.0
Renault,Captur,2022,78457,2022-03-14,Hybride,Manuelle,200,Euro 1,Blanc,Monospace,Espagne,28000,28710.0
Citroen,C3,2009,67976,2011-09-06,Essence,Automatique,90,Euro 3,Rouge,Crossover,France,16000,8771.0
BMW,X5,2012,94070,2014-01-08,Gaz,Automatique,150,Euro 4,Bleu,SUV,USA,80000,46750.0
Peugeot,208,2017,95164,2019-11-04,Gaz,Automatique,200,Euro 5,Gris,SUV,Italie,18000,16450.0
Renault,Clio,2021,161592,2022-10-16,Diesel,Manuelle,200,Euro 6,Blanc,Monospace,France,17000,14250.0
Peugeot,308,2007,87088,2008-02-22,Diesel,Automatique,90,Euro 3,Rouge,Berline,Espagne,30000,13489.0
Kia,Rio,2016,127533,2019-04-03,Essence,Manuelle,110,Euro 5,Bleu,Break,Japon,18900,12160.0
Peugeot,3008,2006,149002,2008-09-24,Gaz,Automatique,150,Euro 3,Blanc,Crossover,Japon,35000,12800.0
Dacia,Duster,2008,221110,2008-02-04,Gaz,Automatique,130,Euro 3,Gris,SUV,Japon,19900,7410.0
Kia,Sportage,2017,85340,2020-01-28,Gaz,Automatique,130,Euro 5,Noir,Monospace,Espagne,34000,27548.0
Toyota,Yaris,2020,30372,2020-07-31,Gaz,Automatique,200,Euro 6,Rouge,SUV,Espagne,19000,20825.0
Peugeot,208,2007,185693,2010-07-13,Essence,Manuelle,130,Euro 3,Bleu,SUV,France,18000,5673.0
Mercedes,GLC,2021,106435,2022-05-24,Gaz,Manuelle,90,Euro 6,Rouge,Berline,France,85000,70794.0
Hyundai,i20,2015,35272,2018-11-22,Gaz,Automatique,200,Euro 5,Blanc,Break,Allemagne,19500,17500.0
Kia,Sportage,2021,24845,2023-10-29,Gaz,Automatique,90,Euro 6,Gris,Monospace,Italie,34000,34176.0
Peugeot,5008,2013,50002,2014-03-18,Diesel,Manuelle,150,Euro 4,Blanc,Berline,Espagne,42000,26970.0
Peugeot,208,2012,143353,2014-09-30,Essence,Manuelle,110,Euro 4,Noir,Break,Japon,18000,9050.0
Volkswagen,Tiguan,2024,233213,2027-10-23,Hybride,Manuelle,150,Euro 1,Bleu,Break,Espagne,40000,34265.0
Citroen,C5 Aircross,2009,194883,2012-02-07,Essence,Automatique,150,Euro 3,Gris,Crossover,USA,35000,13500.0
Ford,Kuga,2005,234123,2005-12-05,Diesel,Manuelle,90,Euro 3,Bleu,Monospace,Italie,34000,6980.0
Hyundai,i30,2022,45295,2025-10-20,Essence,Automatique,90,Euro 6,Noir,Berline,USA,22000,21510.0
Kia,Rio,2006,139654,2008-10-17,Essence,Manuelle,110,Euro 3,Noir,Crossover,Japon,18900,6270.0
Peugeot,208,2021,131941,2023-10-19,Hybride,Manuelle,150,Euro 1,Bleu,Crossover,Japon,18000,17550.0
Dacia,Spring,2019,125902,2021-03-11,Electrique,Automatique,200,Euro 1,Gris,SUV,Espagne,22000,22630.0
Toyota,Corolla,2024,115654,2026-06-23,Hybride,Automatique,130,Euro 1,Noir,Crossover,Italie,28000,30527.0
Mercedes,Classe C,2007,204440,2010-02-04,Gaz,Manuelle,110,Euro 3,Bleu,Monospace,Japon,55000,16704.0
Mercedes,GLC,2007,136360,2007-04-04,Essence,Manuelle,130,Euro 3,Rouge,Berline,Italie,85000,30708.0
Peugeot,3008,2011,98430,2013-02-23,Gaz,Automatique,110,Euro 4,Blanc,SUV,Italie,35000,20592.0
Tesla,Model S,2012,127399,2014-02-26,Hybride,Automatique,150,Euro 1,Blanc,SUV,Japon,95000,52780.0
BMW,X5,2017,100534,2018-01-15,Hybride,Manuelle,90,Euro 1,Gris,Crossover,Japon,80000,57891.0
Audi,Q5,2016,239298,2018-12-11,Diesel,Manuelle,110,Euro 5,Bleu,Monospace,Italie,65000,35033.0
Audi,A4,2023,44272,2026-08-05,Gaz,Automatique,150,Euro 6,Noir,Break,Italie,48000,49290.0
Kia,Ceed,2012,155756,2012-10-16,Essence,Automatique,200,Euro 4,Bleu,Berline,France,23000,12740.0
Audi,Q5,2010,201411,2010-01-03,Gaz,Manuelle,200,Euro 4,Bleu,Break,Italie,65000,26030.0
Kia,Sportage,2014,231444,2017-06-15,Essence,Automatique,90,Euro 4,Bleu,Break,USA,34000,16873.0
Volkswagen,Arteon,2013,212733,2013-01-30,Hybride,Automatique,110,Euro 1,Gris,SUV,Allemagne,48000,24886.0
Renault,Clio,2014,78225,2016-12-21,Hybride,Automatique,110,Euro 1,Gris,SUV,Espagne,17000,14553.0
Renault,Megane,2024,231540,2025-09-24,Electrique,Automatique,110,Euro 1,Noir,Monospace,Italie,25000,25487.0
Volkswagen,Tiguan,2007,130243,2008-04-17,Gaz,Manuelle,110,Euro 3,Gris,Break,Japon,40000,15336.0
Citroen,C4,2018,188298,2021-05-12,Gaz,Automatique,150,Euro 5,Noir,SUV,Allemagne,24000,18560.0
Ford,Focus,2013,60346,2016-10-05,Essence,Automatique,150,Euro 4,Noir,Crossover,USA,26000,17385.0
Kia,Sportage,2011,177620,2012-08-04,Hybride,Automatique,200,Euro 1,Bleu,Monospace,USA,34000,18040.0
Volkswagen,Tiguan,2008,197265,2010-10-28,Gaz,Automatique,200,Euro 3,Gris,Crossover,Japon,40000,15015.0
Peugeot,3008,2021,125561,2021-04-22,Diesel,Automatique,130,Euro 6,Blanc,Berline,Espagne,35000,30257.0
Peugeot,208,2012,218527,2014-05-20,Hybride,Automatique,130,Euro 1,Noir,Crossover,Italie,18000,10449.0
Hyundai,i30,2022,235144,2023-10-11,Essence,Manuelle,90,Euro 6,Bleu,SUV,Espagne,22000,15549.0
Citroen,C3,2017,93950,2017-12-06,Gaz,Manuelle,130,Euro 5,Bleu,Break,France,16000,13160.0
BMW,Serie 1,2011,192676,2012-04-28,Diesel,Manuelle,130,Euro 4,Rouge,Berline,Espagne,35000,15246.0
Audi,A4,2005,194638,2005-01-27,Diesel,Automatique,130,Euro 3,Noir,Berline,Allemagne,48000,12312.0
Toyota,RAV4,2019,130057,2019-03-21,Diesel,Manuelle,90,Euro 5,Blanc,SUV,France,37000,27288.0
Kia,Sportage,2024,124094,2027-05-24,Diesel,Manuelle,200,Euro 6,Rouge,Berline,Japon,34000,31680.0
Renault,Megane,2008,248032,2011-02-14,Diesel,Automatique,130,Euro 3,Noir,Break,Espagne,25000,7924.0
Dacia,Duster,2020,63484,2022-06-05,Gaz,Automatique,90,Euro 6,Noir,Monospace,USA,19900,19926.0
Citroen,C3,2014,221885,2014-09-15,Hybride,Automatique,90,Euro 1,Bleu,Berline,France,16000,10512.0
Volkswagen,Passat,2006,115873,2006-12-15,Gaz,Manuelle,90,Euro 3,Gris,Break,Espagne,36000,13440.0
Hyundai,i30,2016,219343,2017-04-23,Essence,Manuelle,150,Euro 5,Blanc,Berline,USA,22000,12375.0
Citroen,C4,2006,27936,2007-12-16,Essence,Manuelle,130,Euro 3,Noir,Berline,Japon,24000,10692.0
Volkswagen,Passat,2023,232040,2026-04-30,Essence,Automatique,110,Euro 6,Noir,Monospace,USA,36000,28194.0
Peugeot,308,2020,236847,2023-11-28,Electrique,Automatique,110,Euro 1,Gris,Crossover,USA,30000,24765.0
Renault,Megane,2009,43542,2009-09-23,Diesel,Manuelle,110,Euro 3,Gris,Berline,Espagne,25000,13311.0
Renault,Megane,2013,143049,2015-02-26,Gaz,Automatique,200,Euro 4,Blanc,Monospace,Italie,25000,16165.0
Volkswagen,Passat,2022,153512,2024-01-17,Electrique,Manuelle,200,Euro 1,Bleu,Monospace,Allemagne,36000,33970.0
Citroen,C4,2023,16995,2023-10-20,Essence,Manuelle,130,Euro 6,Bleu,Crossover,Italie,24000,23328.0
Renault,Captur,2010,102041,2013-04-19,Essence,Manuelle,200,Euro 4,Bleu,Monospace,Allemagne,28000,13920.0
Hyundai,i20,2011,106774,2014-08-09,Hybride,Manuelle,130,Euro 1,Noir,Berline,Italie,19500,12138.0
Dacia,Spring,2013,41377,2014-10-20,Gaz,Manuelle,130,Euro 4,Bleu,SUV,Italie,22000,15624.0
BMW,Serie 5,2018,51234,2018-01-09,Gaz,Manuelle,130,Euro 5,Blanc,Break,USA,65000,52206.0
Peugeot,3008,2008,222119,2008-08-27,Essence,Manuelle,150,Euro 3,Bleu,Monospace,Japon,35000,10650.0
Dacia,Sandero,2013,21653,2016-02-03,Hybride,Automatique,130,Euro 1,Noir,Monospace,Japon,15900,14430.0
Dacia,Spring,2012,235313,2012-12-29,Hybride,Manuelle,110,Euro 1,Gris,Crossover,USA,22000,10701.0
Peugeot,308,2008,248630,2010-06-13,Diesel,Automatique,150,Euro 3,Rouge,Berline,Japon,30000,9380.0
Tesla,Model X,2018,245240,2019-01-05,Gaz,Automatique,200,Euro 5,Blanc,Monospace,Japon,120000,72790.0
Audi,A4,2011,241540,2011-01-24,Essence,Automatique,110,Euro 4,Gris,Monospace,Allemagne,48000,18537.0
Audi,A6,2024,224240,2027-11-13,Electrique,Automatique,90,Euro 1,Noir,Break,USA,72000,62322.0
Ford,Focus,2022,197250,2022-04-25,Hybride,Manuelle,200,Euro 1,Bleu,Berline,Japon,26000,23250.0
Ford,Fiesta,2010,66902,2013-09-24,Hybride,Automatique,90,Euro 1,Blanc,Berline,USA,18000,12428.0
Audi,A6,2018,146615,2019-06-18,Gaz,Manuelle,90,Euro 5,Noir,Monospace,Japon,72000,50592.0
Hyundai,i20,2009,198948,2011-06-03,Diesel,Manuelle,200,Euro 3,Noir,Monospace,France,19500,7740.0
Renault,Megane,2020,171089,2021-04-14,Electrique,Automatique,130,Euro 1,Gris,Break,Allemagne,25000,23643.0
Renault,Megane,2024,237977,2024-06-23,Hybride,Automatique,200,Euro 1,Bleu,Berline,Japon,25000,24640.0
Hyundai,i30,2019,209060,2020-08-26,Diesel,Automatique,130,Euro 5,Blanc,Crossover,USA,22000,16445.0
Hyundai,i20,2024,132285,2024-04-30,Diesel,Automatique,90,Euro 6,Blanc,Crossover,Espagne,19500,19488.0
Renault,Clio,2018,143459,2018-10-17,Electrique,Automatique,110,Euro 1,Noir,Berline,USA,17000,17068.0
Mercedes,GLC,2007,175714,2010-12-16,Gaz,Automatique,200,Euro 3,Blanc,Berline,Espagne,85000,28960.0
Toyota,Hilux,2011,155373,2014-10-24,Diesel,Automatique,130,Euro 4,Rouge,SUV,Espagne,45000,22218.0
Volkswagen,Tiguan,2010,144954,2012-07-23,Hybride,Automatique,130,Euro 1,Rouge,Break,France,40000,20372.0
Toyota,RAV4,2016,139763,2018-04-26,Essence,Manuelle,150,Euro 5,Noir,Berline,Italie,37000,23625.0
Toyota,Hilux,2011,57276,2014-03-20,Hybride,Automatique,130,Euro 1,Gris,Berline,Espagne,45000,28728.0
Hyundai,Tucson,2011,191749,2013-11-15,Essence,Automatique,150,Euro 4,Gris,SUV,Japon,35000,15750.0
Tesla,Model 3,2012,188110,2014-12-23,Essence,Automatique,90,Euro 4,Bleu,Berline,USA,45000,21574.0
Dacia,Duster,2024,140693,2025-12-24,Essence,Manuelle,150,Euro 6,Blanc,Berline,Italie,19900,17544.0
Citroen,C3,2020,83395,2020-12-08,Essence,Manuelle,110,Euro 6,Rouge,Berline,Japon,16000,12880.0
Toyota,RAV4,2019,228033,2020-08-27,Diesel,Manuelle,150,Euro 5,Bleu,Monospace,Japon,37000,24255.0
Dacia,Duster,2006,181026,2007-07-28,Essence,Automatique,200,Euro 3,Bleu,Break,Japon,19900,6412.0
Ford,Focus,2010,122090,2010-06-25,Gaz,Automatique,200,Euro 4,Blanc,Monospace,Espagne,26000,14490.0
BMW,Serie 1,2018,240632,2018-06-04,Hybride,Automatique,200,Euro 1,Bleu,Berline,France,35000,24360.0
Audi,A4,2023,141541,2025-04-04,Diesel,Manuelle,150,Euro 6,Gris,Crossover,France,48000,41085.0
Volkswagen,Tiguan,2017,31170,2020-07-06,Essence,Automatique,110,Euro 5,Bleu,Break,Italie,40000,31996.0
Mercedes,Classe A,2021,150539,2023-08-22,Hybride,Automatique,130,Euro 1,Gris,Monospace,USA,38000,33668.0
Citroen,C4,2007,121025,2009-11-30,Gaz,Automatique,130,Euro 3,Noir,Crossover,Espagne,24000,10656.0
Renault,Clio,2019,53287,2020-09-17,Hybride,Manuelle,130,Euro 1,Noir,Berline,Italie,17000,17040.0
Peugeot,308,2016,162772,2016-02-18,Essence,Manuelle,110,Euro 5,Blanc,Berline,USA,30000,18060.0
Dacia,Duster,2005,11789,2007-06-23,Essence,Automatique,110,Euro 3,Gris,Crossover,Espagne,19900,9240.0
Citroen,C4,2005,206179,2007-02-17,Diesel,Automatique,110,Euro 3,Gris,Break,Italie,24000,6233.0
Hyundai,Tucson,2019,193876,2020-07-12,Hybride,Automatique,200,Euro 1,Bleu,SUV,France,35000,27720.0
Peugeot,308,2020,246544,2021-05-19,Electrique,Automatique,110,Euro 1,Noir,Berline,France,30000,24384.0
Volkswagen,Tiguan,2022,237815,2022-07-20,Electrique,Manuelle,130,Euro 1,Gris,SUV,France,40000,32873.0
Peugeot,308,2021,244296,2023-10-15,Gaz,Manuelle,200,Euro 6,Rouge,Break,USA,30000,22445.0
Hyundai,i30,2005,47591,2007-02-05,Diesel,Automatique,200,Euro 3,Bleu,Break,France,22000,10140.0
BMW,Serie 5,2024,148666,2025-03-13,Essence,Automatique,110,Euro 6,Blanc,SUV,Allemagne,65000,57706.0
Ford,Kuga,2020,197922,2021-09-03,Gaz,Automatique,90,Euro 6,Blanc,Break,Italie,34000,26496.0
Mercedes,Classe C,2017,116696,2020-06-03,Essence,Manuelle,90,Euro 5,Noir,SUV,Allemagne,55000,37332.0
Mercedes,Classe E,2016,76970,2019-07-19,Essence,Manuelle,130,Euro 5,Noir,Berline,Allemagne,75000,51957.0
Toyota,Corolla,2008,230401,2010-04-25,Diesel,Automatique,130,Euro 3,Gris,Monospace,France,28000,9077.0
Kia,Sportage,2008,10501,2011-09-02,Essence,Automatique,130,Euro 3,Noir,Break,USA,34000,18513.0
Mercedes,GLC,2011,25735,2014-09-19,Diesel,Automatique,200,Euro 4,Noir,Crossover,Espagne,85000,52510.0
Toyota,Yaris,2008,104613,2008-06-25,Gaz,Manuelle,150,Euro 3,Gris,Crossover,USA,19000,9240.0
Audi,A3,2006,27568,2008-09-06,Essence,Automatique,130,Euro 3,Rouge,Crossover,Japon,34000,15972.0
Volkswagen,Passat,2010,171888,2013-06-04,Gaz,Manuelle,90,Euro 4,Blanc,Monospace,Espagne,36000,15744.0
Renault,Talisman,2014,124406,2015-11-24,Essence,Automatique,200,Euro 4,Rouge,Break,Espagne,40000,24940.0
Volkswagen,Arteon,2017,179398,2017-09-07,Essence,Automatique,150,Euro 5,Gris,Break,Allemagne,48000,31310.0
Tesla,Model S,2009,162127,2011-02-21,Essence,Automatique,110,Euro 3,Gris,Crossover,USA,95000,37869.0
Toyota,Yaris,2018,13697,2020-06-01,Hybride,Automatique,90,Euro 1,Bleu,Monospace,USA,19000,20169.0
Dacia,Duster,2024,40358,2025-12-29,Hybride,Manuelle,200,Euro 1,Rouge,Monospace,Japon,19900,23904.0
Dacia,Duster,2006,65445,2008-05-18,Gaz,Manuelle,90,Euro 3,Bleu,Break,Italie,19900,8920.0
Mercedes,Classe A,2009,125206,2012-01-10,Diesel,Automatique,110,Euro 3,Bleu,Crossover,France,38000,17673.0
Tesla,Model X,2020,186261,2021-11-24,Electrique,Manuelle,90,Euro 1,Noir,Crossover,Italie,120000,88130.0
Audi,A4,2014,107793,2014-05-13,Gaz,Manuelle,130,Euro 4,Rouge,Crossover,France,48000,30480.0
Kia,Sportage,2021,214133,2021-06-15,Essence,Manuelle,110,Euro 6,Blanc,Crossover,Espagne,34000,23870.0
Hyundai,Tucson,2009,232659,2012-03-02,Essence,Manuelle,150,Euro 3,Noir,Crossover,USA,35000,11360.0
Peugeot,208,2020,79608,2022-12-22,Hybride,Manuelle,200,Euro 1,Bleu,Berline,Japon,18000,18630.0
Renault,Clio,2005,154919,2006-06-04,Diesel,Automatique,110,Euro 3,Blanc,Crossover,Italie,17000,5628.0
Dacia,Duster,2009,166552,2011-03-16,Gaz,Manuelle,90,Euro 3,Gris,Monospace,Allemagne,19900,8697.0
Renault,Clio,2011,203581,2013-11-03,Gaz,Manuelle,200,Euro 4,Bleu,SUV,Espagne,17000,8405.0
Renault,Talisman,2016,60257,2018-10-06,Essence,Manuelle,200,Euro 5,Bleu,Crossover,Japon,40000,28700.0
Ford,Kuga,2011,139455,2011-10-28,Essence,Automatique,200,Euro 4,Blanc,SUV,Japon,34000,17760.0
BMW,X5,2024,166740,2026-11-16,Gaz,Automatique,130,Euro 6,Blanc,Berline,France,80000,71232.0
BMW,X5,2009,84047,2009-08-18,Diesel,Manuelle,200,Euro 3,Bleu,Monospace,Allemagne,80000,38540.0
Kia,Sportage,2008,184815,2010-12-07,Essence,Automatique,90,Euro 3,Rouge,Berline,Allemagne,34000,12206.0
Ford,Focus,2020,41724,2020-02-11,Electrique,Manuelle,200,Euro 1,Bleu,Break,Italie,26000,27720.0
Peugeot,208,2019,141564,2019-05-23,Gaz,Automatique,150,Euro 5,Blanc,Monospace,Allemagne,18000,16330.0
Renault,Captur,2017,248023,2019-12-01,Hybride,Automatique,130,Euro 1,Bleu,Monospace,Allemagne,28000,18865.0
Tesla,Model 3,2011,160246,2013-05-05,Essence,Manuelle,150,Euro 4,Gris,Berline,Japon,45000,20475.0
Mercedes,Classe A,2015,233302,2017-12-18,Diesel,Automatique,150,Euro 5,Rouge,Berline,France,38000,20750.0
Renault,Captur,2017,82435,2019-06-18,Hybride,Manuelle,130,Euro 1,Bleu,Monospace,Italie,28000,22933.0
Peugeot,208,2006,182399,2009-02-15,Diesel,Automatique,130,Euro 3,Gris,Berline,Espagne,18000,5964.0
Hyundai,i30,2018,231477,2019-04-07,Electrique,Automatique,110,Euro 1,Blanc,Break,Italie,22000,17759.0
Ford,Focus,2007,94739,2010-07-10,Essence,Manuelle,110,Euro 3,Rouge,SUV,France,26000,10440.0
BMW,Serie 5,2012,234672,2012-05-11,Diesel,Automatique,110,Euro 4,Rouge,Monospace,France,65000,27921.0
Peugeot,5008,2021,152902,2022-10-04,Essence,Automatique,110,Euro 6,Rouge,Berline,USA,42000,33516.0
Audi,A6,2016,126782,2019-03-22,Gaz,Manuelle,110,Euro 5,Rouge,Berline,France,72000,47744.0
Volkswagen,Arteon,2023,66068,2025-04-08,Gaz,Automatique,200,Euro 6,Noir,Crossover,Espagne,48000,48685.0
Peugeot,5008,2022,241112,2023-03-20,Hybride,Manuelle,130,Euro 1,Blanc,Crossover,Espagne,42000,32410.0
Tesla,Model S,2012,41127,2013-09-25,Hybride,Automatique,200,Euro 1,Bleu,Berline,USA,95000,61200.0
Peugeot,308,2020,122465,2023-07-10,Gaz,Automatique,150,Euro 6,Gris,SUV,Allemagne,30000,26600.0
Audi,A6,2013,136432,2016-11-24,Essence,Automatique,110,Euro 4,Noir,Break,France,72000,40014.0
Volkswagen,Tiguan,2016,188068,2018-05-01,Gaz,Manuelle,150,Euro 5,Gris,Berline,Allemagne,40000,24940.0
Volkswagen,Passat,2018,84604,2018-11-25,Gaz,Automatique,90,Euro 5,Noir,Berline,USA,36000,29896.0
BMW,Serie 5,2009,86797,2012-10-28,Gaz,Automatique,200,Euro 3,Blanc,Crossover,Espagne,65000,33135.0
Renault,Megane,2009,205318,2009-03-01,Gaz,Automatique,200,Euro 3,Noir,SUV,USA,25000,10675.0
Kia,Ceed,2005,101746,2006-03-26,Essence,Automatique,130,Euro 3,Noir,Break,France,23000,8349.0
BMW,X5,2024,162847,2024-12-16,Hybride,Manuelle,130,Euro 1,Bleu,Berline,Italie,80000,70812.0
Renault,Megane,2011,208204,2012-09-11,Diesel,Automatique,90,Euro 4,Bleu,Monospace,Allemagne,25000,11439.0
Toyota,Hilux,2015,202727,2018-11-03,Hybride,Automatique,110,Euro 1,Rouge,Break,Japon,45000,27083.0
Mercedes,GLC,2007,102789,2010-02-15,Diesel,Manuelle,130,Euro 3,Gris,Berline,Japon,85000,33657.0
Renault,Clio,2010,113556,2011-01-02,Diesel,Manuelle,150,Euro 4,Rouge,Monospace,Italie,17000,8695.0
Hyundai,i20,2016,70400,2016-02-18,Gaz,Automatique,110,Euro 5,Noir,SUV,Espagne,19500,16629.0
Toyota,Hilux,2021,63349,2023-11-10,Electrique,Manuelle,110,Euro 1,Bleu,Break,Japon,45000,43435.0
Kia,Rio,2024,201902,2024-03-06,Electrique,Manuelle,150,Euro 1,Noir,Crossover,France,18900,20320.0
Dacia,Duster,2014,191023,2016-08-10,Gaz,Manuelle,110,Euro 4,Rouge,Berline,Espagne,19900,11475.0
Citroen,C4,2008,207652,2011-10-15,Essence,Manuelle,110,Euro 3,Noir,Break,Allemagne,24000,7712.0
Dacia,Sandero,2013,179211,2014-04-19,Essence,Automatique,130,Euro 4,Gris,Break,Italie,15900,9100.0
Toyota,Yaris,2024,226745,2025-05-27,Gaz,Automatique,110,Euro 6,Blanc,Crossover,Allemagne,19000,18408.0
Hyundai,i20,2023,106506,2026-10-03,Gaz,Automatique,130,Euro 6,Noir,Break,Espagne,19500,21141.0
Ford,Focus,2020,125171,2023-08-23,Gaz,Automatique,200,Euro 6,Gris,Berline,Japon,26000,23940.0
Toyota,Yaris,2023,73670,2023-06-19,Electrique,Manuelle,150,Euro 1,Gris,Crossover,Italie,19000,22950.0
Tesla,Model 3,2015,17231,2017-05-27,Diesel,Manuelle,130,Euro 5,Gris,Monospace,France,45000,33336.0
Citroen,C3,2019,25188,2019-02-14,Electrique,Manuelle,130,Euro 1,Gris,Monospace,Italie,16000,18509.0
BMW,Serie 3,2019,62434,2019-08-25,Essence,Manuelle,200,Euro 5,Noir,Break,USA,45000,36340.0
Renault,Clio,2023,226852,2024-10-21,Electrique,Automatique,150,Euro 1,Rouge,Crossover,Italie,17000,19125.0
Volkswagen,Passat,2014,49797,2014-05-03,Essence,Automatique,200,Euro 4,Bleu,Break,USA,36000,25740.0
Hyundai,i20,2010,27970,2011-07-14,Gaz,Automatique,150,Euro 4,Rouge,SUV,Japon,19500,13720.0
Toyota,RAV4,2020,60866,2023-10-05,Diesel,Automatique,130,Euro 6,Gris,Monospace,Japon,37000,33046.0
Kia,Rio,2019,183609,2022-08-03,Essence,Automatique,200,Euro 5,Rouge,Crossover,Espagne,18900,14673.0
Tesla,Model 3,2019,53852,2019-04-27,Diesel,Automatique,130,Euro 5,Gris,SUV,Italie,45000,38640.0
Ford,Focus,2005,138597,2007-02-11,Diesel,Automatique,110,Euro 3,Noir,Crossover,Italie,26000,8730.0
Renault,Talisman,2010,137989,2013-03-07,Gaz,Manuelle,110,Euro 4,Blanc,SUV,France,40000,19170.0
Kia,Sportage,2019,59997,2021-03-27,Essence,Manuelle,200,Euro 5,Noir,Berline,Allemagne,34000,28000.0
Mercedes,Classe E,2013,36451,2014-07-07,Essence,Manuelle,90,Euro 4,Blanc,Break,USA,75000,47936.0
Citroen,C4,2023,231208,2024-08-06,Diesel,Manuelle,110,Euro 6,Rouge,Break,Espagne,24000,18574.0
Kia,Rio,2016,135836,2016-11-27,Diesel,Manuelle,110,Euro 5,Rouge,Monospace,Italie,18900,12600.0
Citroen,C3,2009,95777,2012-01-31,Essence,Automatique,90,Euro 3,Noir,Berline,Allemagne,16000,8234.0
BMW,X5,2012,144031,2012-06-02,Gaz,Manuelle,90,Euro 4,Bleu,Crossover,Italie,80000,41200.0
Ford,Fiesta,2021,183550,2023-06-26,Gaz,Manuelle,90,Euro 6,Noir,SUV,France,18000,14892.0
Volkswagen,Passat,2022,228259,2024-02-04,Electrique,Manuelle,130,Euro 1,Gris,Monospace,USA,36000,30456.0
Audi,A3,2023,248779,2024-08-15,Diesel,Manuelle,130,Euro 6,Noir,Break,Espagne,34000,25769.0
Kia,Rio,2005,82394,2008-11-27,Essence,Manuelle,110,Euro 3,Rouge,Break,France,18900,6650.0
Peugeot,3008,2010,41076,2011-07-05,Essence,Manuelle,150,Euro 4,Rouge,Break,Japon,35000,19170.0
BMW,Serie 1,2007,225348,2010-02-20,Gaz,Manuelle,110,Euro 3,Bleu,Monospace,Espagne,35000,10152.0
Toyota,Hilux,2012,162620,2015-01-09,Gaz,Manuelle,130,Euro 4,Noir,Break,USA,45000,22944.0
Renault,Captur,2009,234827,2011-02-25,Gaz,Manuelle,110,Euro 3,Gris,Monospace,France,28000,9792.0
BMW,Serie 5,2006,75962,2009-02-23,Essence,Manuelle,150,Euro 3,Noir,Break,Italie,65000,25545.0
Renault,Megane,2007,223337,2010-02-25,Diesel,Automatique,150,Euro 3,Gris,Monospace,Espagne,25000,7695.0
Ford,Focus,2007,188407,2009-06-02,Essence,Automatique,200,Euro 3,Rouge,Break,Italie,26000,8990.0
Tesla,Model 3,2024,106374,2025-07-24,Gaz,Automatique,150,Euro 6,Bleu,Crossover,France,45000,45000.0
Renault,Megane,2017,32999,2020-04-09,Essence,Automatique,90,Euro 5,Gris,Crossover,Italie,25000,20444.0
BMW,Serie 1,2007,42616,2008-09-23,Essence,Manuelle,150,Euro 3,Noir,SUV,Espagne,35000,15975.0
Dacia,Duster,2023,89550,2026-03-30,Gaz,Manuelle,110,Euro 6,Rouge,Break,France,19900,20025.0
Audi,A4,2021,178054,2021-07-13,Diesel,Automatique,200,Euro 6,Noir,Monospace,Espagne,48000,38480.0
Renault,Captur,2007,93751,2009-08-16,Essence,Automatique,200,Euro 3,Gris,Monospace,France,28000,12400.0
BMW,X5,2011,75189,2014-04-11,Hybride,Automatique,200,Euro 1,Noir,Crossover,Japon,80000,46980.0
Renault,Clio,2010,141761,2010-10-20,Gaz,Manuelle,150,Euro 4,Rouge,SUV,France,17000,8800.0
Renault,Captur,2013,111621,2015-10-08,Hybride,Automatique,90,Euro 1,Noir,Crossover,France,28000,18984.0
BMW,X5,2008,41728,2011-07-03,Essence,Automatique,110,Euro 3,Rouge,SUV,Japon,80000,39408.0
Tesla,Model 3,2017,163288,2018-06-09,Gaz,Automatique,110,Euro 5,Noir,Berline,Italie,45000,31248.0
Toyota,Hilux,2022,207810,2023-11-16,Essence,Manuelle,90,Euro 6,Blanc,Monospace,France,45000,33226.0
BMW,X5,2018,56160,2018-06-11,Diesel,Automatique,110,Euro 5,Noir,Break,Italie,80000,63987.0
Toyota,RAV4,2007,83237,2007-01-15,Gaz,Manuelle,110,Euro 3,Blanc,Monospace,Allemagne,37000,16236.0
Toyota,RAV4,2010,227330,2011-01-05,Hybride,Automatique,130,Euro 1,Blanc,Crossover,Italie,37000,15588.0
Volkswagen,Passat,2017,15127,2019-02-25,Essence,Manuelle,200,Euro 5,Blanc,Break,USA,36000,28860.0
Volkswagen,Passat,2012,108318,2012-01-12,Essence,Automatique,90,Euro 4,Bleu,Berline,USA,36000,20466.0
Hyundai,Tucson,2012,10305,2012-04-25,Gaz,Manuelle,130,Euro 4,Gris,Monospace,Italie,35000,23814.0
Tesla,Model 3,2020,178537,2020-11-15,Essence,Manuelle,90,Euro 6,Noir,Monospace,Allemagne,45000,31879.0
Hyundai,Tucson,2009,82529,2009-10-10,Diesel,Manuelle,90,Euro 3,Noir,Berline,Allemagne,35000,16873.0
Kia,Ceed,2014,92567,2015-03-09,Hybride,Manuelle,90,Euro 1,Noir,Break,USA,23000,16409.0
Toyota,Hilux,2023,207753,2023-04-30,Gaz,Manuelle,200,Euro 6,Gris,SUV,Allemagne,45000,37345.0
Ford,Kuga,2014,116126,2014-10-29,Gaz,Automatique,90,Euro 4,Blanc,Crossover,USA,34000,22656.0
Hyundai,i20,2024,198977,2024-04-23,Electrique,Automatique,90,Euro 1,Bleu,SUV,Japon,19500,22194.0
Mercedes,Classe C,2015,187495,2017-05-20,Hybride,Automatique,150,Euro 1,Gris,Berline,Allemagne,55000,33825.0
Toyota,RAV4,2007,138338,2010-12-24,Diesel,Automatique,200,Euro 3,Rouge,Break,Allemagne,37000,14760.0
Tesla,Model S,2017,220928,2017-03-14,Diesel,Automatique,90,Euro 5,Noir,Crossover,USA,95000,55803.0
Toyota,Corolla,2007,54972,2009-02-23,Diesel,Automatique,200,Euro 3,Bleu,Crossover,France,28000,14080.0
Tesla,Model 3,2008,33535,2010-11-10,Essence,Automatique,130,Euro 3,Gris,SUV,Japon,45000,23177.0
BMW,Serie 1,2005,197581,2005-02-07,Diesel,Automatique,90,Euro 3,Bleu,Break,France,35000,9096.0
Hyundai,i20,2023,199506,2023-03-13,Diesel,Automatique,110,Euro 6,Blanc,Crossover,Allemagne,19500,17628.0
Hyundai,Tucson,2013,224712,2015-01-30,Diesel,Manuelle,130,Euro 4,Bleu,Berline,Espagne,35000,16335.0
Audi,A4,2013,48846,2013-08-01,Diesel,Automatique,90,Euro 4,Noir,SUV,Japon,48000,32067.0
BMW,Serie 1,2005,90221,2005-11-04,Diesel,Automatique,130,Euro 3,Bleu,Monospace,Japon,35000,13022.0
Hyundai,i30,2019,182511,2020-01-15,Gaz,Automatique,200,Euro 5,Gris,SUV,Japon,22000,18425.0
Audi,A6,2009,234499,2012-11-25,Essence,Manuelle,150,Euro 3,Noir,Berline,Italie,72000,23200.0
Dacia,Duster,2015,56294,2015-12-30,Diesel,Automatique,150,Euro 5,Gris,Crossover,USA,19900,15912.0
Dacia,Spring,2017,35576,2017-02-18,Hybride,Automatique,130,Euro 1,Rouge,Monospace,France,22000,21508.0
Ford,Focus,2023,218668,2023-04-04,Diesel,Manuelle,200,Euro 6,Bleu,Crossover,USA,26000,21280.0
Citroen,C5 Aircross,2021,133805,2024-01-05,Hybride,Manuelle,90,Euro 1,Noir,SUV,Japon,35000,30342.0
Volkswagen,Passat,2023,39203,2025-09-22,Electrique,Automatique,150,Euro 1,Blanc,Monospace,Italie,36000,41830.0
Tesla,Model S,2019,136377,2019-04-16,Diesel,Manuelle,200,Euro 5,Bleu,Crossover,Japon,95000,69840.0
Peugeot,208,2020,71450,2022-06-05,Gaz,Automatique,130,Euro 6,Bleu,Break,Italie,18000,18468.0
Dacia,Sandero,2011,181699,2011-11-27,Diesel,Manuelle,90,Euro 4,Bleu,SUV,Japon,15900,7224.0
Toyota,RAV4,2023,29965,2025-11-07,Electrique,Manuelle,150,Euro 1,Blanc,Monospace,France,37000,41325.0
Dacia,Sandero,2005,240535,2006-01-30,Diesel,Automatique,200,Euro 3,Bleu,SUV,Espagne,15900,3781.0
Audi,A3,2019,45965,2022-12-26,Gaz,Manuelle,150,Euro 5,Rouge,SUV,Italie,34000,29970.0
Volkswagen,Tiguan,2009,213779,2009-01-24,Diesel,Automatique,200,Euro 3,Gris,Monospace,Japon,40000,14960.0
Kia,Ceed,2024,33867,2027-05-18,Essence,Manuelle,90,Euro 6,Rouge,Monospace,Italie,23000,22213.0
Kia,Sportage,2007,161358,2010-02-21,Essence,Manuelle,200,Euro 3,Rouge,Break,Allemagne,34000,11550.0
Citroen,C4,2022,170068,2022-09-17,Diesel,Manuelle,130,Euro 6,Noir,Monospace,France,24000,19481.0
Dacia,Sandero,2014,176071,2015-03-23,Hybride,Manuelle,90,Euro 1,Blanc,Crossover,Allemagne,15900,10494.0
Tesla,Model 3,2009,12621,2009-02-14,Essence,Automatique,200,Euro 3,Blanc,SUV,France,45000,25920.0
Dacia,Spring,2017,190582,2020-01-18,Gaz,Automatique,150,Euro 5,Blanc,Monospace,France,22000,16200.0
Tesla,Model S,2012,59992,2013-05-17,Diesel,Manuelle,150,Euro 4,Blanc,Crossover,Japon,95000,56935.0
Volkswagen,Passat,2011,14318,2012-03-10,Essence,Automatique,150,Euro 4,Bleu,Break,Italie,36000,23100.0
Toyota,RAV4,2005,104680,2008-11-26,Diesel,Manuelle,110,Euro 3,Rouge,Berline,Japon,37000,12573.0
Hyundai,i30,2009,192717,2010-08-18,Gaz,Automatique,110,Euro 3,Noir,Break,Espagne,22000,9576.0
Citroen,C5 Aircross,2008,175568,2009-08-15,Diesel,Automatique,90,Euro 3,Blanc,Monospace,Espagne,35000,13265.0
BMW,Serie 1,2016,65730,2016-03-30,Diesel,Manuelle,200,Euro 5,Bleu,Berline,Japon,35000,25900.0
Dacia,Spring,2020,240111,2022-05-03,Essence,Automatique,130,Euro 6,Gris,Crossover,USA,22000,15552.0
Citroen,C3,2013,190202,2015-06-10,Essence,Manuelle,110,Euro 4,Gris,Monospace,USA,16000,7728.0
Hyundai,i30,2018,175295,2020-05-17,Diesel,Automatique,90,Euro 5,Bleu,Monospace,France,22000,16185.0
Citroen,C5 Aircross,2024,73248,2025-07-09,Essence,Manuelle,150,Euro 6,Rouge,Break,Allemagne,35000,33015.0
Volkswagen,Tiguan,2018,191745,2020-06-23,Electrique,Manuelle,110,Euro 1,Gris,SUV,Allemagne,40000,29043.0
Citroen,C4,2020,10941,2023-08-11,Gaz,Automatique,110,Euro 6,Rouge,Monospace,Japon,24000,24882.0
Mercedes,Classe E,2012,136930,2013-01-08,Essence,Automatique,150,Euro 4,Noir,Break,France,75000,39525.0
Mercedes,Classe C,2020,96347,2021-07-18,Gaz,Automatique,200,Euro 6,Noir,Crossover,Espagne,55000,47795.0
Kia,Rio,2011,154284,2014-12-06,Hybride,Manuelle,130,Euro 1,Blanc,SUV,USA,18900,10672.0
Volkswagen,Tiguan,2014,200685,2017-03-27,Essence,Automatique,130,Euro 4,Rouge,Berline,France,40000,21150.0
Hyundai,Tucson,2007,110277,2007-04-09,Essence,Automatique,90,Euro 3,Gris,Crossover,France,35000,14022.0
Toyota,Corolla,2018,92032,2018-02-24,Electrique,Manuelle,90,Euro 1,Rouge,Monospace,Allemagne,28000,24747.0
Audi,A6,2023,229422,2025-08-03,Gaz,Automatique,90,Euro 6,Gris,Berline,Italie,72000,57300.0
Tesla,Model 3,2017,115923,2017-04-24,Gaz,Manuelle,90,Euro 5,Rouge,Break,USA,45000,32232.0
Toyota,Corolla,2009,27380,2012-03-06,Diesel,Automatique,90,Euro 3,Gris,Crossover,France,28000,16377.0
Peugeot,5008,2023,207186,2026-11-11,Gaz,Manuelle,150,Euro 6,Blanc,Break,Japon,42000,34650.0
Hyundai,Tucson,2009,188470,2012-10-16,Diesel,Automatique,90,Euro 3,Bleu,Break,Espagne,35000,14023.0
Ford,Fiesta,2022,64130,2023-07-23,Electrique,Automatique,130,Euro 1,Bleu,Crossover,Italie,18000,23144.0
Renault,Captur,2014,84742,2016-12-28,Essence,Manuelle,200,Euro 4,Rouge,Berline,Japon,28000,17980.0
Kia,Rio,2008,14023,2009-04-10,Gaz,Automatique,150,Euro 3,Blanc,Monospace,Allemagne,18900,12189.0
Tesla,Model S,2013,95494,2013-09-08,Gaz,Automatique,130,Euro 4,Rouge,Break,France,95000,57884.0
Dacia,Spring,2010,222439,2012-09-09,Hybride,Manuelle,200,Euro 1,Blanc,SUV,Allemagne,22000,9720.0
Dacia,Duster,2024,239791,2024-08-25,Gaz,Manuelle,110,Euro 6,Rouge,Crossover,Espagne,19900,17325.0
Renault,Megane,2016,37278,2019-02-14,Diesel,Automatique,110,Euro 5,Blanc,Berline,Allemagne,25000,20513.0
Audi,A3,2018,42037,2019-09-03,Hybride,Manuelle,150,Euro 1,Noir,Berline,USA,34000,30030.0
Tesla,Model 3,2007,91379,2009-04-23,Gaz,Automatique,200,Euro 3,Bleu,Break,USA,45000,20200.0
BMW,Serie 5,2024,217835,2026-05-01,Essence,Manuelle,200,Euro 6,Noir,Berline,Japon,65000,52140.0
Toyota,Corolla,2008,89191,2008-08-23,Essence,Manuelle,130,Euro 3,Bleu,Break,Allemagne,28000,12452.0
Audi,A3,2007,135720,2009-05-26,Diesel,Automatique,110,Euro 3,Blanc,Break,Japon,34000,13356.0
Peugeot,5008,2009,167678,2010-11-22,Essence,Automatique,150,Euro 3,Noir,Monospace,Allemagne,42000,17355.0
Hyundai,i20,2009,194422,2012-02-06,Gaz,Manuelle,150,Euro 3,Bleu,Break,USA,19500,8100.0
Volkswagen,Arteon,2010,17759,2012-07-04,Gaz,Automatique,110,Euro 4,Rouge,SUV,USA,48000,29982.0
Kia,Rio,2019,176023,2019-01-20,Hybride,Automatique,150,Euro 1,Rouge,Berline,Allemagne,18900,17272.0
Audi,A3,2018,218166,2019-03-26,Diesel,Automatique,130,Euro 5,Gris,Crossover,Espagne,34000,22753.0
Audi,A6,2017,35924,2020-03-08,Hybride,Manuelle,90,Euro 1,Gris,SUV,Espagne,72000,57684.0
Ford,Focus,2017,17809,2017-09-20,Gaz,Automatique,130,Euro 5,Noir,Crossover,France,26000,24024.0
Dacia,Duster,2018,152784,2021-07-19,Diesel,Automatique,150,Euro 5,Blanc,Break,Espagne,19900,15678.0
Toyota,Corolla,2018,87233,2020-10-10,Diesel,Manuelle,90,Euro 5,Rouge,Crossover,Japon,28000,21386.0
Dacia,Duster,2016,246867,2017-08-06,Diesel,Manuelle,90,Euro 5,Gris,Crossover,Allemagne,19900,10816.0
Dacia,Duster,2006,46583,2006-02-08,Essence,Automatique,130,Euro 3,Bleu,Break,Allemagne,19900,9324.0
Dacia,Spring,2017,184722,2017-03-01,Gaz,Automatique,200,Euro 5,Bleu,Monospace,France,22000,16775.0
Mercedes,GLC,2016,144380,2018-02-18,Hybride,Manuelle,110,Euro 1,Bleu,Berline,Italie,85000,55242.0
BMW,Serie 1,2022,222774,2023-11-19,Essence,Manuelle,110,Euro 6,Blanc,Berline,Japon,35000,25272.0
Tesla,Model 3,2016,238900,2017-01-23,Gaz,Manuelle,90,Euro 5,Gris,Berline,Japon,45000,25122.0
Peugeot,5008,2022,43998,2024-06-11,Diesel,Manuelle,90,Euro 6,Blanc,SUV,Italie,42000,38610.0
Mercedes,Classe C,2016,104487,2018-05-21,Diesel,Manuelle,200,Euro 5,Gris,Monospace,Italie,55000,37620.0
Audi,Q5,2006,210771,2006-02-22,Essence,Manuelle,130,Euro 3,Blanc,Berline,USA,65000,16325.0
Citroen,C5 Aircross,2007,99639,2008-09-22,Essence,Automatique,130,Euro 3,Rouge,Monospace,Allemagne,35000,14920.0
Ford,Focus,2007,208195,2008-03-05,Gaz,Manuelle,90,Euro 3,Bleu,Monospace,Italie,26000,8236.0
Hyundai,i30,2006,67988,2009-11-14,Gaz,Manuelle,200,Euro 3,Blanc,Break,Japon,22000,10200.0
Renault,Captur,2022,15692,2023-06-13,Diesel,Manuelle,130,Euro 6,Rouge,SUV,Japon,28000,27249.0
Tesla,Model S,2019,222296,2020-12-07,Diesel,Automatique,110,Euro 5,Bleu,SUV,Japon,95000,61803.0
Renault,Captur,2016,81885,2019-09-14,Gaz,Automatique,150,Euro 5,Noir,Monospace,Espagne,28000,22440.0
Ford,Focus,2006,49659,2007-07-16,Diesel,Manuelle,150,Euro 3,Gris,SUV,Allemagne,26000,11550.0
Citroen,C5 Aircross,2006,42736,2007-12-20,Gaz,Manuelle,90,Euro 3,Rouge,SUV,Italie,35000,15708.0
Toyota,Corolla,2022,177471,2022-12-26,Diesel,Automatique,130,Euro 6,Bleu,Monospace,Japon,28000,24101.0
Audi,A4,2012,236886,2013-03-21,Hybride,Automatique,90,Euro 1,Gris,Break,USA,48000,22099.0
Kia,Sportage,2019,239670,2019-03-02,Essence,Automatique,130,Euro 5,Bleu,Break,France,34000,22506.0
Audi,A4,2010,159085,2011-07-05,Gaz,Automatique,110,Euro 4,Rouge,Crossover,Allemagne,48000,22618.0
Peugeot,208,2020,14498,2021-09-12,Diesel,Manuelle,110,Euro 6,Bleu,SUV,USA,18000,16617.0
Tesla,Model S,2022,92212,2023-10-06,Electrique,Automatique,130,Euro 1,Gris,Monospace,Espagne,95000,87805.0
BMW,X5,2007,108238,2009-09-26,Gaz,Manuelle,110,Euro 3,Bleu,Break,Italie,80000,32214.0
Renault,Talisman,2024,203681,2026-01-01,Hybride,Manuelle,130,Euro 1,Gris,SUV,Allemagne,40000,35440.0
Ford,Fiesta,2010,82872,2011-05-08,Hybride,Automatique,110,Euro 1,Gris,Crossover,USA,18000,12050.0
Hyundai,Tucson,2014,30446,2015-11-04,Gaz,Automatique,90,Euro 4,Noir,SUV,USA,35000,26398.0
Tesla,Model X,2018,27441,2019-03-15,Diesel,Automatique,200,Euro 5,Bleu,Monospace,USA,120000,99200.0
BMW,Serie 1,2010,42457,2011-08-02,Hybride,Automatique,150,Euro 1,Gris,Break,Espagne,35000,22410.0
Audi,Q5,2011,171629,2012-07-12,Diesel,Manuelle,110,Euro 4,Bleu,Monospace,USA,65000,29084.0
Ford,Fiesta,2010,247443,2011-06-22,Hybride,Automatique,150,Euro 1,Noir,Break,USA,18000,8330.0
Volkswagen,Golf,2008,38826,2010-02-22,Diesel,Manuelle,200,Euro 3,Rouge,SUV,USA,25000,13230.0
Hyundai,Tucson,2008,217827,2009-09-07,Essence,Manuelle,150,Euro 3,Blanc,SUV,USA,35000,11005.0
BMW,Serie 1,2018,14585,2018-01-28,Electrique,Automatique,200,Euro 1,Rouge,Monospace,Italie,35000,35640.0
Peugeot,5008,2014,55165,2017-03-03,Hybride,Automatique,90,Euro 1,Bleu,Break,Italie,42000,31135.0
Volkswagen,Passat,2014,74661,2015-06-03,Essence,Manuelle,150,Euro 4,Gris,Monospace,Japon,36000,22995.0
Renault,Clio,2021,10802,2022-11-19,Electrique,Automatique,130,Euro 1,Noir,Berline,Espagne,17000,22770.0
Dacia,Sandero,2007,148812,2009-04-30,Gaz,Manuelle,200,Euro 3,Gris,Monospace,Japon,15900,6790.0
Tesla,Model S,2010,182840,2010-08-10,Hybride,Automatique,90,Euro 1,Gris,Break,USA,95000,40360.0
Volkswagen,Arteon,2018,135852,2020-11-13,Electrique,Manuelle,200,Euro 1,Rouge,Crossover,Japon,48000,37950.0
BMW,X5,2007,49654,2010-01-18,Diesel,Automatique,90,Euro 3,Bleu,Berline,Espagne,80000,37305.0
BMW,X5,2015,177003,2016-08-14,Hybride,Manuelle,130,Euro 1,Bleu,Crossover,France,80000,47208.0
Tesla,Model S,2006,176218,2009-08-23,Gaz,Automatique,90,Euro 3,Rouge,Break,France,95000,28826.0
Volkswagen,Passat,2007,45722,2007-07-15,Gaz,Automatique,110,Euro 3,Bleu,Crossover,USA,36000,18270.0
Peugeot,208,2024,51479,2027-03-10,Essence,Manuelle,110,Euro 6,Rouge,Berline,USA,18000,17195.0
Citroen,C4,2024,41194,2027-05-08,Essence,Automatique,130,Euro 6,Noir,Monospace,Espagne,24000,25248.0
Ford,Focus,2013,105613,2016-01-26,Hybride,Automatique,130,Euro 1,Blanc,Monospace,Allemagne,26000,18411.0
Mercedes,Classe A,2020,59734,2021-03-20,Electrique,Automatique,110,Euro 1,Rouge,Monospace,USA,38000,38263.0
BMW,Serie 3,2009,225387,2010-03-07,Diesel,Manuelle,110,Euro 3,Blanc,SUV,USA,45000,15213.0
Peugeot,308,2017,142574,2020-05-26,Diesel,Manuelle,150,Euro 5,Rouge,Crossover,Japon,30000,20475.0
Renault,Captur,2008,44917,2011-12-06,Gaz,Manuelle,200,Euro 3,Blanc,Crossover,France,28000,15120.0
Renault,Clio,2020,138369,2022-01-13,Hybride,Manuelle,90,Euro 1,Blanc,Monospace,USA,17000,15675.0
Ford,Fiesta,2009,52892,2011-12-22,Essence,Automatique,130,Euro 3,Blanc,Crossover,USA,18000,10150.0
BMW,Serie 3,2024,11843,2025-07-25,Essence,Automatique,90,Euro 6,Rouge,Berline,Italie,45000,46431.0
Ford,Kuga,2013,113007,2016-03-29,Gaz,Automatique,150,Euro 4,Gris,Berline,Italie,34000,21840.0
Mercedes,Classe A,2010,235938,2010-02-09,Hybride,Manuelle,150,Euro 1,Gris,SUV,Japon,38000,14875.0
Audi,A4,2021,77126,2023-02-20,Diesel,Automatique,130,Euro 6,Blanc,SUV,USA,48000,43092.0
Volkswagen,Tiguan,2011,146858,2014-09-11,Hybride,Automatique,200,Euro 1,Rouge,Break,USA,40000,22090.0
Peugeot,5008,2010,56306,2012-12-30,Hybride,Automatique,130,Euro 1,Bleu,Crossover,Allemagne,42000,25599.0
Peugeot,3008,2022,83093,2024-09-10,Gaz,Automatique,90,Euro 6,Noir,Break,Espagne,35000,33884.0
Ford,Kuga,2007,96782,2010-10-23,Diesel,Manuelle,200,Euro 3,Gris,Berline,Allemagne,34000,14400.0
Hyundai,i20,2019,237506,2020-01-11,Electrique,Manuelle,130,Euro 1,Noir,Berline,USA,19500,15996.0
Ford,Focus,2012,200841,2014-08-19,Diesel,Automatique,150,Euro 4,Rouge,Crossover,Japon,26000,12980.0
Toyota,RAV4,2011,205775,2013-01-08,Essence,Automatique,200,Euro 4,Noir,Monospace,Espagne,37000,16400.0
Peugeot,208,2019,113744,2019-06-03,Electrique,Manuelle,110,Euro 1,Noir,Break,USA,18000,17834.0
Audi,A3,2009,19967,2012-12-12,Essence,Automatique,110,Euro 3,Noir,Crossover,Espagne,34000,19494.0
Dacia,Spring,2022,237963,2024-01-08,Essence,Manuelle,130,Euro 6,Blanc,SUV,France,22000,15833.0
Citroen,C4,2013,188363,2013-01-31,Gaz,Automatique,90,Euro 4,Blanc,Crossover,USA,24000,13916.0
Renault,Talisman,2020,113815,2022-06-06,Hybride,Manuelle,130,Euro 1,Bleu,Crossover,Italie,40000,34111.0
Renault,Captur,2006,77418,2009-03-26,Essence,Automatique,130,Euro 3,Blanc,Break,France,28000,11817.0
Tesla,Model 3,2021,149245,2022-07-06,Essence,Manuelle,110,Euro 6,Blanc,Berline,France,45000,34727.0
BMW,Serie 1,2023,22449,2025-09-25,Gaz,Manuelle,150,Euro 6,Gris,Monospace,France,35000,36100.0
Ford,Focus,2016,56040,2017-11-22,Gaz,Automatique,150,Euro 5,Blanc,SUV,France,26000,22010.0
BMW,Serie 5,2017,235103,2017-08-23,Diesel,Manuelle,150,Euro 5,Rouge,Berline,Italie,65000,37240.0
Mercedes,Classe A,2011,61912,2011-09-23,Essence,Automatique,150,Euro 4,Noir,SUV,Japon,38000,22275.0
Toyota,Hilux,2020,220869,2023-11-11,Diesel,Manuelle,90,Euro 6,Bleu,Break,USA,45000,30294.0
Citroen,C4,2009,148105,2012-06-27,Diesel,Manuelle,90,Euro 3,Noir,Monospace,Japon,24000,10209.0
BMW,X5,2015,149700,2018-09-07,Gaz,Automatique,150,Euro 5,Bleu,Berline,Espagne,80000,50150.0
BMW,X5,2021,73063,2023-03-11,Gaz,Automatique,90,Euro 6,Bleu,Monospace,Allemagne,80000,70896.0
Ford,Kuga,2005,245019,2006-11-08,Diesel,Manuelle,200,Euro 3,Blanc,SUV,France,34000,6840.0
Toyota,Hilux,2011,118639,2012-06-25,Gaz,Manuelle,150,Euro 4,Rouge,Crossover,France,45000,24000.0
Ford,Kuga,2022,53668,2022-03-08,Gaz,Manuelle,130,Euro 6,Gris,Crossover,France,34000,32752.0
Toyota,Corolla,2005,108422,2005-11-08,Gaz,Automatique,90,Euro 3,Noir,Monospace,Italie,28000,10692.0
Tesla,Model S,2016,170401,2016-07-26,Hybride,Manuelle,150,Euro 1,Gris,SUV,France,95000,58705.0
Kia,Rio,2011,151778,2013-01-23,Essence,Automatique,150,Euro 4,Gris,SUV,Espagne,18900,9844.0
BMW,Serie 3,2019,23178,2019-11-14,Gaz,Automatique,110,Euro 5,Blanc,Monospace,USA,45000,41168.0
Citroen,C3,2016,95946,2016-10-18,Hybride,Automatique,130,Euro 1,Blanc,Monospace,Allemagne,16000,14941.0
Tesla,Model 3,2017,94642,2017-06-26,Hybride,Manuelle,200,Euro 1,Noir,Break,USA,45000,35000.0
Mercedes,Classe C,2021,218959,2022-01-21,Electrique,Manuelle,130,Euro 1,Noir,SUV,Japon,55000,42910.0
Kia,Ceed,2007,216146,2009-08-07,Gaz,Automatique,130,Euro 3,Rouge,Monospace,Italie,23000,7784.0
Mercedes,Classe C,2022,49632,2023-08-08,Hybride,Automatique,130,Euro 1,Gris,Break,Espagne,55000,55170.0
Toyota,RAV4,2013,10965,2013-01-01,Gaz,Automatique,110,Euro 4,Gris,Monospace,Espagne,37000,27456.0
Renault,Captur,2021,212858,2024-05-22,Hybride,Manuelle,110,Euro 1,Blanc,Berline,France,28000,22470.0
Renault,Captur,2018,107051,2018-02-08,Essence,Manuelle,90,Euro 5,Noir,Monospace,USA,28000,20088.0
Hyundai,i20,2005,208953,2005-06-09,Essence,Manuelle,110,Euro 3,Blanc,Berline,Espagne,19500,4508.0
BMW,Serie 1,2014,197605,2014-05-22,Diesel,Automatique,90,Euro 4,Noir,SUV,France,35000,19329.0
Peugeot,308,2006,220080,2008-03-16,Gaz,Automatique,90,Euro 3,Rouge,Crossover,France,30000,8256.0
BMW,X5,2017,220397,2017-11-02,Hybride,Automatique,130,Euro 1,Noir,Berline,USA,80000,49191.0
Renault,Talisman,2013,145418,2016-09-12,Essence,Manuelle,150,Euro 4,Rouge,Crossover,France,40000,21465.0
Mercedes,Classe C,2013,170642,2013-05-18,Hybride,Manuelle,200,Euro 1,Rouge,Crossover,USA,55000,30000.0
Audi,Q5,2012,124054,2014-03-30,Essence,Automatique,150,Euro 4,Bleu,Monospace,Allemagne,65000,35100.0
Kia,Sportage,2019,22595,2019-02-16,Essence,Manuelle,90,Euro 5,Rouge,SUV,Japon,34000,28137.0
Toyota,Yaris,2012,138344,2013-03-07,Hybride,Manuelle,130,Euro 1,Rouge,Monospace,Italie,19000,11883.0
Volkswagen,Golf,2010,115073,2011-04-29,Essence,Automatique,150,Euro 4,Noir,Monospace,Espagne,25000,12925.0
Dacia,Sandero,2016,249505,2019-09-12,Hybride,Automatique,150,Euro 1,Noir,Monospace,Allemagne,15900,11648.0
Peugeot,308,2009,189887,2009-03-16,Essence,Automatique,130,Euro 3,Bleu,Break,Italie,30000,11951.0
Renault,Talisman,2008,155781,2010-09-29,Gaz,Manuelle,130,Euro 3,Noir,Berline,Italie,40000,15836.0
Kia,Ceed,2008,180736,2008-02-01,Diesel,Automatique,200,Euro 3,Bleu,SUV,USA,23000,9180.0
Hyundai,i20,2006,147231,2008-02-13,Essence,Manuelle,150,Euro 3,Gris,Break,USA,19500,6400.0
Dacia,Sandero,2023,249578,2025-07-04,Essence,Manuelle,130,Euro 6,Bleu,Monospace,Espagne,15900,11826.0
Toyota,Corolla,2023,203030,2024-03-24,Essence,Automatique,200,Euro 6,Rouge,Berline,Espagne,28000,23870.0
Hyundai,Tucson,2023,64253,2023-01-14,Hybride,Automatique,90,Euro 1,Rouge,Crossover,Espagne,35000,37219.0
Kia,Rio,2023,18147,2024-10-31,Gaz,Automatique,90,Euro 6,Rouge,Break,USA,18900,22368.0
BMW,Serie 3,2015,169170,2015-12-16,Gaz,Manuelle,90,Euro 5,Blanc,Break,France,45000,27018.0
Citroen,C4,2022,41544,2025-07-07,Essence,Manuelle,200,Euro 6,Gris,Break,Espagne,24000,22500.0
Citroen,C4,2013,191727,2014-02-15,Gaz,Automatique,200,Euro 4,Rouge,Monospace,Italie,24000,14160.0
Mercedes,GLC,2008,180001,2011-07-06,Diesel,Manuelle,130,Euro 3,Gris,Break,Japon,85000,29342.0
Dacia,Sandero,2009,197240,2010-06-12,Diesel,Manuelle,90,Euro 3,Blanc,SUV,USA,15900,6048.0
Mercedes,Classe C,2020,193032,2022-04-25,Essence,Manuelle,110,Euro 6,Rouge,Crossover,France,55000,38019.0
BMW,X5,2011,156710,2012-06-20,Diesel,Manuelle,130,Euro 4,Noir,Berline,Japon,80000,37398.0
Volkswagen,Arteon,2006,188107,2006-06-27,Diesel,Manuelle,130,Euro 3,Gris,Break,Italie,48000,13804.0
Audi,A6,2007,126589,2009-11-29,Gaz,Manuelle,130,Euro 3,Rouge,Berline,Allemagne,72000,27676.0
Hyundai,i30,2023,197378,2026-03-07,Diesel,Manuelle,110,Euro 6,Rouge,Break,USA,22000,18018.0
BMW,Serie 5,2022,176222,2022-09-26,Gaz,Automatique,90,Euro 6,Blanc,SUV,France,65000,53438.0
Hyundai,i30,2010,83401,2011-05-19,Essence,Manuelle,200,Euro 4,Gris,Crossover,Japon,22000,11500.0
Toyota,Corolla,2008,160065,2011-05-16,Diesel,Automatique,150,Euro 3,Gris,Break,Japon,28000,11340.0
Ford,Fiesta,2014,145843,2015-08-02,Diesel,Manuelle,90,Euro 4,Gris,Monospace,Japon,18000,10584.0
Renault,Megane,2005,38325,2005-12-20,Gaz,Automatique,130,Euro 3,Noir,Berline,France,25000,11920.0
Peugeot,308,2005,161679,2007-01-31,Essence,Automatique,130,Euro 3,Gris,SUV,Japon,30000,8721.0
Toyota,Corolla,2011,65383,2013-07-20,Essence,Manuelle,110,Euro 4,Bleu,Berline,Espagne,28000,15455.0
Kia,Ceed,2023,31218,2025-05-23,Essence,Manuelle,150,Euro 6,Noir,Crossover,Espagne,23000,22090.0
Renault,Captur,2009,245430,2011-11-27,Essence,Automatique,130,Euro 3,Rouge,Break,Espagne,28000,9393.0
Mercedes,GLC,2011,175978,2014-10-31,Gaz,Automatique,90,Euro 4,Rouge,Break,France,85000,39336.0
Tesla,Model 3,2017,110688,2019-10-22,Gaz,Automatique,200,Euro 5,Bleu,Berline,France,45000,34340.0
Renault,Captur,2009,35000,2009-02-21,Diesel,Manuelle,110,Euro 3,Noir,Monospace,Allemagne,28000,15132.0
BMW,Serie 3,2010,107604,2012-08-10,Diesel,Manuelle,130,Euro 4,Noir,Break,France,45000,22224.0
Kia,Ceed,2014,91208,2016-09-10,Hybride,Automatique,150,Euro 1,Bleu,Break,Espagne,23000,17995.0
Volkswagen,Passat,2012,196956,2015-06-22,Hybride,Automatique,90,Euro 1,Noir,Crossover,Japon,36000,18855.0
Volkswagen,Golf,2017,212682,2017-04-18,Diesel,Automatique,110,Euro 5,Gris,Break,USA,25000,16298.0
Hyundai,i20,2021,13187,2022-10-01,Hybride,Automatique,90,Euro 1,Rouge,Monospace,Espagne,19500,22860.0
Renault,Megane,2018,153631,2020-02-04,Gaz,Automatique,110,Euro 5,Noir,Berline,USA,25000,19832.0
Ford,Fiesta,2005,237274,2005-04-30,Diesel,Automatique,90,Euro 3,Rouge,SUV,France,18000,4180.0
Toyota,Corolla,2008,172432,2008-09-04,Diesel,Automatique,90,Euro 3,Rouge,Crossover,Espagne,28000,10815.0
Peugeot,208,2015,115975,2017-06-16,Hybride,Automatique,110,Euro 1,Gris,Crossover,Japon,18000,14942.0
Toyota,Yaris,2024,145072,2026-05-14,Gaz,Automatique,200,Euro 6,Rouge,Break,USA,19000,21070.0
Peugeot,3008,2017,67388,2018-10-19,Gaz,Automatique,150,Euro 5,Noir,SUV,Allemagne,35000,29200.0
Kia,Rio,2008,66697,2010-04-21,Essence,Automatique,90,Euro 3,Blanc,Monospace,France,18900,9568.0
Kia,Ceed,2007,249345,2009-05-20,Essence,Automatique,150,Euro 3,Bleu,Crossover,Japon,23000,6375.0
Dacia,Duster,2022,107137,2022-06-21,Electrique,Automatique,130,Euro 1,Gris,SUV,USA,19900,23688.0
BMW,Serie 5,2018,122818,2021-03-18,Hybride,Automatique,110,Euro 1,Rouge,Break,France,65000,49770.0
Citroen,C3,2020,26204,2023-07-02,Essence,Manuelle,110,Euro 6,Gris,SUV,Allemagne,16000,13846.0
Volkswagen,Tiguan,2015,222292,2017-07-11,Diesel,Manuelle,130,Euro 5,Rouge,Crossover,Allemagne,40000,21063.0
Hyundai,i30,2015,167773,2016-06-14,Essence,Automatique,200,Euro 5,Rouge,Break,USA,22000,14250.0
Citroen,C5 Aircross,2007,96088,2010-07-22,Diesel,Automatique,130,Euro 3,Gris,Berline,Japon,35000,15320.0
Renault,Captur,2008,79426,2009-05-01,Diesel,Automatique,110,Euro 3,Noir,Break,Espagne,28000,13995.0
Hyundai,i20,2024,115105,2025-06-30,Essence,Manuelle,130,Euro 6,Rouge,SUV,USA,19500,17622.0
Hyundai,i30,2007,248897,2008-11-23,Gaz,Manuelle,130,Euro 3,Gris,SUV,Espagne,22000,6200.0
Volkswagen,Tiguan,2017,130961,2017-06-06,Gaz,Automatique,90,Euro 5,Bleu,SUV,USA,40000,29304.0
Volkswagen,Arteon,2008,62024,2008-07-07,Gaz,Automatique,90,Euro 3,Noir,Monospace,USA,48000,24104.0
Tesla,Model X,2020,171149,2022-08-25,Hybride,Manuelle,200,Euro 1,Bleu,Monospace,Allemagne,120000,88750.0
Mercedes,Classe A,2015,200633,2018-11-04,Hybride,Manuelle,130,Euro 1,Blanc,Break,USA,38000,22419.0
Peugeot,3008,2009,36245,2010-07-27,Gaz,Manuelle,150,Euro 3,Rouge,SUV,Japon,35000,19760.0
Citroen,C4,2018,161992,2019-05-10,Diesel,Manuelle,110,Euro 5,Noir,Monospace,Italie,24000,16566.0
Hyundai,Tucson,2012,74651,2013-04-16,Essence,Automatique,110,Euro 4,Noir,Break,France,35000,21147.0
Dacia,Duster,2010,164299,2012-09-22,Essence,Manuelle,90,Euro 4,Bleu,Monospace,USA,19900,8316.0
Kia,Sportage,2022,105443,2022-06-06,Essence,Manuelle,130,Euro 6,Bleu,Break,Espagne,34000,28812.0
Mercedes,Classe A,2011,76966,2013-12-15,Hybride,Automatique,90,Euro 1,Gris,Monospace,France,38000,23706.0
Peugeot,308,2008,195304,2010-10-03,Essence,Manuelle,130,Euro 3,Rouge,Monospace,Japon,30000,9999.0
Ford,Focus,2023,205468,2024-04-19,Diesel,Manuelle,110,Euro 6,Blanc,Crossover,France,26000,20867.0
Volkswagen,Arteon,2024,158779,2026-04-08,Diesel,Automatique,110,Euro 6,Rouge,Break,USA,48000,43435.0
Ford,Fiesta,2013,165228,2014-02-19,Gaz,Automatique,130,Euro 4,Noir,SUV,Allemagne,18000,11628.0
Hyundai,i20,2013,139603,2015-03-08,Gaz,Automatique,110,Euro 4,Rouge,Break,USA,19500,13014.0
Renault,Talisman,2014,200221,2017-11-15,Essence,Automatique,90,Euro 4,Bleu,SUV,Allemagne,40000,20950.0
Mercedes,Classe E,2018,174041,2020-09-18,Essence,Automatique,200,Euro 5,Noir,Break,Allemagne,75000,50700.0
Tesla,Model 3,2014,222471,2016-09-14,Gaz,Automatique,90,Euro 4,Noir,Monospace,France,45000,23712.0
Toyota,RAV4,2011,194331,2012-01-13,Essence,Automatique,110,Euro 4,Blanc,Crossover,France,37000,16422.0
Toyota,Yaris,2006,200717,2008-02-06,Diesel,Manuelle,150,Euro 3,Blanc,Break,USA,19000,5330.0
BMW,Serie 3,2010,53835,2010-05-16,Diesel,Automatique,130,Euro 4,Noir,Crossover,Japon,45000,25599.0
Mercedes,GLC,2014,107710,2016-08-18,Diesel,Automatique,150,Euro 4,Blanc,SUV,USA,85000,53100.0
Mercedes,Classe E,2009,100877,2009-12-11,Gaz,Manuelle,110,Euro 3,Bleu,SUV,France,75000,34920.0
Toyota,Corolla,2012,41438,2014-04-18,Diesel,Automatique,110,Euro 4,Bleu,Berline,Espagne,28000,18660.0
Dacia,Duster,2008,243985,2008-05-09,Diesel,Manuelle,130,Euro 3,Bleu,Monospace,France,19900,5936.0
Volkswagen,Arteon,2023,209303,2024-08-15,Electrique,Manuelle,90,Euro 1,Gris,SUV,Allemagne,48000,41503.0
Dacia,Duster,2006,12083,2007-07-27,Essence,Manuelle,200,Euro 3,Gris,Break,USA,19900,9405.0
Ford,Fiesta,2007,200241,2007-03-12,Essence,Manuelle,90,Euro 3,Bleu,Berline,France,18000,5191.0
BMW,Serie 1,2022,163234,2025-08-16,Essence,Automatique,110,Euro 6,Gris,Crossover,Italie,35000,28938.0
Toyota,Yaris,2008,165127,2009-10-22,Essence,Automatique,110,Euro 3,Blanc,Monospace,Espagne,19000,7596.0
Hyundai,i20,2019,112898,2019-11-13,Hybride,Automatique,130,Euro 1,Bleu,SUV,Espagne,19500,19092.0
Audi,A3,2021,176858,2022-12-26,Essence,Automatique,90,Euro 6,Noir,Crossover,Japon,34000,26566.0
Hyundai,Tucson,2006,244109,2009-08-17,Essence,Manuelle,90,Euro 3,Gris,Break,Italie,35000,7678.0
BMW,X5,2008,227937,2011-10-25,Essence,Automatique,130,Euro 3,Noir,Monospace,France,80000,24690.0
Ford,Focus,2021,95126,2021-07-06,Electrique,Automatique,150,Euro 1,Noir,Monospace,Espagne,26000,28290.0
Peugeot,208,2009,162183,2009-02-23,Essence,Manuelle,90,Euro 3,Blanc,SUV,Espagne,18000,6981.0
Tesla,Model X,2023,112599,2025-12-07,Electrique,Manuelle,90,Euro 1,Blanc,SUV,Allemagne,120000,108274.0
Toyota,Yaris,2018,185101,2019-12-14,Electrique,Automatique,200,Euro 1,Blanc,Monospace,USA,19000,17920.0
BMW,Serie 1,2008,98078,2009-05-14,Gaz,Manuelle,150,Euro 3,Bleu,Crossover,France,35000,16340.0
Toyota,Yaris,2005,13193,2006-06-27,Diesel,Manuelle,200,Euro 3,Noir,Berline,USA,19000,8820.0
Toyota,Yaris,2022,226457,2024-11-06,Electrique,Automatique,200,Euro 1,Rouge,Monospace,USA,19000,20160.0
Toyota,Hilux,2006,90560,2006-07-06,Essence,Manuelle,90,Euro 3,Gris,Berline,Allemagne,45000,16613.0
Toyota,Hilux,2006,203226,2009-03-04,Gaz,Manuelle,150,Euro 3,Gris,Crossover,Italie,45000,12480.0
Hyundai,Tucson,2012,35595,2012-11-27,Essence,Automatique,130,Euro 4,Noir,Berline,Allemagne,35000,22753.0
Kia,Ceed,2013,108613,2015-11-13,Hybride,Manuelle,130,Euro 1,Gris,Berline,USA,23000,15561.0
Mercedes,GLC,2006,47680,2007-10-07,Diesel,Manuelle,150,Euro 3,Gris,SUV,Espagne,85000,36330.0
Mercedes,Classe E,2011,246445,2014-12-08,Gaz,Manuelle,110,Euro 4,Blanc,Berline,France,75000,28712.0
Tesla,Model 3,2019,188047,2020-05-26,Gaz,Manuelle,110,Euro 5,Noir,Monospace,Japon,45000,31892.0
Ford,Fiesta,2020,12950,2023-04-09,Gaz,Manuelle,90,Euro 6,Rouge,Berline,France,18000,17748.0
Peugeot,3008,2011,199042,2012-10-26,Diesel,Automatique,130,Euro 4,Rouge,SUV,Espagne,35000,16086.0
Audi,A3,2015,141412,2016-09-01,Hybride,Automatique,150,Euro 1,Noir,Berline,Allemagne,34000,23895.0
Volkswagen,Arteon,2013,14625,2015-09-08,Essence,Manuelle,150,Euro 4,Noir,SUV,France,48000,32010.0
Kia,Rio,2020,27139,2021-03-13,Diesel,Automatique,150,Euro 6,Rouge,SUV,Allemagne,18900,19264.0
Renault,Talisman,2010,88329,2012-05-14,Hybride,Manuelle,150,Euro 1,Noir,Berline,France,40000,22250.0
BMW,X5,2009,63503,2009-01-29,Essence,Automatique,150,Euro 3,Rouge,SUV,Allemagne,80000,40425.0
Ford,Fiesta,2023,169548,2023-04-30,Diesel,Manuelle,110,Euro 6,Bleu,Break,Allemagne,18000,15471.0
Dacia,Duster,2009,184232,2010-04-16,Essence,Manuelle,90,Euro 3,Rouge,Berline,France,19900,7326.0
Hyundai,i30,2006,240207,2006-12-20,Gaz,Manuelle,130,Euro 3,Rouge,SUV,Italie,22000,5456.0
Ford,Kuga,2012,248050,2014-11-28,Diesel,Manuelle,110,Euro 4,Gris,Crossover,Allemagne,34000,14040.0
Hyundai,i20,2022,239675,2023-09-23,Electrique,Manuelle,200,Euro 1,Bleu,Crossover,Japon,19500,18815.0
Audi,A6,2021,29368,2024-08-03,Diesel,Automatique,200,Euro 6,Rouge,Berline,Italie,72000,67640.0
Renault,Talisman,2018,201957,2020-04-20,Electrique,Automatique,200,Euro 1,Noir,Break,Allemagne,40000,30380.0
Dacia,Spring,2019,210309,2019-12-11,Gaz,Manuelle,130,Euro 5,Blanc,Crossover,Espagne,22000,15872.0
Dacia,Duster,2016,233489,2016-02-13,Diesel,Automatique,150,Euro 5,Rouge,Crossover,Italie,19900,12402.0
Peugeot,308,2009,211561,2010-07-20,Essence,Automatique,110,Euro 3,Bleu,Break,Japon,30000,10914.0
Dacia,Spring,2017,72172,2020-10-20,Essence,Automatique,110,Euro 5,Bleu,Break,Espagne,22000,17352.0
Citroen,C4,2011,99775,2012-09-12,Gaz,Automatique,200,Euro 4,Bleu,Break,Japon,24000,15340.0
Dacia,Sandero,2009,224720,2009-09-19,Diesel,Manuelle,90,Euro 3,Gris,Berline,Espagne,15900,5544.0
Renault,Clio,2019,166424,2020-04-07,Gaz,Manuelle,90,Euro 5,Bleu,Crossover,Japon,17000,13386.0
Citroen,C3,2018,51910,2021-06-02,Essence,Manuelle,130,Euro 5,Gris,Berline,Japon,16000,12551.0
BMW,Serie 5,2008,168415,2009-11-08,Diesel,Automatique,130,Euro 3,Blanc,Monospace,Italie,65000,24588.0
Hyundai,i20,2014,152275,2014-08-14,Gaz,Manuelle,200,Euro 4,Blanc,Monospace,Espagne,19500,12650.0
Tesla,Model S,2021,11334,2021-04-03,Diesel,Manuelle,150,Euro 6,Bleu,SUV,France,95000,86850.0
Citroen,C3,2019,115547,2022-04-16,Essence,Automatique,90,Euro 5,Noir,Monospace,Allemagne,16000,13246.0
Citroen,C3,2006,50888,2007-12-12,Diesel,Manuelle,110,Euro 3,Bleu,Berline,Espagne,16000,7011.0
Renault,Megane,2009,160055,2010-02-03,Diesel,Manuelle,90,Euro 3,Noir,Break,USA,25000,10101.0
Volkswagen,Golf,2018,141822,2021-01-07,Diesel,Automatique,110,Euro 5,Noir,Crossover,Japon,25000,19108.0
Citroen,C3,2013,129775,2015-08-14,Essence,Manuelle,150,Euro 4,Gris,Berline,Japon,16000,9075.0
Ford,Kuga,2005,127473,2006-08-22,Gaz,Manuelle,200,Euro 3,Noir,Crossover,Espagne,34000,11625.0
Tesla,Model S,2006,99348,2009-05-23,Essence,Automatique,200,Euro 3,Rouge,Break,USA,95000,36260.0
Peugeot,3008,2013,136872,2014-01-17,Gaz,Manuelle,150,Euro 4,Bleu,Break,USA,35000,20520.0
Kia,Ceed,2020,104410,2023-05-15,Gaz,Manuelle,90,Euro 6,Noir,Monospace,Espagne,23000,19812.0
Tesla,Model S,2008,73173,2010-08-03,Gaz,Automatique,150,Euro 3,Noir,SUV,Japon,95000,45000.0
Volkswagen,Passat,2023,199493,2024-08-20,Gaz,Automatique,150,Euro 6,Bleu,SUV,Japon,36000,31980.0
Volkswagen,Tiguan,2017,13174,2018-05-23,Gaz,Manuelle,90,Euro 5,Bleu,Break,Italie,40000,33072.0
Renault,Clio,2006,203490,2006-12-19,Essence,Manuelle,150,Euro 3,Bleu,Berline,France,17000,4550.0
Citroen,C4,2024,198619,2027-12-23,Essence,Manuelle,150,Euro 6,Blanc,Crossover,France,24000,19845.0
Toyota,Corolla,2015,119901,2016-06-06,Diesel,Manuelle,110,Euro 5,Gris,SUV,France,28000,18042.0
Renault,Clio,2015,53012,2016-09-13,Essence,Automatique,200,Euro 5,Blanc,Break,Italie,17000,13600.0
Toyota,Corolla,2019,116354,2021-07-17,Electrique,Manuelle,90,Euro 1,Blanc,SUV,Espagne,28000,25086.0
Ford,Kuga,2019,132924,2021-12-23,Diesel,Manuelle,110,Euro 5,Blanc,Break,Japon,34000,25272.0
Dacia,Duster,2011,18892,2013-02-18,Gaz,Manuelle,90,Euro 4,Rouge,Crossover,Espagne,19900,13380.0
Citroen,C5 Aircross,2005,149016,2007-06-14,Essence,Manuelle,200,Euro 3,Bleu,Crossover,Allemagne,35000,10440.0
Kia,Sportage,2019,165927,2020-03-11,Electrique,Automatique,90,Euro 1,Blanc,SUV,Allemagne,34000,28911.0
Peugeot,208,2011,87634,2013-11-26,Hybride,Automatique,200,Euro 1,Gris,SUV,France,18000,13250.0
Peugeot,5008,2008,226655,2010-02-02,Diesel,Automatique,90,Euro 3,Gris,Monospace,Allemagne,42000,13470.0
Ford,Fiesta,2017,75372,2018-06-05,Hybride,Automatique,150,Euro 1,Bleu,Berline,Espagne,18000,17640.0
Peugeot,208,2021,115630,2021-07-04,Hybride,Manuelle,200,Euro 1,Blanc,SUV,Italie,18000,18400.0
Toyota,Yaris,2020,129877,2022-01-16,Essence,Automatique,130,Euro 6,Blanc,SUV,USA,19000,16188.0
Mercedes,Classe C,2009,137075,2012-09-27,Essence,Automatique,130,Euro 3,Noir,Crossover,France,55000,24066.0
Citroen,C4,2015,59118,2018-07-16,Hybride,Manuelle,110,Euro 1,Blanc,Crossover,Espagne,24000,19108.0
Audi,A4,2021,62625,2022-02-08,Hybride,Manuelle,200,Euro 1,Blanc,Monospace,France,48000,45050.0
Mercedes,Classe A,2019,25288,2021-04-03,Electrique,Manuelle,200,Euro 1,Bleu,Monospace,USA,38000,37350.0
Audi,A6,2009,224017,2010-12-21,Essence,Automatique,110,Euro 3,Noir,Monospace,Espagne,72000,24453.0
Mercedes,Classe A,2015,121276,2015-04-23,Hybride,Automatique,130,Euro 1,Noir,Break,Espagne,38000,27023.0
Audi,A6,2013,41827,2016-08-15,Gaz,Manuelle,130,Euro 4,Bleu,Crossover,Italie,72000,47124.0
Tesla,Model S,2020,115374,2020-02-16,Essence,Automatique,200,Euro 6,Blanc,Crossover,Japon,95000,75460.0
Peugeot,5008,2011,169224,2011-06-14,Essence,Automatique,110,Euro 4,Noir,SUV,France,42000,19845.0
Ford,Fiesta,2010,223630,2013-03-13,Diesel,Automatique,150,Euro 4,Blanc,SUV,Espagne,18000,7740.0
Kia,Rio,2015,55093,2015-05-23,Hybride,Manuelle,200,Euro 1,Noir,Monospace,Japon,18900,16252.0
Toyota,Yaris,2019,171229,2021-07-29,Essence,Automatique,110,Euro 5,Bleu,Crossover,Japon,19000,14348.0
Renault,Megane,2008,162885,2009-11-18,Essence,Manuelle,150,Euro 3,Gris,SUV,Espagne,25000,9180.0
Hyundai,i30,2021,234628,2021-04-28,Electrique,Automatique,150,Euro 1,Gris,SUV,USA,22000,20740.0
Peugeot,3008,2009,109370,2010-12-31,Diesel,Automatique,90,Euro 3,Blanc,SUV,Japon,35000,17055.0
BMW,Serie 3,2008,16655,2009-05-06,Diesel,Manuelle,90,Euro 3,Blanc,Berline,Allemagne,45000,23409.0
BMW,X5,2022,99889,2022-02-12,Essence,Manuelle,90,Euro 6,Rouge,Break,Italie,80000,67915.0
Hyundai,Tucson,2018,154264,2021-01-27,Essence,Automatique,130,Euro 5,Rouge,Monospace,Italie,35000,24991.0
Toyota,Hilux,2017,162426,2017-05-09,Essence,Automatique,150,Euro 5,Gris,Break,Allemagne,45000,29925.0
BMW,Serie 1,2013,134513,2015-04-26,Diesel,Manuelle,90,Euro 4,Noir,Berline,Espagne,35000,19386.0
Peugeot,208,2011,118980,2013-11-25,Diesel,Automatique,90,Euro 4,Bleu,Crossover,France,18000,10450.0
Hyundai,Tucson,2020,209469,2021-04-16,Gaz,Automatique,200,Euro 6,Noir,SUV,Italie,35000,27540.0
Ford,Fiesta,2006,69602,2007-04-25,Essence,Automatique,90,Euro 3,Gris,Break,USA,18000,7960.0
Ford,Focus,2021,57001,2024-05-24,Gaz,Manuelle,150,Euro 6,Rouge,Break,Italie,26000,24940.0
Hyundai,i20,2009,138367,2010-12-15,Gaz,Automatique,90,Euro 3,Noir,Crossover,Espagne,19500,10038.0
BMW,Serie 5,2013,198216,2016-10-23,Essence,Automatique,130,Euro 4,Noir,Monospace,Allemagne,65000,32304.0
BMW,Serie 1,2018,221474,2018-06-22,Diesel,Manuelle,110,Euro 5,Bleu,Berline,Italie,35000,21660.0
Ford,Fiesta,2022,40954,2025-09-04,Electrique,Automatique,150,Euro 1,Blanc,Break,France,18000,23850.0
Citroen,C5 Aircross,2009,144848,2010-07-27,Essence,Automatique,130,Euro 3,Bleu,Monospace,Italie,35000,15293.0
Volkswagen,Golf,2008,71229,2010-10-01,Essence,Automatique,200,Euro 3,Bleu,Crossover,Espagne,25000,12600.0
Hyundai,i20,2016,210596,2018-09-07,Essence,Manuelle,110,Euro 5,Noir,Break,USA,19500,10780.0
Toyota,RAV4,2015,147275,2018-01-24,Gaz,Automatique,90,Euro 5,Gris,Crossover,France,37000,24426.0
Tesla,Model 3,2005,13135,2006-08-01,Gaz,Manuelle,90,Euro 3,Gris,Monospace,Allemagne,45000,19908.0
Toyota,RAV4,2023,79468,2026-12-18,Gaz,Manuelle,90,Euro 6,Bleu,SUV,Espagne,37000,35460.0
Kia,Rio,2019,230132,2021-04-15,Essence,Automatique,130,Euro 5,Blanc,Berline,France,18900,13144.0
Audi,A3,2014,102550,2016-09-16,Gaz,Automatique,150,Euro 4,Gris,Crossover,Espagne,34000,23400.0
Volkswagen,Tiguan,2013,191317,2015-06-06,Essence,Automatique,90,Euro 4,Bleu,Monospace,USA,40000,20112.0
Ford,Fiesta,2020,27778,2022-03-01,Essence,Automatique,90,Euro 6,Noir,SUV,France,18000,17114.0
Mercedes,GLC,2022,66683,2022-11-09,Gaz,Manuelle,150,Euro 6,Gris,Break,Espagne,85000,77440.0
Peugeot,3008,2021,96603,2023-12-29,Electrique,Automatique,130,Euro 1,Blanc,Crossover,Japon,35000,35506.0
Ford,Fiesta,2021,128278,2022-05-22,Electrique,Automatique,130,Euro 1,Gris,Crossover,Italie,18000,20777.0
Tesla,Model 3,2010,136133,2011-07-31,Gaz,Manuelle,150,Euro 4,Rouge,Monospace,USA,45000,21600.0
Volkswagen,Golf,2018,189576,2019-04-03,Hybride,Automatique,90,Euro 1,Bleu,Monospace,Espagne,25000,19776.0
Hyundai,i20,2014,166054,2017-09-03,Essence,Manuelle,200,Euro 4,Blanc,Monospace,Espagne,19500,11070.0
Renault,Megane,2006,123769,2007-03-12,Gaz,Automatique,90,Euro 3,Gris,Break,USA,25000,9996.0
Volkswagen,Passat,2024,116439,2027-06-04,Gaz,Automatique,90,Euro 6,Noir,Crossover,Espagne,36000,35956.0
Kia,Rio,2016,177096,2018-04-27,Essence,Automatique,110,Euro 5,Blanc,Break,Allemagne,18900,12390.0
Citroen,C3,2008,47760,2008-11-10,Essence,Automatique,130,Euro 3,Bleu,Crossover,USA,16000,8784.0
Mercedes,Classe C,2013,55577,2016-06-12,Hybride,Manuelle,130,Euro 1,Bleu,Berline,USA,55000,36766.0
Toyota,Hilux,2011,147135,2014-02-14,Hybride,Manuelle,130,Euro 1,Gris,Berline,USA,45000,23171.0
Volkswagen,Passat,2020,207031,2020-01-06,Diesel,Manuelle,110,Euro 6,Blanc,Monospace,Italie,36000,25228.0
Renault,Megane,2016,22368,2016-10-05,Diesel,Automatique,110,Euro 5,Gris,Crossover,Espagne,25000,20794.0
Audi,Q5,2022,125145,2024-02-13,Electrique,Automatique,130,Euro 1,Blanc,Break,Espagne,65000,60106.0
Toyota,RAV4,2020,243268,2021-07-16,Electrique,Manuelle,200,Euro 1,Rouge,Monospace,France,37000,28160.0
Peugeot,5008,2018,118536,2019-11-07,Essence,Manuelle,110,Euro 5,Noir,Monospace,Espagne,42000,29891.0
Citroen,C5 Aircross,2023,25063,2023-08-10,Diesel,Automatique,200,Euro 6,Bleu,Berline,France,35000,37050.0
Toyota,Corolla,2023,236357,2026-08-04,Electrique,Automatique,150,Euro 1,Noir,Monospace,Japon,28000,27010.0
Audi,Q5,2015,90307,2016-10-17,Hybride,Automatique,200,Euro 1,Blanc,Berline,Allemagne,65000,46080.0
Tesla,Model S,2016,235706,2017-12-13,Essence,Automatique,200,Euro 5,Rouge,Break,Espagne,95000,51940.0
Audi,A6,2008,82985,2010-08-07,Essence,Automatique,130,Euro 3,Bleu,SUV,Allemagne,72000,32692.0
Audi,A4,2016,13758,2018-11-06,Diesel,Manuelle,150,Euro 5,Blanc,Berline,Japon,48000,37125.0
Citroen,C3,2009,235743,2012-10-27,Diesel,Manuelle,90,Euro 3,Gris,Crossover,France,16000,5408.0
Hyundai,i20,2010,239827,2012-12-05,Hybride,Automatique,130,Euro 1,Noir,Break,Allemagne,19500,9030.0
BMW,X5,2020,64261,2022-10-22,Gaz,Manuelle,90,Euro 6,Rouge,Crossover,Japon,80000,67568.0
Kia,Ceed,2019,62209,2020-11-18,Hybride,Manuelle,150,Euro 1,Gris,Break,USA,23000,21725.0
Dacia,Duster,2006,154090,2008-08-08,Essence,Automatique,150,Euro 3,Blanc,Berline,Italie,19900,6944.0
Ford,Focus,2010,249626,2011-12-24,Diesel,Automatique,130,Euro 4,Rouge,Break,Allemagne,26000,9962.0
Mercedes,Classe A,2020,71924,2020-09-13,Essence,Manuelle,90,Euro 6,Rouge,Break,Espagne,38000,30699.0
Audi,Q5,2012,64837,2012-02-17,Hybride,Automatique,90,Euro 1,Rouge,Monospace,France,65000,41122.0
Hyundai,Tucson,2012,10597,2012-09-08,Diesel,Manuelle,200,Euro 4,Bleu,Berline,France,35000,23310.0
Citroen,C4,2019,16893,2020-05-05,Electrique,Automatique,110,Euro 1,Blanc,Monospace,Italie,24000,26964.0
Dacia,Duster,2023,181718,2024-04-04,Hybride,Manuelle,130,Euro 1,Bleu,Crossover,Allemagne,19900,19118.0
Kia,Rio,2013,228959,2016-10-27,Essence,Automatique,150,Euro 4,Noir,Berline,France,18900,9630.0
Hyundai,i20,2013,124584,2013-12-17,Diesel,Manuelle,130,Euro 4,Noir,Berline,Allemagne,19500,11440.0
Peugeot,208,2005,241315,2008-04-18,Diesel,Automatique,130,Euro 3,Bleu,Monospace,Allemagne,18000,4047.0
Hyundai,i20,2006,119624,2007-06-30,Diesel,Manuelle,130,Euro 3,Rouge,Berline,Espagne,19500,7280.0
Tesla,Model 3,2006,247858,2006-01-05,Diesel,Automatique,150,Euro 3,Bleu,Break,USA,45000,10670.0
Mercedes,GLC,2014,54741,2017-01-19,Diesel,Automatique,200,Euro 4,Gris,Crossover,Espagne,85000,57850.0
Ford,Kuga,2006,134517,2006-12-04,Diesel,Manuelle,110,Euro 3,Blanc,SUV,Allemagne,34000,11583.0
Hyundai,Tucson,2010,172124,2012-05-03,Hybride,Manuelle,90,Euro 1,Noir,Break,Allemagne,35000,15949.0
Toyota,RAV4,2007,122299,2010-06-17,Diesel,Automatique,130,Euro 3,Bleu,Berline,France,37000,14911.0
Dacia,Spring,2012,204331,2014-12-14,Essence,Manuelle,110,Euro 4,Noir,Monospace,USA,22000,9724.0
Renault,Clio,2009,214657,2011-01-09,Essence,Automatique,150,Euro 3,Noir,Berline,Espagne,17000,6630.0
Volkswagen,Tiguan,2006,217427,2006-01-03,Diesel,Automatique,130,Euro 3,Blanc,Monospace,USA,40000,10825.0
Mercedes,Classe A,2017,110070,2018-11-16,Diesel,Automatique,150,Euro 5,Rouge,SUV,Allemagne,38000,28220.0
Citroen,C4,2020,158190,2021-02-17,Hybride,Manuelle,90,Euro 1,Noir,SUV,Espagne,24000,20367.0
Hyundai,i30,2015,51648,2017-02-07,Diesel,Automatique,200,Euro 5,Blanc,Crossover,Espagne,22000,17680.0
BMW,Serie 5,2007,201381,2009-10-12,Essence,Manuelle,150,Euro 3,Rouge,Berline,Espagne,65000,18995.0
Mercedes,Classe C,2010,236665,2011-01-23,Diesel,Manuelle,110,Euro 4,Noir,Break,Japon,55000,19635.0
Kia,Ceed,2011,14108,2012-06-05,Gaz,Manuelle,130,Euro 4,Blanc,Crossover,Japon,23000,15480.0
Peugeot,208,2016,96608,2019-06-21,Gaz,Manuelle,90,Euro 5,Gris,Monospace,France,18000,13668.0
Ford,Focus,2012,90227,2015-03-27,Diesel,Automatique,200,Euro 4,Bleu,Crossover,Espagne,26000,16500.0
BMW,Serie 3,2007,28942,2008-11-15,Essence,Automatique,150,Euro 3,Gris,Berline,Italie,45000,22325.0
Audi,A4,2010,91126,2011-02-27,Diesel,Manuelle,200,Euro 4,Rouge,Berline,Italie,48000,24500.0
Citroen,C4,2007,214476,2007-03-26,Gaz,Manuelle,110,Euro 3,Blanc,SUV,Japon,24000,7448.0
Dacia,Sandero,2013,137694,2013-09-23,Gaz,Automatique,110,Euro 4,Rouge,SUV,Allemagne,15900,11070.0
Mercedes,Classe E,2019,157132,2020-05-09,Electrique,Manuelle,150,Euro 1,Rouge,Break,Italie,75000,57050.0
BMW,Serie 5,2009,79549,2012-06-10,Diesel,Manuelle,110,Euro 3,Blanc,SUV,Espagne,65000,31728.0
Toyota,Hilux,2010,82538,2012-12-22,Diesel,Automatique,200,Euro 4,Noir,Crossover,Italie,45000,24500.0
Toyota,Yaris,2023,73968,2025-06-27,Hybride,Automatique,110,Euro 1,Rouge,Break,Italie,19000,22590.0
Volkswagen,Tiguan,2008,188244,2010-05-11,Essence,Manuelle,150,Euro 3,Rouge,Break,Espagne,40000,13770.0
Toyota,Corolla,2011,53336,2013-07-19,Essence,Manuelle,130,Euro 4,Gris,Break,Allemagne,28000,15848.0
Citroen,C4,2011,227276,2014-11-17,Gaz,Automatique,150,Euro 4,Blanc,Crossover,Allemagne,24000,11310.0
Toyota,Yaris,2019,75090,2019-09-20,Electrique,Manuelle,110,Euro 1,Noir,Crossover,USA,19000,19578.0
Dacia,Duster,2012,159110,2013-09-27,Hybride,Manuelle,200,Euro 1,Gris,Berline,France,19900,12201.0
Volkswagen,Tiguan,2024,89440,2024-06-28,Gaz,Automatique,130,Euro 6,Rouge,Crossover,Japon,40000,41216.0
Toyota,RAV4,2014,128968,2015-02-16,Essence,Automatique,130,Euro 4,Blanc,Monospace,France,37000,22794.0
Hyundai,i30,2005,125736,2005-02-19,Diesel,Manuelle,200,Euro 3,Bleu,SUV,France,22000,7440.0
Peugeot,3008,2022,82222,2023-11-26,Hybride,Manuelle,200,Euro 1,Blanc,Break,USA,35000,34400.0
Tesla,Model X,2017,166218,2018-01-22,Diesel,Automatique,150,Euro 5,Blanc,Break,Allemagne,120000,77805.0
Mercedes,Classe C,2006,196850,2008-08-03,Diesel,Manuelle,200,Euro 3,Bleu,SUV,France,55000,15390.0
Audi,A6,2011,83324,2011-02-08,Gaz,Manuelle,110,Euro 4,Noir,SUV,Italie,72000,39538.0
Mercedes,Classe C,2012,68808,2015-04-26,Gaz,Automatique,200,Euro 4,Blanc,Monospace,USA,55000,35090.0
Toyota,Hilux,2011,146747,2011-10-05,Gaz,Automatique,90,Euro 4,Noir,Crossover,France,45000,23218.0
Peugeot,5008,2009,13339,2010-05-08,Diesel,Automatique,110,Euro 3,Bleu,Break,Espagne,42000,24354.0
Citroen,C3,2016,222345,2017-11-01,Essence,Automatique,150,Euro 5,Noir,Monospace,France,16000,9990.0
Tesla,Model 3,2006,186165,2008-09-11,Essence,Manuelle,150,Euro 3,Noir,SUV,USA,45000,12740.0
Audi,A4,2022,174899,2025-10-08,Diesel,Manuelle,200,Euro 6,Blanc,SUV,Allemagne,48000,38500.0
Hyundai,i20,2011,99418,2012-06-30,Diesel,Automatique,200,Euro 4,Blanc,Berline,Italie,19500,12220.0
Kia,Ceed,2024,230959,2026-02-25,Essence,Automatique,200,Euro 6,Rouge,Crossover,Espagne,23000,20020.0
Ford,Kuga,2011,239743,2011-05-25,Diesel,Manuelle,150,Euro 4,Gris,SUV,Allemagne,34000,13490.0
Renault,Talisman,2006,86213,2008-11-10,Gaz,Manuelle,110,Euro 3,Rouge,SUV,USA,40000,16188.0
Volkswagen,Golf,2015,26210,2018-07-13,Essence,Manuelle,110,Euro 5,Noir,SUV,Japon,25000,17821.0
Renault,Megane,2010,106528,2012-12-29,Diesel,Automatique,110,Euro 4,Noir,Break,Espagne,25000,13488.0
Kia,Sportage,2013,69206,2013-10-02,Diesel,Automatique,90,Euro 4,Noir,Berline,France,34000,22509.0
Audi,A3,2018,91204,2018-02-15,Electrique,Manuelle,90,Euro 1,Rouge,Crossover,Allemagne,34000,29127.0
Citroen,C3,2020,128375,2021-03-08,Essence,Manuelle,110,Euro 6,Gris,SUV,USA,16000,12236.0
Citroen,C3,2012,63918,2015-12-30,Essence,Manuelle,150,Euro 4,Gris,Break,Italie,16000,9570.0
Mercedes,Classe C,2019,56042,2020-05-14,Hybride,Manuelle,130,Euro 1,Rouge,Break,Espagne,55000,47440.0
Hyundai,i30,2009,231436,2012-05-22,Essence,Manuelle,200,Euro 3,Bleu,Break,USA,22000,7360.0
Toyota,RAV4,2014,92716,2017-04-27,Diesel,Manuelle,110,Euro 4,Bleu,Berline,France,37000,23241.0
Dacia,Sandero,2007,181253,2008-03-26,Essence,Manuelle,110,Euro 3,Noir,Break,Espagne,15900,4960.0
Audi,A6,2011,213990,2013-07-16,Diesel,Manuelle,110,Euro 4,Gris,Crossover,France,72000,29240.0
Dacia,Spring,2019,33520,2020-10-18,Gaz,Manuelle,130,Euro 5,Blanc,Monospace,France,22000,20336.0
Mercedes,Classe A,2019,175479,2020-11-20,Hybride,Manuelle,110,Euro 1,Blanc,SUV,Allemagne,38000,28628.0
Renault,Megane,2015,98443,2017-10-03,Essence,Manuelle,90,Euro 5,Bleu,SUV,Allemagne,25000,15936.0
Peugeot,308,2019,192827,2021-06-24,Diesel,Automatique,150,Euro 5,Noir,Monospace,USA,30000,22110.0
Kia,Ceed,2014,176185,2016-12-28,Gaz,Manuelle,90,Euro 4,Gris,Crossover,USA,23000,13462.0
Citroen,C3,2007,57479,2009-11-10,Essence,Manuelle,200,Euro 3,Gris,Monospace,Allemagne,16000,7480.0
Peugeot,5008,2011,116637,2012-06-02,Diesel,Automatique,110,Euro 4,Blanc,Break,France,42000,22550.0
Kia,Sportage,2007,71784,2008-05-20,Gaz,Automatique,90,Euro 3,Gris,Monospace,USA,34000,16128.0
Toyota,Yaris,2020,188149,2022-07-02,Diesel,Automatique,200,Euro 6,Noir,Break,Italie,19000,16100.0
Kia,Sportage,2018,237026,2021-03-23,Hybride,Manuelle,200,Euro 1,Gris,Monospace,France,34000,23010.0
BMW,X5,2017,154270,2018-03-26,Diesel,Automatique,90,Euro 5,Bleu,Berline,USA,80000,53056.0
Volkswagen,Golf,2019,238093,2020-04-23,Diesel,Manuelle,150,Euro 5,Blanc,SUV,USA,25000,16430.0
Audi,A3,2011,134246,2014-02-04,Hybride,Automatique,200,Euro 1,Blanc,Monospace,USA,34000,19680.0
Renault,Megane,2005,247103,2005-11-10,Essence,Manuelle,200,Euro 3,Gris,Monospace,Allemagne,25000,4940.0
Audi,A4,2016,61299,2018-10-09,Hybride,Manuelle,110,Euro 1,Blanc,Crossover,Allemagne,48000,36470.0
Ford,Fiesta,2019,212102,2021-07-30,Essence,Manuelle,200,Euro 5,Gris,Break,Italie,18000,12160.0
Dacia,Duster,2023,73509,2026-12-21,Gaz,Automatique,130,Euro 6,Bleu,Berline,France,19900,22230.0
Ford,Fiesta,2006,126689,2007-09-04,Diesel,Manuelle,200,Euro 3,Blanc,Crossover,USA,18000,6800.0
Toyota,Hilux,2007,173457,2008-12-12,Gaz,Manuelle,200,Euro 3,Rouge,Break,France,45000,15520.0
Volkswagen,Passat,2018,226099,2020-12-16,Electrique,Automatique,90,Euro 1,Blanc,Berline,USA,36000,26340.0
BMW,X5,2021,56695,2021-12-20,Gaz,Manuelle,90,Euro 6,Bleu,Monospace,Italie,80000,70864.0
Toyota,Hilux,2007,116318,2007-07-26,Essence,Manuelle,200,Euro 3,Rouge,Berline,Japon,45000,17480.0
Ford,Fiesta,2006,140332,2009-03-15,Diesel,Manuelle,130,Euro 3,Noir,Berline,Espagne,18000,6176.0
Audi,Q5,2007,30289,2009-05-27,Diesel,Automatique,130,Euro 3,Rouge,Crossover,France,65000,31418.0
Ford,Fiesta,2019,202525,2021-12-02,Hybride,Automatique,110,Euro 1,Rouge,Monospace,Allemagne,18000,15665.0
Dacia,Spring,2014,29838,2016-06-30,Hybride,Automatique,130,Euro 1,Bleu,Break,Italie,22000,19244.0
Volkswagen,Arteon,2006,15754,2006-10-08,Gaz,Manuelle,200,Euro 3,Gris,SUV,Japon,48000,23175.0
Kia,Sportage,2016,230542,2017-11-29,Diesel,Automatique,110,Euro 5,Blanc,SUV,France,34000,19663.0
Toyota,RAV4,2019,194480,2020-08-01,Essence,Automatique,130,Euro 5,Rouge,SUV,Allemagne,37000,25938.0
Ford,Kuga,2011,57517,2014-01-28,Gaz,Automatique,110,Euro 4,Blanc,Break,Italie,34000,21616.0
Peugeot,308,2015,206830,2017-10-28,Essence,Automatique,130,Euro 5,Gris,Crossover,Allemagne,30000,17119.0
Kia,Sportage,2009,189619,2009-05-21,Gaz,Manuelle,200,Euro 3,Gris,Break,USA,34000,13875.0
Ford,Focus,2024,230449,2025-08-09,Hybride,Manuelle,110,Euro 1,Rouge,Berline,France,26000,23177.0
Peugeot,3008,2013,12466,2016-01-02,Hybride,Manuelle,200,Euro 1,Blanc,Crossover,USA,35000,26400.0
Renault,Captur,2024,106289,2025-10-22,Hybride,Manuelle,130,Euro 1,Gris,Monospace,USA,28000,29070.0
Hyundai,Tucson,2010,195349,2010-08-17,Gaz,Automatique,90,Euro 4,Bleu,SUV,France,35000,15366.0
Dacia,Sandero,2022,105049,2023-09-30,Diesel,Automatique,130,Euro 6,Gris,SUV,Japon,15900,16128.0
Renault,Megane,2014,86883,2017-08-24,Essence,Automatique,200,Euro 4,Blanc,Monospace,Allemagne,25000,17360.0
BMW,Serie 3,2018,156209,2018-06-02,Gaz,Automatique,150,Euro 5,Rouge,Break,Espagne,45000,33500.0
Ford,Kuga,2021,247951,2021-10-13,Diesel,Manuelle,150,Euro 6,Gris,Monospace,Espagne,34000,23785.0
Ford,Fiesta,2017,111385,2020-02-03,Hybride,Automatique,90,Euro 1,Blanc,Break,USA,18000,16252.0
Citroen,C5 Aircross,2019,85393,2021-09-11,Hybride,Manuelle,110,Euro 1,Rouge,Monospace,Espagne,35000,30107.0
Tesla,Model S,2014,78677,2017-01-10,Essence,Automatique,90,Euro 4,Noir,Break,Italie,95000,61047.0
Hyundai,i20,2006,159573,2006-07-04,Diesel,Automatique,200,Euro 3,Noir,Berline,France,19500,7285.0
Citroen,C4,2021,70340,2023-04-29,Essence,Manuelle,130,Euro 6,Gris,Berline,Espagne,24000,20412.0
Renault,Megane,2019,83068,2022-09-29,Hybride,Automatique,110,Euro 1,Bleu,Berline,USA,25000,23947.0
Kia,Rio,2020,38109,2020-06-30,Essence,Manuelle,90,Euro 6,Gris,Break,Italie,18900,15980.0
BMW,X5,2017,75206,2017-09-06,Gaz,Automatique,150,Euro 5,Noir,Break,France,80000,61200.0
Mercedes,Classe A,2022,66212,2023-01-13,Essence,Manuelle,110,Euro 6,Gris,Break,Espagne,38000,33528.0
Citroen,C5 Aircross,2021,225417,2023-09-25,Essence,Automatique,110,Euro 6,Gris,SUV,Japon,35000,25599.0
Volkswagen,Golf,2009,199064,2012-08-05,Essence,Automatique,110,Euro 3,Blanc,Berline,USA,25000,9756.0
Renault,Clio,2011,58778,2013-02-20,Diesel,Manuelle,110,Euro 4,Gris,Break,Japon,17000,10136.0
Peugeot,3008,2016,67120,2017-04-23,Diesel,Manuelle,110,Euro 5,Gris,Monospace,Japon,35000,25270.0
Dacia,Spring,2022,116868,2025-05-17,Gaz,Automatique,90,Euro 6,Bleu,SUV,Italie,22000,21912.0
Toyota,RAV4,2021,143822,2021-11-05,Gaz,Automatique,150,Euro 6,Noir,Monospace,Espagne,37000,32340.0
Hyundai,i20,2012,225540,2012-02-04,Gaz,Manuelle,90,Euro 4,Blanc,Berline,Allemagne,19500,9198.0
Dacia,Spring,2015,90350,2017-01-14,Hybride,Manuelle,110,Euro 1,Blanc,SUV,Italie,22000,16704.0
Citroen,C3,2010,216866,2013-04-17,Hybride,Automatique,150,Euro 1,Rouge,SUV,Espagne,16000,8325.0
Citroen,C4,2006,169131,2008-06-19,Essence,Automatique,150,Euro 3,Gris,Crossover,France,24000,7950.0
Renault,Talisman,2014,206322,2016-07-28,Hybride,Automatique,130,Euro 1,Blanc,Crossover,Italie,40000,23150.0
Kia,Sportage,2005,168855,2006-02-21,Essence,Automatique,110,Euro 3,Rouge,Berline,Italie,34000,9747.0
Tesla,Model 3,2007,18666,2009-12-09,Diesel,Manuelle,150,Euro 3,Rouge,Crossover,Espagne,45000,22320.0
Kia,Rio,2017,152058,2019-06-13,Gaz,Manuelle,130,Euro 5,Gris,SUV,Italie,18900,13888.0
BMW,Serie 3,2022,32238,2025-07-17,Hybride,Manuelle,90,Euro 1,Bleu,Monospace,France,45000,44499.0
Tesla,Model X,2006,85190,2007-10-13,Diesel,Automatique,150,Euro 3,Blanc,SUV,Allemagne,120000,46930.0
Toyota,Corolla,2017,184197,2020-03-03,Hybride,Automatique,150,Euro 1,Blanc,Crossover,Japon,28000,21045.0
Volkswagen,Arteon,2009,86431,2010-11-23,Gaz,Manuelle,130,Euro 3,Noir,SUV,USA,48000,23876.0
Kia,Sportage,2010,144120,2013-02-04,Hybride,Manuelle,90,Euro 1,Noir,Crossover,Italie,34000,16676.0
Citroen,C5 Aircross,2009,242303,2011-12-21,Essence,Automatique,110,Euro 3,Noir,Crossover,France,35000,11501.0
Renault,Megane,2018,247977,2018-05-16,Diesel,Manuelle,90,Euro 5,Blanc,SUV,USA,25000,15022.0
Kia,Ceed,2015,54311,2018-07-19,Diesel,Automatique,130,Euro 5,Gris,Berline,Japon,23000,17884.0
Audi,A4,2005,208235,2007-12-10,Essence,Automatique,150,Euro 3,Rouge,Berline,France,48000,11615.0
BMW,Serie 1,2021,143673,2024-02-20,Essence,Automatique,200,Euro 6,Blanc,Break,USA,35000,29260.0
Citroen,C5 Aircross,2011,85938,2013-06-23,Essence,Manuelle,110,Euro 4,Gris,SUV,Espagne,35000,18603.0
Tesla,Model 3,2005,165462,2007-05-18,Diesel,Automatique,90,Euro 3,Blanc,Monospace,Japon,45000,12933.0
Hyundai,i20,2007,22492,2009-07-31,Diesel,Automatique,130,Euro 3,Bleu,Berline,USA,19500,10716.0
Audi,A3,2008,49021,2009-04-29,Essence,Automatique,150,Euro 3,Gris,Crossover,Espagne,34000,17520.0
Hyundai,Tucson,2023,230658,2026-01-07,Essence,Manuelle,90,Euro 6,Rouge,Monospace,Italie,35000,25826.0
Citroen,C3,2007,247233,2007-10-09,Gaz,Manuelle,200,Euro 3,Gris,SUV,Italie,16000,4875.0
Hyundai,i30,2016,153988,2016-07-19,Diesel,Manuelle,150,Euro 5,Noir,Monospace,Italie,22000,14335.0
Ford,Kuga,2007,52904,2009-10-29,Diesel,Manuelle,110,Euro 3,Bleu,SUV,Espagne,34000,15444.0
Audi,A3,2016,234465,2016-08-06,Gaz,Automatique,110,Euro 5,Gris,SUV,Italie,34000,20458.0
Tesla,Model S,2022,75792,2023-05-24,Gaz,Manuelle,110,Euro 6,Noir,Break,Allemagne,95000,84912.0
Ford,Fiesta,2017,110997,2020-06-23,Diesel,Automatique,200,Euro 5,Gris,Break,Japon,18000,14960.0
Toyota,Yaris,2006,197968,2006-06-04,Essence,Automatique,90,Euro 3,Rouge,Berline,Italie,19000,5643.0
Peugeot,3008,2012,165078,2012-07-12,Hybride,Manuelle,130,Euro 1,Gris,Crossover,USA,35000,18864.0
Kia,Ceed,2017,73002,2017-07-17,Hybride,Automatique,130,Euro 1,Rouge,Crossover,Espagne,23000,21096.0
Mercedes,Classe E,2005,203112,2006-11-28,Essence,Manuelle,110,Euro 3,Noir,Monospace,Espagne,75000,17273.0
Mercedes,Classe E,2020,115327,2020-06-23,Diesel,Automatique,130,Euro 6,Noir,Monospace,Espagne,75000,60291.0
Toyota,Yaris,2005,184839,2005-03-20,Diesel,Automatique,200,Euro 3,Rouge,Monospace,Italie,19000,5750.0
Volkswagen,Golf,2005,71325,2008-06-16,Diesel,Automatique,130,Euro 3,Gris,Monospace,Japon,25000,10188.0
Citroen,C5 Aircross,2017,166026,2019-09-19,Hybride,Manuelle,90,Euro 1,Rouge,Monospace,Allemagne,35000,24507.0
Tesla,Model 3,2012,118156,2015-07-29,Gaz,Manuelle,200,Euro 4,Noir,SUV,USA,45000,25705.0
Toyota,Yaris,2006,221997,2006-05-20,Gaz,Manuelle,130,Euro 3,Noir,SUV,Allemagne,19000,5232.0
Kia,Rio,2021,205131,2022-04-28,Essence,Manuelle,110,Euro 6,Gris,SUV,USA,18900,13490.0
Audi,A3,2016,197886,2019-07-26,Gaz,Manuelle,200,Euro 5,Gris,Crossover,Allemagne,34000,21375.0
Hyundai,i30,2009,80888,2009-12-02,Essence,Automatique,130,Euro 3,Rouge,SUV,USA,22000,11421.0
Hyundai,i30,2023,108721,2024-05-25,Diesel,Automatique,200,Euro 6,Noir,Break,Italie,22000,22620.0
Tesla,Model X,2017,117566,2018-07-10,Gaz,Manuelle,200,Euro 5,Bleu,Berline,USA,120000,83980.0
BMW,Serie 5,2012,126689,2015-07-09,Gaz,Automatique,200,Euro 4,Noir,Break,USA,65000,36660.0
Volkswagen,Golf,2020,240360,2022-02-16,Diesel,Automatique,90,Euro 6,Bleu,Crossover,Allemagne,25000,17856.0
Audi,A6,2016,157833,2019-10-22,Diesel,Automatique,110,Euro 5,Bleu,Break,Allemagne,72000,45811.0
Ford,Fiesta,2017,88415,2017-03-22,Diesel,Automatique,150,Euro 5,Blanc,Break,Allemagne,18000,15265.0
Audi,A3,2013,39526,2016-06-02,Essence,Automatique,90,Euro 4,Bleu,Break,France,34000,22976.0
BMW,Serie 3,2005,89558,2005-02-11,Diesel,Automatique,130,Euro 3,Bleu,Monospace,Italie,45000,16905.0
BMW,Serie 1,2015,193577,2017-06-29,Essence,Automatique,150,Euro 5,Blanc,Monospace,Allemagne,35000,20250.0
Volkswagen,Passat,2024,85577,2025-08-28,Essence,Manuelle,90,Euro 6,Rouge,SUV,Espagne,36000,33028.0
Mercedes,Classe A,2018,176191,2020-12-23,Diesel,Manuelle,130,Euro 5,Blanc,SUV,France,38000,25545.0
BMW,X5,2020,211284,2021-06-14,Gaz,Automatique,90,Euro 6,Rouge,Monospace,Italie,80000,56548.0
Tesla,Model S,2006,16069,2006-06-19,Essence,Automatique,90,Euro 3,Noir,Crossover,Japon,95000,43605.0
Mercedes,GLC,2020,165653,2020-03-26,Essence,Automatique,150,Euro 6,Gris,Berline,Italie,85000,63000.0
Ford,Fiesta,2022,25700,2022-11-30,Gaz,Manuelle,130,Euro 6,Blanc,Crossover,Allemagne,18000,19136.0
Mercedes,GLC,2007,120717,2009-02-09,Gaz,Manuelle,130,Euro 3,Noir,Berline,USA,85000,32486.0
Renault,Talisman,2020,92680,2023-09-15,Electrique,Manuelle,110,Euro 1,Gris,Monospace,USA,40000,36419.0
Peugeot,308,2024,138422,2026-06-20,Essence,Automatique,150,Euro 6,Noir,SUV,Italie,30000,28275.0
Dacia,Duster,2008,167794,2010-09-24,Gaz,Automatique,90,Euro 3,Noir,SUV,France,19900,8748.0
Renault,Megane,2007,224355,2009-10-30,Diesel,Manuelle,110,Euro 3,Blanc,Berline,Allemagne,25000,7047.0
Ford,Focus,2021,22938,2022-07-25,Hybride,Automatique,200,Euro 1,Bleu,Break,Italie,26000,29370.0
Toyota,Yaris,2019,81813,2019-05-15,Diesel,Automatique,150,Euro 5,Blanc,SUV,Japon,19000,17325.0
Dacia,Duster,2008,88016,2011-11-17,Diesel,Manuelle,90,Euro 3,Blanc,Monospace,Italie,19900,9152.0
Peugeot,208,2017,143402,2017-09-24,Diesel,Automatique,90,Euro 5,Blanc,Crossover,Allemagne,18000,13585.0
Mercedes,GLC,2024,36104,2026-12-29,Gaz,Automatique,130,Euro 6,Blanc,Crossover,Japon,85000,87106.0
Mercedes,Classe E,2009,70255,2009-10-02,Essence,Automatique,200,Euro 3,Gris,SUV,Allemagne,75000,37440.0
BMW,X5,2007,177544,2007-08-04,Gaz,Automatique,110,Euro 3,Rouge,Monospace,Italie,80000,27072.0
Dacia,Spring,2008,40024,2009-10-30,Gaz,Automatique,130,Euro 3,Gris,Berline,Italie,22000,12864.0
Ford,Kuga,2011,159787,2011-03-21,Gaz,Manuelle,130,Euro 4,Noir,Crossover,Espagne,34000,16928.0
Kia,Ceed,2006,82779,2008-05-05,Gaz,Manuelle,200,Euro 3,Noir,Break,Italie,23000,10070.0
Peugeot,208,2018,37437,2018-02-22,Gaz,Automatique,110,Euro 5,Noir,Crossover,Italie,18000,17854.0
Kia,Ceed,2021,11381,2023-03-27,Electrique,Manuelle,130,Euro 1,Gris,Monospace,France,23000,26370.0
Kia,Rio,2005,196178,2006-09-14,Essence,Automatique,150,Euro 3,Noir,Break,Japon,18900,5136.0
Hyundai,i20,2022,39102,2023-03-28,Gaz,Automatique,200,Euro 6,Noir,Break,Italie,19500,22750.0
Renault,Clio,2024,89735,2025-01-11,Gaz,Automatique,150,Euro 6,Bleu,Berline,Japon,17000,20240.0
Audi,A6,2020,201763,2023-03-25,Diesel,Automatique,110,Euro 6,Noir,Berline,Italie,72000,51068.0
BMW,Serie 3,2023,108652,2024-06-16,Hybride,Automatique,90,Euro 1,Noir,Break,France,45000,44283.0
Kia,Rio,2013,192360,2014-12-23,Gaz,Automatique,110,Euro 4,Gris,Berline,Japon,18900,11280.0
Toyota,RAV4,2020,166885,2021-06-17,Gaz,Automatique,110,Euro 6,Rouge,SUV,Japon,37000,29952.0
BMW,Serie 3,2006,121983,2008-06-09,Diesel,Manuelle,200,Euro 3,Noir,Crossover,USA,45000,15980.0
Mercedes,Classe A,2016,229380,2017-03-04,Essence,Automatique,200,Euro 5,Gris,SUV,Italie,38000,22140.0
Dacia,Spring,2018,58335,2019-04-28,Electrique,Automatique,200,Euro 1,Bleu,Crossover,Espagne,22000,23870.0
Peugeot,5008,2013,33417,2014-11-23,Hybride,Automatique,130,Euro 1,Noir,Monospace,Italie,42000,30912.0
Ford,Focus,2013,24063,2013-01-13,Gaz,Automatique,200,Euro 4,Rouge,Break,Italie,26000,20475.0
Tesla,Model S,2018,85771,2018-07-07,Gaz,Manuelle,150,Euro 5,Rouge,SUV,USA,95000,72520.0
Peugeot,5008,2014,39120,2015-07-19,Diesel,Automatique,90,Euro 4,Rouge,Berline,Allemagne,42000,30083.0
Dacia,Duster,2017,93348,2018-09-20,Gaz,Automatique,110,Euro 5,Bleu,Monospace,Japon,19900,17150.0
BMW,Serie 1,2005,17110,2007-05-04,Essence,Manuelle,110,Euro 3,Gris,Crossover,USA,35000,14742.0
Volkswagen,Golf,2015,151987,2018-11-30,Hybride,Manuelle,110,Euro 1,Gris,SUV,Italie,25000,16878.0
BMW,Serie 3,2006,187364,2008-03-23,Essence,Automatique,150,Euro 3,Blanc,Monospace,USA,45000,13300.0
Tesla,Model X,2007,139237,2009-11-06,Diesel,Automatique,110,Euro 3,Bleu,Crossover,Japon,120000,44316.0
Ford,Focus,2013,17012,2014-11-15,Essence,Manuelle,130,Euro 4,Rouge,SUV,France,26000,17358.0
Tesla,Model X,2017,127985,2019-03-08,Diesel,Manuelle,130,Euro 5,Noir,SUV,Italie,120000,81271.0
Hyundai,Tucson,2019,249103,2020-03-03,Electrique,Manuelle,110,Euro 1,Bleu,SUV,Italie,35000,25071.0
Mercedes,Classe E,2024,68642,2024-12-25,Hybride,Manuelle,150,Euro 1,Rouge,Monospace,Italie,75000,74730.0
Ford,Kuga,2022,80793,2022-05-30,Essence,Automatique,110,Euro 6,Gris,Break,Espagne,34000,31046.0
Audi,A6,2006,130053,2008-12-17,Diesel,Automatique,90,Euro 3,Noir,SUV,Japon,72000,24717.0
Audi,Q5,2020,163084,2022-09-26,Diesel,Automatique,200,Euro 6,Gris,SUV,France,65000,49680.0
Dacia,Sandero,2012,128328,2015-12-24,Hybride,Automatique,150,Euro 1,Rouge,Break,Italie,15900,11648.0
Audi,A4,2021,91430,2023-11-29,Hybride,Manuelle,150,Euro 1,Gris,Monospace,USA,48000,43050.0
Ford,Fiesta,2005,121221,2007-04-08,Essence,Automatique,130,Euro 3,Blanc,Break,Allemagne,18000,6293.0
Kia,Rio,2011,169752,2011-05-28,Gaz,Manuelle,130,Euro 4,Noir,Crossover,Italie,18900,9765.0
Dacia,Spring,2012,57567,2014-09-20,Gaz,Manuelle,90,Euro 4,Bleu,Break,USA,22000,14396.0
Audi,A6,2013,220600,2013-09-01,Hybride,Automatique,110,Euro 1,Noir,Berline,Italie,72000,35145.0
Peugeot,3008,2010,89493,2012-03-27,Essence,Manuelle,90,Euro 4,Blanc,SUV,Japon,35000,17450.0
Hyundai,i30,2019,182908,2020-10-31,Diesel,Manuelle,150,Euro 5,Rouge,Crossover,Japon,22000,15745.0
Audi,A3,2016,89805,2018-02-15,Gaz,Automatique,200,Euro 5,Gris,SUV,USA,34000,26860.0
Dacia,Spring,2021,150623,2021-01-10,Essence,Manuelle,200,Euro 6,Blanc,Berline,Allemagne,22000,17480.0
Citroen,C4,2020,215269,2020-05-21,Hybride,Automatique,150,Euro 1,Rouge,Monospace,Espagne,24000,20435.0
Audi,A6,2013,183804,2013-06-10,Gaz,Manuelle,150,Euro 4,Blanc,Berline,Espagne,72000,36750.0
Renault,Clio,2013,91764,2014-07-03,Gaz,Automatique,90,Euro 4,Bleu,Break,Japon,17000,12412.0
Kia,Rio,2017,125522,2018-01-13,Gaz,Manuelle,110,Euro 5,Gris,Crossover,Italie,18900,14405.0
BMW,Serie 1,2018,145861,2020-02-12,Electrique,Manuelle,110,Euro 1,Bleu,Monospace,USA,35000,27948.0
Hyundai,i30,2009,164632,2010-01-08,Gaz,Manuelle,150,Euro 3,Bleu,Crossover,Italie,22000,9750.0
Peugeot,3008,2012,227467,2013-07-19,Hybride,Manuelle,90,Euro 1,Bleu,Monospace,Italie,35000,16338.0
Peugeot,5008,2016,34403,2016-08-13,Gaz,Manuelle,200,Euro 5,Gris,Crossover,Espagne,42000,33215.0
Volkswagen,Passat,2011,187676,2013-12-01,Gaz,Manuelle,130,Euro 4,Blanc,Berline,Japon,36000,16684.0
Audi,A4,2022,214313,2022-01-27,Diesel,Automatique,110,Euro 6,Blanc,SUV,France,48000,37303.0
Peugeot,208,2007,192689,2010-01-18,Essence,Manuelle,130,Euro 3,Bleu,Break,USA,18000,5490.0
Ford,Focus,2013,64787,2015-10-18,Essence,Automatique,200,Euro 4,Rouge,Crossover,USA,26000,17690.0
Volkswagen,Arteon,2016,118961,2017-02-18,Diesel,Automatique,110,Euro 5,Blanc,Break,Allemagne,48000,33215.0
Ford,Fiesta,2018,198765,2020-10-12,Electrique,Automatique,200,Euro 1,Bleu,Monospace,France,18000,17010.0
Dacia,Sandero,2017,93734,2018-11-28,Essence,Manuelle,150,Euro 5,Noir,Berline,Japon,15900,11480.0
Tesla,Model S,2016,140677,2017-02-25,Hybride,Automatique,110,Euro 1,Blanc,SUV,Espagne,95000,62682.0
Dacia,Duster,2024,43982,2026-07-28,Essence,Automatique,130,Euro 6,Gris,Break,Japon,19900,21312.0
Citroen,C5 Aircross,2010,109866,2012-04-20,Essence,Manuelle,110,Euro 4,Blanc,Monospace,Japon,35000,16848.0
Kia,Rio,2015,176200,2015-05-12,Gaz,Automatique,130,Euro 5,Bleu,SUV,France,18900,13272.0
Peugeot,3008,2018,27745,2019-09-13,Gaz,Automatique,110,Euro 5,Bleu,Break,France,35000,31680.0
Citroen,C4,2014,13236,2016-08-27,Gaz,Manuelle,90,Euro 4,Gris,Berline,France,24000,18216.0
Renault,Talisman,2011,218768,2012-08-18,Gaz,Automatique,130,Euro 4,Bleu,SUV,France,40000,17920.0
Audi,A3,2012,100090,2014-01-05,Diesel,Manuelle,200,Euro 4,Noir,Crossover,USA,34000,19440.0
Peugeot,308,2021,174458,2023-09-24,Hybride,Manuelle,130,Euro 1,Noir,Berline,Japon,30000,25382.0
Hyundai,Tucson,2010,130984,2010-05-07,Diesel,Manuelle,150,Euro 4,Gris,Crossover,Espagne,35000,16425.0
Hyundai,i20,2024,72363,2026-11-02,Gaz,Automatique,200,Euro 6,Blanc,Berline,USA,19500,23250.0
Ford,Fiesta,2014,87706,2014-12-31,Diesel,Automatique,130,Euro 4,Gris,Crossover,France,18000,13206.0
Kia,Sportage,2021,96924,2023-11-16,Essence,Automatique,150,Euro 6,Blanc,Crossover,USA,34000,29930.0
Tesla,Model S,2020,103346,2020-10-19,Diesel,Manuelle,90,Euro 6,Gris,Monospace,Japon,95000,74802.0
Kia,Rio,2013,212805,2015-07-07,Gaz,Automatique,90,Euro 4,Blanc,Berline,USA,18900,10718.0
Ford,Focus,2016,165519,2018-07-19,Diesel,Manuelle,130,Euro 5,Noir,Break,USA,26000,16380.0
Kia,Sportage,2014,236489,2016-09-08,Gaz,Manuelle,110,Euro 4,Rouge,SUV,USA,34000,17202.0
Audi,A4,2006,198439,2006-12-21,Gaz,Automatique,150,Euro 3,Bleu,SUV,Italie,48000,14310.0
Peugeot,208,2024,239132,2027-07-17,Electrique,Automatique,110,Euro 1,Noir,Monospace,USA,18000,20097.0
BMW,Serie 3,2015,84369,2018-09-09,Gaz,Automatique,150,Euro 5,Blanc,SUV,Japon,45000,32500.0
Hyundai,i20,2018,160832,2021-06-10,Hybride,Automatique,130,Euro 1,Rouge,SUV,USA,19500,17028.0
Hyundai,i20,2022,101701,2023-11-22,Electrique,Automatique,200,Euro 1,Noir,Berline,Japon,19500,23940.0
Tesla,Model X,2020,124792,2021-04-02,Electrique,Automatique,90,Euro 1,Blanc,SUV,France,120000,97204.0
Peugeot,308,2024,189444,2027-10-20,Hybride,Manuelle,130,Euro 1,Noir,SUV,Allemagne,30000,28126.0
Renault,Captur,2009,107479,2012-09-09,Gaz,Automatique,200,Euro 3,Noir,SUV,Japon,28000,15075.0
Ford,Kuga,2015,210361,2015-12-05,Hybride,Automatique,150,Euro 1,Bleu,Berline,Japon,34000,21060.0
BMW,X5,2006,231373,2006-04-16,Gaz,Manuelle,90,Euro 3,Gris,Berline,Espagne,80000,18952.0
Citroen,C5 Aircross,2022,56115,2025-12-31,Gaz,Manuelle,110,Euro 6,Blanc,Berline,Allemagne,35000,33464.0
Audi,A4,2023,204923,2025-07-11,Electrique,Manuelle,130,Euro 1,Noir,Break,USA,48000,41811.0
Tesla,Model X,2005,180413,2007-10-05,Diesel,Automatique,200,Euro 3,Blanc,Berline,France,120000,31000.0
Renault,Megane,2010,66832,2010-04-25,Hybride,Manuelle,200,Euro 1,Gris,Break,USA,25000,15600.0
Volkswagen,Passat,2010,224452,2010-09-13,Gaz,Automatique,200,Euro 4,Rouge,Berline,Allemagne,36000,14940.0
Tesla,Model S,2008,212421,2008-02-22,Gaz,Manuelle,150,Euro 3,Bleu,Monospace,Allemagne,95000,30380.0
Audi,A3,2016,232834,2018-06-30,Gaz,Manuelle,110,Euro 5,Noir,Break,France,34000,19398.0
Audi,A4,2019,204169,2021-10-05,Gaz,Manuelle,150,Euro 5,Rouge,SUV,Japon,48000,33150.0
Renault,Captur,2022,52195,2024-05-31,Essence,Manuelle,90,Euro 6,Rouge,Monospace,Japon,28000,24831.0
Ford,Kuga,2007,31639,2010-10-13,Essence,Automatique,130,Euro 3,Gris,Berline,USA,34000,16698.0
Hyundai,i30,2024,118951,2027-08-13,Essence,Automatique,150,Euro 6,Bleu,Break,Espagne,22000,21805.0
Tesla,Model 3,2009,159698,2010-06-28,Gaz,Manuelle,90,Euro 3,Bleu,SUV,Japon,45000,18960.0
Ford,Kuga,2006,238132,2006-04-04,Diesel,Automatique,90,Euro 3,Bleu,Crossover,Espagne,34000,8487.0
Dacia,Duster,2008,122269,2011-07-12,Essence,Manuelle,110,Euro 3,Rouge,SUV,USA,19900,8000.0
BMW,Serie 5,2006,160628,2008-10-04,Essence,Manuelle,150,Euro 3,Bleu,Monospace,Italie,65000,19650.0
Citroen,C3,2018,158947,2021-12-17,Essence,Automatique,110,Euro 5,Gris,Crossover,Espagne,16000,12127.0
Citroen,C5 Aircross,2005,211971,2006-04-21,Diesel,Automatique,90,Euro 3,Rouge,Break,Allemagne,35000,8338.0
Ford,Kuga,2024,58884,2024-10-02,Essence,Manuelle,200,Euro 6,Bleu,Crossover,France,34000,33250.0
BMW,X5,2016,175491,2019-10-06,Essence,Manuelle,90,Euro 5,Noir,Monospace,Italie,80000,47141.0
Mercedes,GLC,2007,206174,2009-10-14,Gaz,Automatique,200,Euro 3,Noir,Monospace,Espagne,85000,26245.0
BMW,X5,2016,45697,2016-10-31,Diesel,Manuelle,130,Euro 5,Blanc,SUV,Espagne,80000,58536.0
Kia,Sportage,2022,249043,2023-08-04,Electrique,Manuelle,90,Euro 1,Noir,Crossover,Japon,34000,27930.0
Hyundai,i30,2005,35031,2005-07-20,Diesel,Automatique,150,Euro 3,Bleu,Monospace,Italie,22000,10200.0
Ford,Fiesta,2007,245465,2009-08-06,Gaz,Manuelle,200,Euro 3,Gris,Break,Italie,18000,5375.0
Kia,Rio,2012,143008,2012-08-24,Diesel,Automatique,130,Euro 4,Blanc,Monospace,USA,18900,11100.0
Renault,Megane,2015,132568,2017-05-30,Diesel,Automatique,90,Euro 5,Noir,Break,Allemagne,25000,16740.0
Citroen,C3,2019,91561,2020-11-28,Gaz,Automatique,90,Euro 5,Noir,Crossover,Allemagne,16000,15504.0
Tesla,Model S,2006,113031,2008-02-22,Diesel,Automatique,200,Euro 3,Rouge,SUV,France,95000,34650.0
Mercedes,GLC,2016,138388,2018-07-14,Gaz,Manuelle,90,Euro 5,Noir,Monospace,USA,85000,55062.0
Hyundai,i30,2011,242536,2012-01-29,Hybride,Automatique,130,Euro 1,Rouge,Berline,Espagne,22000,10471.0
Peugeot,5008,2021,132022,2023-06-20,Essence,Manuelle,90,Euro 6,Gris,Monospace,Italie,42000,32682.0
Kia,Ceed,2011,151160,2013-09-26,Essence,Automatique,130,Euro 4,Gris,Monospace,France,23000,11638.0
Renault,Talisman,2019,66833,2021-08-06,Electrique,Automatique,90,Euro 1,Bleu,SUV,France,40000,37841.0
Citroen,C4,2018,224902,2019-10-10,Diesel,Manuelle,110,Euro 5,Rouge,Berline,USA,24000,15060.0
BMW,Serie 1,2016,130652,2019-07-01,Hybride,Automatique,110,Euro 1,Blanc,Crossover,Italie,35000,25893.0
Dacia,Sandero,2022,63209,2022-09-12,Diesel,Automatique,200,Euro 6,Gris,Monospace,Japon,15900,17512.0
Citroen,C5 Aircross,2021,142523,2021-10-28,Essence,Automatique,150,Euro 6,Rouge,Monospace,USA,35000,28875.0
Hyundai,i20,2008,108574,2010-04-17,Diesel,Manuelle,130,Euro 3,Gris,SUV,USA,19500,8736.0
Hyundai,i30,2006,142090,2006-07-02,Gaz,Automatique,200,Euro 3,Blanc,Berline,USA,22000,8800.0
Dacia,Sandero,2014,113714,2017-06-09,Diesel,Automatique,110,Euro 4,Noir,Break,Allemagne,15900,11210.0
Citroen,C4,2015,98446,2017-01-01,Essence,Manuelle,90,Euro 5,Gris,Crossover,USA,24000,15296.0
Kia,Sportage,2018,60049,2019-11-04,Electrique,Automatique,200,Euro 1,Blanc,Berline,Italie,34000,32680.0
Toyota,Hilux,2020,26586,2020-08-06,Gaz,Manuelle,150,Euro 6,Bleu,Break,Espagne,45000,41280.0
Peugeot,308,2014,48803,2017-06-30,Essence,Automatique,110,Euro 4,Rouge,Berline,Espagne,30000,21186.0
Audi,Q5,2015,156874,2016-06-22,Essence,Automatique,150,Euro 5,Blanc,Crossover,France,65000,39150.0
Hyundai,i20,2005,121272,2006-05-31,Diesel,Automatique,110,Euro 3,Blanc,Break,Japon,19500,7006.0
BMW,Serie 5,2005,52310,2008-02-02,Essence,Manuelle,90,Euro 3,Blanc,SUV,France,65000,24662.0
Toyota,Yaris,2005,143637,2007-05-19,Diesel,Automatique,200,Euro 3,Gris,SUV,Espagne,19000,6670.0
Mercedes,Classe C,2020,208953,2020-06-18,Electrique,Automatique,200,Euro 1,Bleu,Monospace,Italie,55000,43520.0
Peugeot,3008,2010,85710,2011-05-18,Hybride,Manuelle,130,Euro 1,Blanc,SUV,France,35000,19650.0
Peugeot,5008,2015,12477,2018-09-13,Diesel,Manuelle,150,Euro 5,Blanc,Monospace,Japon,42000,31320.0
Hyundai,Tucson,2021,47571,2023-06-21,Gaz,Manuelle,200,Euro 6,Bleu,Crossover,Japon,35000,33495.0
Kia,Ceed,2009,19389,2009-06-15,Diesel,Manuelle,90,Euro 3,Rouge,SUV,Allemagne,23000,12906.0
Ford,Fiesta,2018,93335,2021-03-19,Essence,Manuelle,90,Euro 5,Bleu,Berline,Italie,18000,13067.0
Tesla,Model 3,2012,227728,2015-08-16,Gaz,Manuelle,90,Euro 4,Rouge,Monospace,Espagne,45000,19908.0
Audi,Q5,2021,122520,2024-09-26,Gaz,Manuelle,110,Euro 6,Blanc,Monospace,Allemagne,65000,53404.0
Audi,A4,2024,218462,2027-03-04,Diesel,Manuelle,150,Euro 6,Bleu,Crossover,USA,48000,39105.0
Citroen,C4,2016,192216,2019-09-01,Diesel,Automatique,130,Euro 5,Gris,Break,France,24000,15561.0
Volkswagen,Passat,2017,49528,2019-10-30,Hybride,Automatique,150,Euro 1,Bleu,Crossover,Japon,36000,31875.0
Hyundai,i30,2006,114166,2006-03-14,Essence,Automatique,130,Euro 3,Blanc,Crossover,Japon,22000,8505.0
Citroen,C5 Aircross,2008,204286,2010-03-26,Essence,Manuelle,130,Euro 3,Blanc,Monospace,Allemagne,35000,11296.0
Peugeot,5008,2011,212767,2012-12-26,Diesel,Manuelle,150,Euro 4,Bleu,Break,Allemagne,42000,17400.0
Volkswagen,Tiguan,2016,61479,2017-12-24,Essence,Automatique,200,Euro 5,Blanc,Berline,Allemagne,40000,30100.0
Mercedes,Classe E,2016,100078,2016-09-26,Hybride,Automatique,90,Euro 1,Rouge,Break,Allemagne,75000,53394.0
Tesla,Model 3,2024,221863,2024-02-01,Gaz,Automatique,150,Euro 6,Blanc,Break,Allemagne,45000,39000.0
Volkswagen,Arteon,2012,178119,2015-10-02,Diesel,Automatique,150,Euro 4,Rouge,Monospace,Italie,48000,24205.0
Tesla,Model S,2020,54383,2023-09-01,Diesel,Automatique,110,Euro 6,Blanc,Berline,France,95000,81423.0
Dacia,Duster,2008,62045,2008-11-01,Diesel,Manuelle,130,Euro 3,Rouge,Berline,Allemagne,19900,9752.0
BMW,Serie 3,2012,124065,2013-01-29,Diesel,Manuelle,150,Euro 4,Bleu,SUV,USA,45000,24180.0
Citroen,C5 Aircross,2015,185575,2015-08-18,Hybride,Manuelle,110,Euro 1,Blanc,Berline,Japon,35000,21505.0
Hyundai,Tucson,2008,233382,2008-05-04,Diesel,Automatique,90,Euro 3,Bleu,Crossover,Japon,35000,10991.0
BMW,Serie 3,2024,30889,2025-05-20,Essence,Manuelle,150,Euro 6,Gris,Crossover,France,45000,44135.0
BMW,Serie 1,2014,13649,2017-10-13,Essence,Manuelle,150,Euro 4,Bleu,SUV,Espagne,35000,24495.0
Mercedes,Classe A,2016,139014,2016-02-04,Diesel,Automatique,200,Euro 5,Blanc,SUV,Italie,38000,26460.0
Hyundai,Tucson,2018,17511,2020-03-14,Diesel,Automatique,150,Euro 5,Noir,Break,Espagne,35000,31185.0
Kia,Rio,2012,31755,2014-10-26,Diesel,Automatique,130,Euro 4,Bleu,Monospace,Japon,18900,13542.0
Citroen,C4,2020,235731,2022-08-06,Diesel,Automatique,110,Euro 6,Noir,Crossover,France,24000,17615.0
Ford,Kuga,2007,38391,2007-09-08,Gaz,Manuelle,90,Euro 3,Bleu,Monospace,Espagne,34000,16744.0
Renault,Captur,2013,235960,2014-09-30,Hybride,Automatique,110,Euro 1,Rouge,Crossover,Allemagne,28000,15004.0
Volkswagen,Tiguan,2005,238045,2008-06-14,Diesel,Manuelle,110,Euro 3,Blanc,Crossover,Espagne,40000,8220.0
Mercedes,Classe A,2008,161161,2008-04-22,Diesel,Manuelle,150,Euro 3,Noir,Berline,Allemagne,38000,14220.0
Peugeot,5008,2018,192085,2018-01-19,Hybride,Automatique,110,Euro 1,Blanc,SUV,Allemagne,42000,30303.0
Peugeot,208,2007,189417,2010-09-22,Diesel,Automatique,90,Euro 3,Bleu,Berline,Italie,18000,6479.0
Peugeot,208,2016,172353,2018-10-14,Diesel,Manuelle,150,Euro 5,Blanc,Berline,France,18000,11505.0
Audi,A6,2022,237229,2025-12-10,Electrique,Automatique,130,Euro 1,Bleu,Berline,Allemagne,72000,57013.0
Hyundai,i20,2008,202603,2010-01-15,Diesel,Automatique,150,Euro 3,Gris,Crossover,Allemagne,19500,7360.0
Tesla,Model X,2022,149796,2023-03-20,Gaz,Manuelle,130,Euro 6,Bleu,Berline,Japon,120000,98240.0
Renault,Megane,2024,111465,2026-05-28,Diesel,Automatique,150,Euro 6,Blanc,Break,USA,25000,25365.0
Peugeot,308,2018,114352,2020-11-24,Hybride,Automatique,90,Euro 1,Bleu,Berline,USA,30000,25489.0
